{"type":"FeatureCollection","attribution":"© OpenStreetMap contributors","license":"ODbL-1.0 — https://www.openstreetmap.org/copyright","source":"https://overpass-api.de/api/interpreter","osm_base":"2026-10-06T11:29:01Z","bbox":[121.02,14.5535,121.0272,14.5592],"query":"[out:json][timeout:120];\n(\n  node(14.5535,121.02,14.5592,121.0272)(if:count_tags() > 0);\n  way(14.5535,121.02,14.5592,121.0272);\n  relation[\"type\"=\"multipolygon\"](14.5535,121.02,14.5592,121.0272);\n);\nout geom;","features":[
{"type":"Feature","properties":{"@id":"node/12072844","highway":"traffic_signals"},"geometry":{"type":"Point","coordinates":[121.0211634,14.5568774]}},
{"type":"Feature","properties":{"@id":"node/21717771","highway":"traffic_signals","wheelchair":"yes"},"geometry":{"type":"Point","coordinates":[121.0223954,14.5584534]}},
{"type":"Feature","properties":{"@id":"node/21717872","addr:city":"Makati","addr:street":"Makati Avenue","addr:street:corner":"Dela Rosa","email":"tours@ayalamuseum.org","name":"Ayala Museum","name:fil":"Mueseong Ayala","name:ja":"アヤラ博物館","note":"Japan Foundation POI","phone":"+63 2 759 8288","postal_code":"1228","tourism":"museum","wikidata":"Q2110963","wikimedia_commons":"Category:Ayala Museum","wikipedia":"en:Ayala Museum"},"geometry":{"type":"Point","coordinates":[121.0232447,14.5535834]}},
{"type":"Feature","properties":{"@id":"node/25033949","highway":"traffic_signals"},"geometry":{"type":"Point","coordinates":[121.024467,14.5547192]}},
{"type":"Feature","properties":{"@id":"node/27049501","highway":"traffic_signals"},"geometry":{"type":"Point","coordinates":[121.020478,14.555741]}},
{"type":"Feature","properties":{"@id":"node/27049644","highway":"traffic_signals"},"geometry":{"type":"Point","coordinates":[121.0243961,14.5545741]}},
{"type":"Feature","properties":{"@id":"node/27049779","highway":"traffic_signals"},"geometry":{"type":"Point","coordinates":[121.0242892,14.5546447]}},
{"type":"Feature","properties":{"@id":"node/43698972","highway":"traffic_signals"},"geometry":{"type":"Point","coordinates":[121.0263689,14.5584257]}},
{"type":"Feature","properties":{"@id":"node/43698975","highway":"traffic_signals"},"geometry":{"type":"Point","coordinates":[121.0262295,14.5583855]}},
{"type":"Feature","properties":{"@id":"node/43700344","highway":"traffic_signals"},"geometry":{"type":"Point","coordinates":[121.024367,14.5547889]}},
{"type":"Feature","properties":{"@id":"node/178143559","highway":"traffic_signals"},"geometry":{"type":"Point","coordinates":[121.0251197,14.5580676]}},
{"type":"Feature","properties":{"@id":"node/207011757","highway":"traffic_signals"},"geometry":{"type":"Point","coordinates":[121.0227395,14.5573553]}},
{"type":"Feature","properties":{"@id":"node/242418054","crossing":"uncontrolled","crossing:markings":"zebra","highway":"crossing","kerb":"lowered"},"geometry":{"type":"Point","coordinates":[121.0214805,14.5550169]}},
{"type":"Feature","properties":{"@id":"node/242422233","highway":"traffic_signals"},"geometry":{"type":"Point","coordinates":[121.0224088,14.5545055]}},
{"type":"Feature","properties":{"@id":"node/255050230","addr:city":"Makati","addr:floor":"G/F","addr:housename":"B.A. Lepanto","addr:housenumber":"8747","addr:street":"Paseo de Roxas","amenity":"bank","atm":"yes","branch":"Paseo de Roxas","brand":"RCBC","brand:wikidata":"Q7339070","level":"0","name":"RCBC","official_name":"Rizal Commercial Banking Corporation","opening_hours":"Sa,Su,PH off"},"geometry":{"type":"Point","coordinates":[121.0243357,14.5580425]}},
{"type":"Feature","properties":{"@id":"node/255054669","addr:city":"Makati","addr:floor":"G/F","addr:housename":"Paseo Center","addr:housenumber":"8757","addr:postcode":"1200","addr:street":"Paseo de Roxas","addr:street:corner":"Sedeño Street","air_conditioning":"yes","amenity":"fast_food","brand":"McDonald's","brand:wikidata":"Q38076","brand:wikipedia:es":"McDonald's","cuisine":"burger","delivery":"yes","drinking_straw":"paper","drinking_straw:colour":"white","drive_through":"no","indoor_seating":"yes","internet_access":"wlan","internet_access:captive_portal":"yes","internet_access:fee":"no","internet_access:operator":"Cisco Meraki","internet_access:operator:wikidata":"Q2745629","internet_access:registration":"yes","internet_access:registration:type":"accept_tou","internet_access:ssid":"McDonald's Free WiFi","level":"0","name":"McDonald's","name:ar":"مكدونالدز","name:en":"McDonald's","name:es":"McDonald's","name:ko":"디몰 맥도날드","name:ru":"Макдональдс","operator":"Golden Arches Development Corporation","outdoor_seating":"yes","power_supply":"no","ref:vatin":"PH00012124200767","service:electricity":"no","takeaway":"yes","wheelchair":"limited"},"geometry":{"type":"Point","coordinates":[121.0230641,14.5576382]}},
{"type":"Feature","properties":{"@id":"node/255056752","addr:city":"Makati","addr:housename":"Greenbelt Mansion","addr:housenumber":"106","addr:postcode":"1229","addr:street":"Perea Street","amenity":"bank","atm":"yes","branch":"Perea","name":"UnionBank"},"geometry":{"type":"Point","coordinates":[121.0206172,14.5547378]}},
{"type":"Feature","properties":{"@id":"node/255061938","addr2:street":"Dela Rosa Street","addr:city":"Makati","addr:floor":"6/F","addr:housename":"Ayala Museum","addr:street":"Makati Avenue","amenity":"library","internet_access":"wlan","level":"5","name":"Filipinas Heritage Library","opening_hours":"Tu-Sa 10:00-12:00, 13:00-18:00","website":"http://www.filipinaslibrary.org.ph"},"geometry":{"type":"Point","coordinates":[121.0231474,14.5536324]}},
{"type":"Feature","properties":{"@id":"node/255062467","addr:city":"Makati","addr:housename":"Robinsons Summit Center","addr:housenumber":"6783","addr:postcode":"1200","addr:street":"Ayala Avenue","brand":"Fitness First","brand:wikidata":"Q127120","leisure":"fitness_centre","name":"Fitness First"},"geometry":{"type":"Point","coordinates":[121.0206416,14.5575096]}},
{"type":"Feature","properties":{"@id":"node/255066051","addr:city":"Makati","addr:housename":"Robinsons Summit Center","addr:housenumber":"6783","addr:postcode":"1200","addr:street":"Ayala Avenue","amenity":"bank","atm":"yes","branch":"Makati Business Center","brand":"Landbank","brand:wikidata":"Q6483872","name":"Landbank"},"geometry":{"type":"Point","coordinates":[121.0206788,14.557424]}},
{"type":"Feature","properties":{"@id":"node/255066773","admin_level":"6","admin_type:PH":"highly_urbanized_city","alt_name":"Makati City","alt_name:en":"Makati City","name":"Makati","name:ar":"ماكاتي","name:azb":"ماکاتی","name:en":"Makati","name:es":"Macati","name:fa":"ماکاتی","name:ja":"マカティ","name:ko":"마카티","name:ks":"مکاتی","name:ru":"Макати","name:tl":"Makati","name:ur":"مکاتی","name:zh":"馬卡蒂","name:zh-Hant":"馬卡蒂","old_ref":"137602000","place":"city","population":"309770","population:date":"2024-07-01","ref":"1380300000","website":"https://www.makati.gov.ph/","wikidata":"Q1508","wikimedia_commons":"Category:Makati","wikipedia":"en:Makati"},"geometry":{"type":"Point","coordinates":[121.0211226,14.5567949]}},
{"type":"Feature","properties":{"@id":"node/255070087","addr:city":"Makati","addr:housename":"The Peninsula Manila","addr:postcode":"1226","addr:street":"Makati Avenue","addr:street:corner":"Ayala Avenue","amenity":"restaurant","cuisine":"international","name":"Escolta","opening_hours":"06:00-10:30,11:30-14:30,18:30-23:00","smoking":"no"},"geometry":{"type":"Point","coordinates":[121.0251829,14.555593]}},
{"type":"Feature","properties":{"@id":"node/255070314","addr:city":"Makati","addr:housename":"The Atrium of Makati","addr:postcode":"1226","addr:street":"Makati Avenue","amenity":"bank","atm":"yes","branch":"Makati Atrium","level":"0","name":"BPI"},"geometry":{"type":"Point","coordinates":[121.0262057,14.5575279]}},
{"type":"Feature","properties":{"@id":"node/255071132","addr:city":"Makati","addr:floor":"G/F","addr:housename":"BDO Paseo Tower","addr:postcode":"1200","alt_name":"Banco de Oro","amenity":"bank","atm":"yes","branch":"Paseo Tower – Makati","brand":"BDO","brand:wikidata":"Q4854129","level":"0","name":"BDO Private Bank"},"geometry":{"type":"Point","coordinates":[121.02375,14.5578109]}},
{"type":"Feature","properties":{"@id":"node/305123744","cycleway":"asl","highway":"traffic_signals"},"geometry":{"type":"Point","coordinates":[121.0215006,14.5566637]}},
{"type":"Feature","properties":{"@id":"node/316974315","highway":"traffic_signals"},"geometry":{"type":"Point","coordinates":[121.0210734,14.5567444]}},
{"type":"Feature","properties":{"@id":"node/345093283","addr:city":"Makati","addr:housename":"Antel Platinum Tower","addr:housenumber":"154","addr:postcode":"1227","addr:street":"Valero Street","alt_name":"Kentucky Fried Chicken","amenity":"fast_food","brand":"KFC","brand:wikidata":"Q524757","brand:wikipedia":"en:KFC","cuisine":"chicken","name":"KFC","takeaway":"yes"},"geometry":{"type":"Point","coordinates":[121.0240834,14.5590883]}},
{"type":"Feature","properties":{"@id":"node/354320744","highway":"traffic_signals"},"geometry":{"type":"Point","coordinates":[121.0214372,14.5536371]}},
{"type":"Feature","properties":{"@id":"node/354400133","entrance":"yes","wheelchair":"yes"},"geometry":{"type":"Point","coordinates":[121.0229672,14.5536909]}},
{"type":"Feature","properties":{"@id":"node/354400642","entrance":"yes","wheelchair":"yes"},"geometry":{"type":"Point","coordinates":[121.0228772,14.5537519]}},
{"type":"Feature","properties":{"@id":"node/371022063","highway":"traffic_signals"},"geometry":{"type":"Point","coordinates":[121.0261614,14.5582587]}},
{"type":"Feature","properties":{"@id":"node/371022096","highway":"traffic_signals"},"geometry":{"type":"Point","coordinates":[121.0212886,14.556799]}},
{"type":"Feature","properties":{"@id":"node/371022102","highway":"traffic_signals"},"geometry":{"type":"Point","coordinates":[121.0227765,14.5572353]}},
{"type":"Feature","properties":{"@id":"node/371022105","highway":"traffic_signals"},"geometry":{"type":"Point","coordinates":[121.0251573,14.557958]}},
{"type":"Feature","properties":{"@id":"node/419725026","addr:city":"Makati","addr:floor":"G/F","addr:housename":"Valero Carpark 2","addr:housenumber":"149","addr:postcode":"1227","addr:street":"Valero Street","brand":"Uncle John's","brand:facebook":"UncleJohnsPH","brand:instagram":"unclejohnsph","brand:website":"https://unclejohns.ph","brand:wikidata":"Q115917776","brand:wikipedia":"en:Uncle John's (store)","level":"0","name":"Uncle John's","name:en":"Uncle John's","old_name":"Ministop","opening_hours":"24/7","shop":"convenience"},"geometry":{"type":"Point","coordinates":[121.023193,14.5584737]}},
{"type":"Feature","properties":{"@id":"node/419725027","addr:city":"Makati","addr:floor":"G/F","addr:housename":"Valero Carpark 2","addr:housenumber":"149","addr:postcode":"1227","addr:street":"Valero Street","level":"0","name":"David's Salon","shop":"hairdresser"},"geometry":{"type":"Point","coordinates":[121.0232975,14.5585045]}},
{"type":"Feature","properties":{"@id":"node/419725028","addr:city":"Makati","addr:floor":"G/F","addr:housename":"Valero Carpark 2","addr:housenumber":"149","addr:postcode":"1227","addr:street":"Valero Street","contact:facebook":"https://www.facebook.com/profile.php?id=100095477444554","level":"0","name":"Cubby","shop":"laundry"},"geometry":{"type":"Point","coordinates":[121.0233411,14.5585166]}},
{"type":"Feature","properties":{"@id":"node/419725029","addr:city":"Makati","addr:floor":"G/F","addr:housename":"Valero Carpark 2","addr:housenumber":"149","addr:postcode":"1227","addr:street":"Valero Street","amenity":"fast_food","level":"0","name":"24 Chicken"},"geometry":{"type":"Point","coordinates":[121.0236031,14.5585947]}},
{"type":"Feature","properties":{"@id":"node/419725030","addr:city":"Makati","addr:housename":"Valero Carpark 2","addr:housenumber":"149","addr:postcode":"1227","addr:street":"Valero Street","amenity":"fast_food","cuisine":"regional","name":"Poochinis"},"geometry":{"type":"Point","coordinates":[121.0238144,14.558654]}},
{"type":"Feature","properties":{"@id":"node/419725031","addr:city":"Makati","addr:housename":"Valero Carpark 2","addr:housenumber":"149","addr:postcode":"1227","addr:street":"Valero Street","amenity":"fast_food","cuisine":"japanese","name":"Yoshinoya","takeaway":"yes"},"geometry":{"type":"Point","coordinates":[121.0239147,14.5586832]}},
{"type":"Feature","properties":{"@id":"node/419725035","addr:city":"Makati","addr:housename":"Valero Carpark 2","addr:housenumber":"149","addr:postcode":"1227","addr:street":"Valero Street","amenity":"pharmacy","brand":"Mercury Drug","brand:wikidata":"Q6818610","dispensing":"yes","healthcare":"pharmacy","name":"Mercury Drug","opening_hours":"07:00-20:00"},"geometry":{"type":"Point","coordinates":[121.0241749,14.5587634]}},
{"type":"Feature","properties":{"@id":"node/422933392","addr:city":"Makati","addr:housename":"Twin Cities Condominium","addr:housenumber":"110","addr:postcode":"1229","addr:street":"Legazpi Street","amenity":"bank","atm":"yes","branch":"Greenbelt","brand":"UnionBank","brand:website":"https://unionbankph.com/","brand:wikidata":"Q7885403","brand:wikipedia":"en:Union Bank of the Philippines","level":"0","name":"UnionBank","operator":"Union Bank of the Philippines"},"geometry":{"type":"Point","coordinates":[121.0218202,14.5538143]}},
{"type":"Feature","properties":{"@id":"node/433777141","addr:city":"Makati","addr:housename":"One Lafayette Square","addr:street":"Sedeño Street","addr:street:corner":"San Agustin","amenity":"restaurant","name":"Apartment 1B"},"geometry":{"type":"Point","coordinates":[121.0221964,14.5590095]}},
{"type":"Feature","properties":{"@id":"node/433794122","addr:city":"Makati","addr:housename":"LPL Center","addr:housenumber":"130","addr:postcode":"1227","addr:street":"L. P. Leviste Street","amenity":"restaurant","cuisine":"asian","name":"Cafe Alfonso"},"geometry":{"type":"Point","coordinates":[121.0218999,14.5591982]}},
{"type":"Feature","properties":{"@id":"node/433794129","addr:city":"Makati","addr:housename":"LPL Center","addr:housenumber":"130","addr:postcode":"1227","addr:street":"L. P. Leviste Street","amenity":"restaurant","name":"Gonzo Grill and Restaurant"},"geometry":{"type":"Point","coordinates":[121.0217971,14.5591836]}},
{"type":"Feature","properties":{"@id":"node/433794135","addr:city":"Makati","addr:housename":"LPL Center","addr:housenumber":"130","addr:postcode":"1227","addr:street":"L. P. Leviste Street","amenity":"bank","branch":"Alfaro","brand":"BPI","brand:wikidata":"Q2501256","name":"BPI","official_name":"Bank of the Philippine Islands","operator":"Bank of the Philippine Islands"},"geometry":{"type":"Point","coordinates":[121.0217043,14.5591793]}},
{"type":"Feature","properties":{"@id":"node/433794140","addr:city":"Makati","addr:housename":"Vernida 4","addr:housenumber":"128","addr:postcode":"1227","addr:street":"L. P. Leviste Street","amenity":"restaurant","cuisine":"chinese","name":"North Park"},"geometry":{"type":"Point","coordinates":[121.0215837,14.5591035]}},
{"type":"Feature","properties":{"@id":"node/433798883","addr:city":"Makati","addr:housename":"LPL Plaza","addr:housenumber":"124","addr:postcode":"1227","addr:street":"L. P. Leviste Street","amenity":"bank","atm":"yes","branch":"Salcedo","brand":"Security Bank","brand:wikidata":"Q7444945","name":"Security Bank"},"geometry":{"type":"Point","coordinates":[121.0212335,14.5591922]}},
{"type":"Feature","properties":{"@id":"node/441513746","addr:city":"Makati","amenity":"bank","branch":"Makati Avenue","brand":"Metrobank","brand:wikidata":"Q1925799","name":"Metrobank"},"geometry":{"type":"Point","coordinates":[121.0262238,14.5586946]}},
{"type":"Feature","properties":{"@id":"node/441513747","addr:city":"Makati","amenity":"bank","atm":"yes","branch":"The Enterprise Center","brand":"HSBC","brand:wikidata":"Q190464","name":"HSBC","postal_code":"1226","wheelchair":"yes"},"geometry":{"type":"Point","coordinates":[121.0211951,14.5563453]}},
{"type":"Feature","properties":{"@id":"node/449649995","was:amenity":"bank","was:name":"Citibank"},"geometry":{"type":"Point","coordinates":[121.0252002,14.5583848]}},
{"type":"Feature","properties":{"@id":"node/452416527","highway":"traffic_signals"},"geometry":{"type":"Point","coordinates":[121.0215071,14.5536367]}},
{"type":"Feature","properties":{"@id":"node/485501883","cycleway":"asl","highway":"traffic_signals"},"geometry":{"type":"Point","coordinates":[121.0209392,14.5568325]}},
{"type":"Feature","properties":{"@id":"node/493888237","addr:city":"Makati","addr:floor":"G/F","addr:housename":"Pearlbank Center","addr:housenumber":"146","addr:postcode":"1227","addr:street":"Valero Street","alt_name":"Banco de Oro","amenity":"bank","atm":"yes","branch":"Valero","brand":"BDO","brand:wikidata":"Q4854129","brand:wikipedia":"en:Banco de Oro","level":"0","name":"BDO","operator":"BDO Unibank"},"geometry":{"type":"Point","coordinates":[121.0233195,14.5588101]}},
{"type":"Feature","properties":{"@id":"node/495804564","addr:city":"Makati","addr:housename":"BDO Plaza","addr:postcode":"1226","addr:street":"Paseo de Roxas","alt_name":"Banco de Oro","amenity":"bank","atm":"yes","branch":"Paseo de Roxas","brand":"BDO","brand:wikidata":"Q4854129","drive_through":"no","name":"BDO","operator":"BDO Unibank"},"geometry":{"type":"Point","coordinates":[121.0257234,14.558492]}},
{"type":"Feature","properties":{"@id":"node/618670463","noexit":"yes"},"geometry":{"type":"Point","coordinates":[121.0237553,14.554684]}},
{"type":"Feature","properties":{"@id":"node/619565096","crossing":"uncontrolled","crossing:island":"no","highway":"crossing"},"geometry":{"type":"Point","coordinates":[121.023468,14.5536559]}},
{"type":"Feature","properties":{"@id":"node/619565186","tourism":"artwork"},"geometry":{"type":"Point","coordinates":[121.0234284,14.5535004]}},
{"type":"Feature","properties":{"@id":"node/660551352","addr:city":"Makati","addr:floor":"G/F","addr:housename":"Ayala Tower One","addr:housenumber":"6767","addr:postcode":"1226","addr:street":"Ayala Avenue","addr:street:corner":"Paseo de Roxas","addr:unit":"Unit B","alt_name":"Banco de Oro","amenity":"bank","atm":"yes","branch":"Ayala Triangle 1","brand":"BDO","brand:wikidata":"Q4854129","level":"0","name":"BDO","operator":"BDO Unibank"},"geometry":{"type":"Point","coordinates":[121.0223608,14.55645]}},
{"type":"Feature","properties":{"@id":"node/660551353","addr:city":"Makati","addr:floor":"G/F","addr:housename":"Ayala Tower One","addr:housenumber":"6767","addr:street":"Ayala Avenue","addr:street:corner":"Paseo de Roxas","amenity":"bank","atm":"yes","branch":"Ayala Triangle","brand":"BPI","brand:wikidata":"Q2501256","level":"0","name":"BPI","official_name":"Bank of the Philippine Islands"},"geometry":{"type":"Point","coordinates":[121.0224348,14.5564105]}},
{"type":"Feature","properties":{"@id":"node/660579288","addr:city":"Makati","addr:postcode":"1227","addr:street":"Valero Street","brand":"Uncle John's","brand:facebook":"UncleJohnsPH","brand:instagram":"unclejohnsph","brand:website":"https://unclejohns.ph","brand:wikidata":"Q115917776","brand:wikipedia":"en:Uncle John's (store)","name":"Uncle John's","name:en":"Uncle John's","old_name":"Ministop","shop":"convenience"},"geometry":{"type":"Point","coordinates":[121.0217318,14.5583876]}},
{"type":"Feature","properties":{"@id":"node/660579289","addr:city":"Makati","addr:postcode":"1227","addr:street":"Valero Street","amenity":"restaurant","name":"Chilli Pepper"},"geometry":{"type":"Point","coordinates":[121.0216191,14.5583772]}},
{"type":"Feature","properties":{"@id":"node/664449986","addr:city":"Makati","addr:floor":"G/F","addr:housename":"Ponte Salcedo","addr:housenumber":"120","addr:street":"Valero Street","addr:unit":"Unit G2","amenity":"cafe","branch":"Valero","brand":"Seattle's Best Coffee","brand:wikidata":"Q766329","cuisine":"coffee_shop","level":"0","name":"Seattle's Best Coffee","takeaway":"yes"},"geometry":{"type":"Point","coordinates":[121.0200046,14.5591617]}},
{"type":"Feature","properties":{"@id":"node/664509253","addr:city":"Makati","addr:floor":"G/F","addr:housename":"Paseo Parkview Suites","addr:housenumber":"142","addr:street":"Valero Street","addr:street:corner":"Sedeño Street","brand":"7-Eleven","brand:wikidata":"Q259340","brand:wikipedia":"en:7-Eleven","level":"0","name":"7-Eleven","opening_hours":"24/7","shop":"convenience"},"geometry":{"type":"Point","coordinates":[121.0225708,14.5586386]}},
{"type":"Feature","properties":{"@id":"node/674091320","addr:city":"Makati","addr:floor":"G/F","addr:housename":"Allied Bank Center","addr:housenumber":"6754","addr:postcode":"1226","addr:street":"Ayala Avenue","amenity":"bank","atm":"yes","branch":"Makati Center","branch:type":"Makati-Allied Bank Center","brand":"PNB","brand:wikidata":"Q1657971","level":"0","name":"PNB","official_name":"Philippine National Bank","old_name":"Allied Bank","operator":"Philippine National Bank"},"geometry":{"type":"Point","coordinates":[121.0235158,14.5548495]}},
{"type":"Feature","properties":{"@id":"node/678987448","addr:city":"Makati","addr:floor":"G/F","addr:housename":"Pearlbank Center","addr:housenumber":"146","addr:postcode":"1227","addr:street":"Valero Street","amenity":"cafe","branch":"Pearl Bank Center-Valero","brand":"Starbucks","brand:wikidata":"Q37158","brand:wikipedia":"en:Starbucks","cuisine":"coffee_shop","internet_access":"wlan","level":"0","name":"Starbucks","official_name":"Starbucks Coffee","takeaway":"yes"},"geometry":{"type":"Point","coordinates":[121.0231934,14.5588036]}},
{"type":"Feature","properties":{"@id":"node/678987853","amenity":"restaurant","name":"Old Swiss Inn"},"geometry":{"type":"Point","coordinates":[121.0258682,14.556327]}},
{"type":"Feature","properties":{"@id":"node/678988410","historic":"memorial","memorial":"statue","name":"Gabriela Silang Monument","subject:wikidata":"Q464337","subject:wikipedia":"en:Gabriela Silang"},"geometry":{"type":"Point","coordinates":[121.0242945,14.5550126]}},
{"type":"Feature","properties":{"@id":"node/711529415","addr:city":"Makati","addr:housename":"PSBank Center","addr:housenumber":"777","addr:street":"Paseo de Roxas","addr:street:corner":"Sedeño","amenity":"bank","atm":"yes","brand":"PSBank","brand:wikidata":"Q7185203","name":"PSBank","wheelchair":"no"},"geometry":{"type":"Point","coordinates":[121.0225355,14.5574835]}},
{"type":"Feature","properties":{"@id":"node/711529418","addr:city":"Makati","addr:floor":"G/F","addr:housename":"88 Corporate Center","addr:housenumber":"141","addr:street":"Sedeño Street","addr:street:corner":"Valero Street","amenity":"bank","atm":"yes","branch":"Salcedo Village","brand":"BPI","brand:wikidata":"Q2501256","brand:wikipedia":"en:Bank of the Philippine Islands","level":"0","name":"BPI","official_name":"Bank of the Philippine Islands"},"geometry":{"type":"Point","coordinates":[121.0223291,14.5582164]}},
{"type":"Feature","properties":{"@id":"node/711529421","addr:housename":"Antel Platinum Tower","addr:housenumber":"154","addr:postcode":"1227","addr:street":"Valero Street","amenity":"bank","atm":"yes","brand":"UnionBank","brand:wikidata":"Q7885403","brand:wikipedia":"en:Unionbank (Philippines)","name":"UnionBank"},"geometry":{"type":"Point","coordinates":[121.0242498,14.5591141]}},
{"type":"Feature","properties":{"@id":"node/712101566","amenity":"fast_food","cuisine":"international","name":"Grub Shack"},"geometry":{"type":"Point","coordinates":[121.0216728,14.5583824]}},
{"type":"Feature","properties":{"@id":"node/746935647","addr:city":"Makati","addr:floor":"G/F","addr:housename":"Paseo Parkview Suites","addr:housenumber":"142","addr:street":"Valero Street","addr:street:corner":"Sedeño Street","amenity":"bank","atm":"yes","branch":"Valero","brand":"EastWest Unibank","brand:wikidata":"Q5327595","brand:wikipedia":"en:EastWest Bank","drive_through":"no","level":"0","name":"EastWest Unibank"},"geometry":{"type":"Point","coordinates":[121.0229956,14.5587704]}},
{"type":"Feature","properties":{"@id":"node/862703202","addr:city":"Makati","addr:floor":"G/F","addr:housename":"STI Holdings Center","addr:housenumber":"6764","addr:street":"Ayala Avenue","amenity":"bank","atm":"yes","branch":"Ayala","brand":"Bank of Commerce","brand:wikidata":"Q4856092","level":"0","name":"Bank of Commerce"},"geometry":{"type":"Point","coordinates":[121.0215654,14.5562455]}},
{"type":"Feature","properties":{"@id":"node/935236573","crossing":"no"},"geometry":{"type":"Point","coordinates":[121.0213663,14.5536354]}},
{"type":"Feature","properties":{"@id":"node/950657460","addr:city":"Makati","addr:housename":"China Bank Building","addr:housenumber":"8745","addr:street":"Paseo de Roxas","addr:street:corner":"Villar","amenity":"cafe","brand":"Starbucks","brand:wikidata":"Q37158","cuisine":"coffee_shop","name":"Starbucks","official_name":"Starbucks Coffee","takeaway":"yes"},"geometry":{"type":"Point","coordinates":[121.0248577,14.5584398]}},
{"type":"Feature","properties":{"@id":"node/955605057","addr:city":"Makati","addr:street":"Paseo de Roxas","amenity":"cafe","name":"Starbucks"},"geometry":{"type":"Point","coordinates":[121.0233626,14.5577148]}},
{"type":"Feature","properties":{"@id":"node/990984192","addr:city":"Makati","addr:floor":"G/F","addr:housename":"Paseo Parkview Suites","addr:street":"Valero Street","addr:street:corner":"Sedeño","amenity":"restaurant","level":"0","name":"Bowler Restaurant"},"geometry":{"type":"Point","coordinates":[121.0225467,14.5586919]}},
{"type":"Feature","properties":{"@id":"node/1000831187","addr:city":"Makati","addr:housename":"Makati Stock Exchange Building","addr:street":"Ayala Avenue","amenity":"cafe","branch":"Makati Stock Exchange","brand":"Starbucks","brand:wikidata":"Q37158","cuisine":"coffee_shop","name":"Starbucks","official_name":"Starbucks Coffee","takeaway":"yes"},"geometry":{"type":"Point","coordinates":[121.0233873,14.555762]}},
{"type":"Feature","properties":{"@id":"node/1000832037","addr:city":"Makati","addr:housename":"Asian Mansion II","addr:housenumber":"107","addr:street":"Dela Rosa Street","addr:street:corner":"Nieva","brand":"7-Eleven","brand:wikidata":"Q259340","brand:wikipedia":"en:7-Eleven","check_date":"2025-12-08","name":"7-Eleven","opening_hours":"24/7","shop":"convenience"},"geometry":{"type":"Point","coordinates":[121.021065,14.555214]}},
{"type":"Feature","properties":{"@id":"node/1000832606","addr:city":"Makati","addr:floor":"G/F","addr:housename":"The Valero Tower","addr:housenumber":"139","addr:street":"Valero Street","amenity":"restaurant","brand":"Shakey's","brand:wikidata":"Q6134929","brand:wikipedia":"en:Shakey's Pizza","cuisine":"pizza","level":"0","name":"Shakey's"},"geometry":{"type":"Point","coordinates":[121.0220942,14.5582096]}},
{"type":"Feature","properties":{"@id":"node/1013373937","amenity":"cafe","cuisine":"coffee_shop"},"geometry":{"type":"Point","coordinates":[121.0240342,14.5563528]}},
{"type":"Feature","properties":{"@id":"node/1013373940","shop":"vacant"},"geometry":{"type":"Point","coordinates":[121.0237645,14.5564888]}},
{"type":"Feature","properties":{"@id":"node/1068757281","addr:city":"Makati","addr:place":"Ayala Triangle Gardens","air_conditioning":"yes","alt_name":"Manam at the Triangle","amenity":"restaurant","award:michelin":"bib_gourmand","award:michelin:url":"https://guide.michelin.com/ph/en/metro-manila/makati-city_2329358/restaurant/manam-at-the-triangle","brand":"Manam","contact:facebook":"ManamATG","contact:instagram":"manam.triangle","cuisine":"filipino","delivery":"yes","diet:pescetarian":"yes","diet:vegan":"yes","diet:vegetarian":"yes","name":"Manam","official_name":"Manam Comfort Filipino","operator":"The Moment Group","phone":"+63 967 190 4721"},"geometry":{"type":"Point","coordinates":[121.024239,14.5562695]}},
{"type":"Feature","properties":{"@id":"node/1068757283","shop":"vacant"},"geometry":{"type":"Point","coordinates":[121.0238211,14.5564655]}},
{"type":"Feature","properties":{"@id":"node/1068757285","addr:city":"Makati","addr:place":"Ayala Triangle Gardens","amenity":"cafe","contact:facebook":"greyhoundcafephilippines","contact:instagram":"greyhoundcafe.ph","cuisine":"coffee_shop","name":"Greyhound Café","website":"https://greyhoundcafe.com.ph"},"geometry":{"type":"Point","coordinates":[121.0243349,14.556217]}},
{"type":"Feature","properties":{"@id":"node/1068757286","shop":"vacant"},"geometry":{"type":"Point","coordinates":[121.024105,14.5563164]}},
{"type":"Feature","properties":{"@id":"node/1068757291","shop":"vacant"},"geometry":{"type":"Point","coordinates":[121.0239607,14.5563935]}},
{"type":"Feature","properties":{"@id":"node/1068757292","addr:city":"Makati","addr:housename":"Ayala Triangle Gardens","addr:street":"Makati Avenue","amenity":"cafe","contact:facebook":"commonmancoffeeph","contact:instagram":"commonmancoffee_ph","email":"info@cmcroasters.com","name":"Common Man Coffee Roasters","opening_hours":"07:00-22:00","outdoor_seating":"yes","phone":"+63 927 139 5304","website":"https://commonmancoffeeroasters.com.ph"},"geometry":{"type":"Point","coordinates":[121.0235931,14.5565372]}},
{"type":"Feature","properties":{"@id":"node/1068757293","shop":"vacant"},"geometry":{"type":"Point","coordinates":[121.0238775,14.5564406]}},
{"type":"Feature","properties":{"@id":"node/1068787132","addr:city":"Makati","addr:street":"Ayala Avenue","addr:street:corner":"Paseo de Roxas","historic":"memorial","memorial":"statue","name":"Ninoy Aquino Monument","subject:wikidata":"Q222805","subject:wikipedia":"en:Ninoy Aquino"},"geometry":{"type":"Point","coordinates":[121.0215478,14.5567671]}},
{"type":"Feature","properties":{"@id":"node/1068787133","addr:city":"Makati","addr:street":"Paseo de Roxas","addr:street:corner":"Makati Avenue","historic":"memorial","name":"Gen. Pio del Pilar Statue"},"geometry":{"type":"Point","coordinates":[121.0265426,14.5585669]}},
{"type":"Feature","properties":{"@id":"node/1068787134","addr:city":"Makati","addr:street":"Paseo de Roxas","addr:street:corner":"Makati Avenue","artist_name":"Jose M. Mendoza","historic":"memorial","memorial":"statue","name":"Sultan Kudarat Monument","start_date":"1973","subject:wikidata":"Q1668453","subject:wikipedia":"en:Muhammad Kudarat"},"geometry":{"type":"Point","coordinates":[121.0259185,14.5580467]}},
{"type":"Feature","properties":{"@id":"node/1068787135","addr:city":"Makati","addr:street":"Paseo de Roxas","name":"7-Eleven","opening_hours":"24/7","shop":"convenience"},"geometry":{"type":"Point","coordinates":[121.0232664,14.5576958]}},
{"type":"Feature","properties":{"@id":"node/1071839619","addr2:street":"Paseo de Roxas","addr:city":"Makati","addr:floor":"8/F","addr:housename":"Ayala Tower One","addr:housenumber":"6767","addr:postcode":"1226","addr:street":"Ayala Avenue","air_conditioning":"yes","amenity":"bank","atm":"no","branch":"Ayala","brand":"CTBC Bank","brand:wikidata":"Q5100191","drive_through":"no","level":"7","name":"CTBC Bank","opening_hours":"Mo-Fr 09:00-16:00"},"geometry":{"type":"Point","coordinates":[121.0223833,14.5566004]}},
{"type":"Feature","properties":{"@id":"node/1071839626","crossing":"uncontrolled","highway":"crossing"},"geometry":{"type":"Point","coordinates":[121.0228575,14.5557843]}},
{"type":"Feature","properties":{"@id":"node/1110136388","addr:city":"Makati","addr:full":"2/F 88 Corporate Plaza 88 Sedeno St. cor. Valero St., Salcedo Village Makati, Metro Manila, Philippines","amenity":"restaurant","name":"Tsumura Sushi Bar and Restaurant"},"geometry":{"type":"Point","coordinates":[121.0223568,14.5581794]}},
{"type":"Feature","properties":{"@id":"node/1110139317","addr:city":"Makati","addr:floor":"G/F","addr:housename":"Paseo Parkview Suites","addr:street":"Valero Street","addr:street:corner":"Sedeño","amenity":"restaurant","level":"0","name":"La Cuisine Francaise"},"geometry":{"type":"Point","coordinates":[121.0225285,14.558768]}},
{"type":"Feature","properties":{"@id":"node/1134951766","amenity":"restaurant","name":"Reyes Barbeque"},"geometry":{"type":"Point","coordinates":[121.0229829,14.5577881]}},
{"type":"Feature","properties":{"@id":"node/1134951770","addr:city":"Makati","addr:housename":"Valero Carpark 2","addr:housenumber":"149","addr:postcode":"1227","addr:street":"Valero Street","amenity":"restaurant","brand":"Max's Restaurant","brand:wikidata":"Q6794477","cuisine":"asian","name":"Max's Restaurant"},"geometry":{"type":"Point","coordinates":[121.0240204,14.5587127]}},
{"type":"Feature","properties":{"@id":"node/1134951772","addr:housename":"Equitable Bank Tower","amenity":"restaurant","cuisine":"asian","name":"Dell's Foodhall","opening_hours":"Mo-Th 09:00-12:00; Fr 09:00-11:00"},"geometry":{"type":"Point","coordinates":[121.0238581,14.5578358]}},
{"type":"Feature","properties":{"@id":"node/1134951780","alt_name":"Phở Hoà","alt_name:en":"Pho Hoa","alt_name:vi":"Phở Hoà","amenity":"restaurant","brand":"Phở Hòa","brand:wikidata":"Q55629932","cuisine":"vietnamese;noodle","name":"Phở Hòa","name:vi":"Phở Hòa"},"geometry":{"type":"Point","coordinates":[121.0229454,14.557866]}},
{"type":"Feature","properties":{"@id":"node/1134951782","addr:city":"Makati","addr:floor":"G/F","addr:housename":"China Bank Building","addr:housenumber":"8745","addr:street":"Paseo de Roxas","addr:street:corner":"Villar Street","air_conditioning":"yes","amenity":"bank","atm":"yes","branch":"Makati Main","brand":"Chinabank","brand:wikidata":"Q5100080","drive_through":"no","level":"0","name":"Chinabank","phone":"+63 2 8885 5555"},"geometry":{"type":"Point","coordinates":[121.0248676,14.5582252]}},
{"type":"Feature","properties":{"@id":"node/1134951788","addr:city":"Makati","addr:floor":"2/F","addr:housename":"Paseo Center","addr:housenumber":"8757","addr:street":"Paseo de Roxas","addr:street:corner":"Sedeño","amenity":"restaurant","cuisine":"chicken","level":"1","name":"Bacolod Chicken Inasal"},"geometry":{"type":"Point","coordinates":[121.0229778,14.5576129]}},
{"type":"Feature","properties":{"@id":"node/1134951794","addr:housename":"B.A. Lepanto","amenity":"restaurant","name":"Galleon Food Gallery"},"geometry":{"type":"Point","coordinates":[121.024267,14.5582714]}},
{"type":"Feature","properties":{"@id":"node/1134951797","addr:city":"Makati","addr:floor":"G/F","addr:housename":"Valero Carpark 2","addr:housenumber":"149","addr:street":"Valero Street","level":"0","name":"Pan de Manila","shop":"bakery"},"geometry":{"type":"Point","coordinates":[121.0234766,14.5585568]}},
{"type":"Feature","properties":{"@id":"node/1134951800","addr:city":"Makati","addr:housename":"Valero Carpark 2","addr:housenumber":"149","addr:street":"Valero Street","amenity":"post_office","official_name":"Philippine Postal Corporation","operator":"PHLPost","operator:wikidata":"Q1406037","ref":"Bel-Air Post Office"},"geometry":{"type":"Point","coordinates":[121.0235051,14.5585914]}},
{"type":"Feature","properties":{"@id":"node/1134951802","addr:city":"Makati","addr:housename":"Valero Carpark 2","addr:housenumber":"149","addr:street":"Valero Street","amenity":"restaurant","cuisine":"asian","name":"Good Mixes"},"geometry":{"type":"Point","coordinates":[121.0239425,14.5584839]}},
{"type":"Feature","properties":{"@id":"node/1134951806","addr:housename":"Centrum II","addr:housenumber":"150","addr:postcode":"1227","addr:street":"Valero Street","amenity":"fast_food","name":"The Galley"},"geometry":{"type":"Point","coordinates":[121.0236158,14.5589408]}},
{"type":"Feature","properties":{"@id":"node/1135423043","addr:city":"Makati","addr:housename":"Valero Carpark 2","addr:housenumber":"149","addr:postcode":"1227","addr:street":"Valero Street","amenity":"cafe","cuisine":"coffee_shop","name":"Krispy Kreme","wifi":"free"},"geometry":{"type":"Point","coordinates":[121.0241097,14.558742]}},
{"type":"Feature","properties":{"@id":"node/1145089941","amenity":"restaurant","cuisine":"international","name":"Top of the Citi"},"geometry":{"type":"Point","coordinates":[121.0251115,14.558974]}},
{"type":"Feature","properties":{"@id":"node/1236990287","addr:city":"Makati","addr:floor":"G/F","addr:housename":"Paseo Parkview Suites","addr:street":"Valero Street","addr:street:corner":"Sedeño","amenity":"bar","level":"0","name":"Bugsy's"},"geometry":{"type":"Point","coordinates":[121.0225031,14.5588611]}},
{"type":"Feature","properties":{"@id":"node/1236990290","addr:city":"Makati","addr:floor":"G/F","addr:housename":"Paseo Parkview Suites","addr:housenumber":"142","addr:street":"Valero Street","addr:street:corner":"Sedeño Street","amenity":"cafe","contact:facebook":"ToshChikosValero","cuisine":"coffee","level":"0","name":"TOSH Café"},"geometry":{"type":"Point","coordinates":[121.0230774,14.5587964]}},
{"type":"Feature","properties":{"@id":"node/1249465747","highway":"traffic_signals"},"geometry":{"type":"Point","coordinates":[121.0263032,14.5582998]}},
{"type":"Feature","properties":{"@id":"node/1317298005","addr:city":"Makati","addr:floor":"G/F","addr:housename":"Dela Rosa Carpark 1","addr:street":"Dela Rosa Street","amenity":"restaurant","cuisine":"filipino","level":"0","name":"Tapa King"},"geometry":{"type":"Point","coordinates":[121.0213355,14.5555319]}},
{"type":"Feature","properties":{"@id":"node/1400646514","addr:housename":"Philamlife Tower","addr:street":"Paseo de Roxas","amenity":"restaurant","name":"Tower Club"},"geometry":{"type":"Point","coordinates":[121.0218795,14.5573855]}},
{"type":"Feature","properties":{"@id":"node/1400646522","addr:housename":"Centrum II","addr:housenumber":"150","addr:postcode":"1227","addr:street":"Valero Street","amenity":"cafe","cuisine":"sandwich","name":"Army Navy"},"geometry":{"type":"Point","coordinates":[121.0237355,14.5589769]}},
{"type":"Feature","properties":{"@id":"node/1400646525","addr:city":"Makati","addr:floor":"G/F","addr:housename":"Paseo Center","addr:housenumber":"8757","addr:street":"Paseo de Roxas","addr:street:corner":"Sedeño","alt_name":"J.Co Donuts and Coffee","amenity":"fast_food","brand":"J.Co Donuts'","brand:wikidata":"Q4260444","cuisine":"donut;coffee_shop","level":"0","name":"J.Co","takeaway":"yes"},"geometry":{"type":"Point","coordinates":[121.022808,14.5577662]}},
{"type":"Feature","properties":{"@id":"node/1406177352","highway":"traffic_signals"},"geometry":{"type":"Point","coordinates":[121.0204022,14.5557907]}},
{"type":"Feature","properties":{"@id":"node/1406177355","highway":"traffic_signals"},"geometry":{"type":"Point","coordinates":[121.0211467,14.5566963]}},
{"type":"Feature","properties":{"@id":"node/1534957519","addr:housenumber":"6752","addr:street":"Ayala Avenue","amenity":"restaurant","cuisine":"international","name":"Sala","website":"https://www.salarestaurant.com/"},"geometry":{"type":"Point","coordinates":[121.0238127,14.5543732]}},
{"type":"Feature","properties":{"@id":"node/1602094646","addr:city":"Makati","addr:housename":"The Charter House","addr:housenumber":"114","addr:postcode":"1229","addr:street":"Legazpi Street","amenity":"bank","branch":"Greenbelt","brand":"PNB","brand:website":"https://www.pnb.com.ph/","brand:wikidata":"Q1657971","brand:wikipedia":"en:Philippine National Bank","level":"0","name":"PNB","name:en":"PNB","name:zh":"菲律賓國家銀行","official_name":"Philippine National Bank","old_name":"Allied Bank","operator":"Philippine National Bank"},"geometry":{"type":"Point","coordinates":[121.0213011,14.5537421]}},
{"type":"Feature","properties":{"@id":"node/1602094660","addr:city":"Makati","addr:housename":"Asian Mansion II","addr:housenumber":"107","addr:postcode":"1229","addr:street":"Dela Rosa Street","addr:street:corner":"Nieva","amenity":"bank","atm":"yes","branch":"Nieva","brand":"Security Bank","brand:wikidata":"Q7444945","brand:wikipedia":"en:Security Bank","name":"Security Bank"},"geometry":{"type":"Point","coordinates":[121.0211787,14.5551341]}},
{"type":"Feature","properties":{"@id":"node/1602094665","addr:city":"Makati","addr:housename":"Prince Plaza II","addr:street":"Legazpi Street","brand":"Uncle John's","brand:facebook":"UncleJohnsPH","brand:instagram":"unclejohnsph","brand:website":"https://unclejohns.ph","brand:wikidata":"Q115917776","brand:wikipedia":"en:Uncle John's (store)","name":"Uncle John's","name:en":"Uncle John's","old_name":"Ministop","opening_hours":"24/7","shop":"convenience"},"geometry":{"type":"Point","coordinates":[121.0225093,14.5540053]}},
{"type":"Feature","properties":{"@id":"node/1602094669","addr:city":"Makati","addr:floor":"G/F","addr:housename":"Asian Mansion II","addr:housenumber":"107","addr:street":"Dela Rosa Street","addr:unit":"9","amenity":"fast_food","brand:wikidata":"Q244457","cuisine":"sandwich","level":"0","name":"Subway","takeaway":"yes"},"geometry":{"type":"Point","coordinates":[121.0224831,14.5542833]}},
{"type":"Feature","properties":{"@id":"node/1602094680","addr2:street":"Perea Street","addr:city":"Makati","addr:floor":"G/F","addr:housename":"Tropical Palms Condominium","addr:housenumber":"103","addr:street":"Dela Rosa Street","addr:unit":"104","amenity":"restaurant","diet:vegetarian":"limited","level":"0","name":"Mom & Tina's","opening_hours":"Mo-Su 07:00-22:00"},"geometry":{"type":"Point","coordinates":[121.0220159,14.5545695]}},
{"type":"Feature","properties":{"@id":"node/1602094684","addr:city":"Makati","addr:housename":"Asian Mansion II","addr:housenumber":"107","addr:postcode":"1229","addr:street":"Dela Rosa Street","amenity":"bank","atm":"yes","branch":"Dela Rosa","brand":"UCPB","brand:wikidata":"Q7887615","brand:wikipedia":"en:United Coconut Planters Bank","name":"UCPB"},"geometry":{"type":"Point","coordinates":[121.020898,14.5552993]}},
{"type":"Feature","properties":{"@id":"node/1602094688","addr:city":"Makati","addr:floor":"G/F","addr:housename":"BSA Tower","addr:housenumber":"108","addr:postcode":"1229","addr:street":"Legazpi Street","brand":"7-Eleven","brand:website":"https://www.7-eleven.com.ph/","brand:wikidata":"Q259340","brand:wikipedia":"en:7-Eleven","brand:wikipedia:es":"7-Eleven","device_charging":"yes","device_charging:capacity":"3","device_charging:fee":"yes","internet_access":"wlan","level":"0","name":"7-Eleven","name:ar":"7-إلفن","name:en":"7-Eleven","name:es":"7-Eleven","name:ja":"Sebun-Irebun","name:ja-Hira":"せぶん-いれぶん","name:ja-Latn":"Sebun-Irebun","opening_hours":"24/7","payment:cash":"yes","shop":"convenience"},"geometry":{"type":"Point","coordinates":[121.0221489,14.5539075]}},
{"type":"Feature","properties":{"@id":"node/1602094698","addr2:street":"Dela Rosa Street","addr:city":"Makati","addr:housename":"Prince Plaza II","addr:street":"Legazpi Street","amenity":"restaurant","cuisine":"mediterranean","name":"Persia Grill"},"geometry":{"type":"Point","coordinates":[121.0226332,14.5540723]}},
{"type":"Feature","properties":{"@id":"node/1660746532","addr:street":"Paseo de Roxas","brand":"Uncle John's","brand:facebook":"UncleJohnsPH","brand:instagram":"unclejohnsph","brand:website":"https://unclejohns.ph","brand:wikidata":"Q115917776","brand:wikipedia":"en:Uncle John's (store)","name":"Uncle John's","name:en":"Uncle John's","old_name":"Ministop","shop":"convenience"},"geometry":{"type":"Point","coordinates":[121.0259842,14.5584775]}},
{"type":"Feature","properties":{"@id":"node/1681138753","addr:housename":"Liroville Apartments","amenity":"kindergarten","name":"Apple Seed Montessori"},"geometry":{"type":"Point","coordinates":[121.0223884,14.5591767]}},
{"type":"Feature","properties":{"@id":"node/1681364528","amenity":"restaurant","cuisine":"asian","name":"XO 46 Bistro Filipino"},"geometry":{"type":"Point","coordinates":[121.02108,14.5585018]}},
{"type":"Feature","properties":{"@id":"node/1689432533","addr:city":"Makati","addr:floor":"G/F","addr:housename":"Dela Rosa Carpark 1","addr:street":"Dela Rosa Street","amenity":"fast_food","cuisine":"filipino","level":"0","name":"Adobo Connection"},"geometry":{"type":"Point","coordinates":[121.0218031,14.5550892]}},
{"type":"Feature","properties":{"@id":"node/1689432545","addr:city":"Makati","addr:housename":"L.V. Locsin Building","addr:housenumber":"6752","addr:postcode":"1226","addr:street":"Ayala Avenue","addr:street:corner":"Makati Avenue","alt_name":"Banco de Oro","amenity":"bank","atm":"yes","branch":"Makati Avenue - Ayala","brand":"BDO","brand:wikidata":"Q4854129","name":"BDO","operator":"BDO Unibank"},"geometry":{"type":"Point","coordinates":[121.0239537,14.5546447]}},
{"type":"Feature","properties":{"@id":"node/1689432550","amenity":"atm","name":"BPI"},"geometry":{"type":"Point","coordinates":[121.0203531,14.5552035]}},
{"type":"Feature","properties":{"@id":"node/1689432553","addr:city":"Makati","addr:housename":"SGV II","addr:housenumber":"6758","addr:street":"Ayala Avenue","amenity":"bank","atm":"yes","branch":"Ayala Avenue SGV","name":"BPI"},"geometry":{"type":"Point","coordinates":[121.022636,14.555542]}},
{"type":"Feature","properties":{"@id":"node/1689432570","addr:city":"Makati","addr:housename":"BPI Family Bank Center","addr:housenumber":"102","addr:street":"Paseo de Roxas","addr:street:corner":"Nieva","amenity":"cafe","name":"Figaro","wheelchair":"no"},"geometry":{"type":"Point","coordinates":[121.0203729,14.5553852]}},
{"type":"Feature","properties":{"@id":"node/1689432571","addr:city":"Makati","addr:floor":"G/F","addr:housename":"Dela Rosa Carpark 1","addr:street":"Dela Rosa Street","amenity":"fast_food","cuisine":"filipino","level":"0","name":"Bagsik Bagnet"},"geometry":{"type":"Point","coordinates":[121.022433,14.5546933]}},
{"type":"Feature","properties":{"@id":"node/1689432577","addr:city":"Makati","addr:floor":"G/F","addr:housename":"Dela Rosa Carpark 1","addr:street":"Dela Rosa Street","amenity":"restaurant","level":"0","name":"Ineng's Special BBQ"},"geometry":{"type":"Point","coordinates":[121.0223052,14.5547844]}},
{"type":"Feature","properties":{"@id":"node/1689432579","addr:city":"Makati","addr:floor":"G/F","addr:housename":"STI Holdings Center","addr:housenumber":"6764","addr:street":"Ayala Avenue","amenity":"fast_food","brand":"Jollibee","brand:wikidata":"Q37614","cuisine":"burger","drive_through":"no","level":"0","name":"Jollibee","takeaway":"yes"},"geometry":{"type":"Point","coordinates":[121.0217991,14.5560391]}},
{"type":"Feature","properties":{"@id":"node/1689432584","addr:city":"Makati","addr:floor":"G/F","addr:housename":"Dela Rosa Carpark 1","addr:street":"Dela Rosa Street","amenity":"restaurant","level":"0","name":"Chopstop"},"geometry":{"type":"Point","coordinates":[121.0218868,14.5550384]}},
{"type":"Feature","properties":{"@id":"node/1689432589","addr:city":"Makati","addr:housename":"Century Plaza","addr:housenumber":"120","addr:postcode":"1229","addr:street":"Perea Street","amenity":"bank","atm":"yes","branch":"Perea-Gallardo","name":"Metrobank"},"geometry":{"type":"Point","coordinates":[121.0209625,14.5544242]}},
{"type":"Feature","properties":{"@id":"node/1689432590","addr:city":"Makati","addr:housename":"Sunrise Terrace Apartments","addr:housenumber":"100","addr:street":"Perea Street","brand":"Uncle John's","brand:facebook":"UncleJohnsPH","brand:instagram":"unclejohnsph","brand:website":"https://unclejohns.ph","brand:wikidata":"Q115917776","brand:wikipedia":"en:Uncle John's (store)","name":"Uncle John's","name:en":"Uncle John's","old_name":"Ministop","opening_hours":"24/7","shop":"convenience"},"geometry":{"type":"Point","coordinates":[121.0215545,14.5544509]}},
{"type":"Feature","properties":{"@id":"node/1689432600","addr:city":"Makati","addr:floor":"G/F","addr:housename":"Dela Rosa Carpark 1","addr:street":"Dela Rosa Street","amenity":"restaurant","level":"0","name":"Pancake House"},"geometry":{"type":"Point","coordinates":[121.0222215,14.5548352]}},
{"type":"Feature","properties":{"@id":"node/1689432604","addr:city":"Makati","addr:floor":"G/F","addr:housename":"Noble Square","addr:housenumber":"6762","addr:postcode":"1226","addr:street":"Ayala Avenue","amenity":"bank","branch":"Ayala Avenue","brand":"Chinabank","brand:wikidata":"Q5100080","level":"0","name":"Chinabank"},"geometry":{"type":"Point","coordinates":[121.0221783,14.5558083]}},
{"type":"Feature","properties":{"@id":"node/1689432615","addr2:street":"Perea Street","addr:city":"Makati","addr:floor":"G/F","addr:housename":"Tropical Palms Condominium","addr:housenumber":"103","addr:street":"Dela Rosa Street","amenity":"restaurant","level":"0","name":"Piggy Wiggy"},"geometry":{"type":"Point","coordinates":[121.0218322,14.5544885]}},
{"type":"Feature","properties":{"@id":"node/1689432624","addr:city":"Makati","addr:floor":"G/F","addr:housename":"Dela Rosa Carpark 1","addr:street":"Dela Rosa Street","amenity":"fast_food","cuisine":"pizza","level":"0","name":"Pizza Niro"},"geometry":{"type":"Point","coordinates":[121.0223788,14.5547156]}},
{"type":"Feature","properties":{"@id":"node/1689432633","addr:city":"Makati","addr:housename":"Mayfair Mansion","addr:housenumber":"116","addr:postcode":"1229","addr:street":"Perea Street","amenity":"cafe","name":"Local Edition","source":"survey"},"geometry":{"type":"Point","coordinates":[121.0203537,14.5544968]}},
{"type":"Feature","properties":{"@id":"node/1689432650","addr:city":"Makati","addr:floor":"G/F","addr:housename":"Dela Rosa Carpark 1","addr:street":"Dela Rosa Street","amenity":"restaurant","cuisine":"chinese","level":"0","name":"Hap Chan"},"geometry":{"type":"Point","coordinates":[121.0220541,14.5549368]}},
{"type":"Feature","properties":{"@id":"node/1689432656","addr:city":"Makati","addr:housename":"Mayfair Mansion","addr:housenumber":"116","addr:postcode":"1229","addr:street":"Perea Street","amenity":"restaurant","name":"Fresh Choice","source":"survey"},"geometry":{"type":"Point","coordinates":[121.0202416,14.5545353]}},
{"type":"Feature","properties":{"@id":"node/1689432679","addr:city":"Makati","addr:housename":"Greenbelt Mansion","addr:housenumber":"106","addr:postcode":"1229","addr:street":"Perea Street","amenity":"restaurant","cuisine":"filipino","name":"Bistro Pamana"},"geometry":{"type":"Point","coordinates":[121.0205065,14.5547552]}},
{"type":"Feature","properties":{"@id":"node/1689432734","entrance":"yes","wheelchair":"yes"},"geometry":{"type":"Point","coordinates":[121.02239,14.554629]}},
{"type":"Feature","properties":{"@id":"node/1740332888","addr:city":"Makati","addr:housename":"Greenbelt Mansion","addr:housenumber":"106","addr:street":"Perea Street","leisure":"spa","name":"Lotus Spa"},"geometry":{"type":"Point","coordinates":[121.0208271,14.5547672]}},
{"type":"Feature","properties":{"@id":"node/1750310908","addr:city":"Makati","addr:floor":"G/F","addr:housename":"Allied Bank Center","addr:housenumber":"6754","addr:street":"Ayala Avenue","amenity":"bank","atm":"yes","branch":"Ayala","level":"0","name":"PNB Savings Bank"},"geometry":{"type":"Point","coordinates":[121.0229677,14.5553264]}},
{"type":"Feature","properties":{"@id":"node/1750310916","addr:city":"Makati","addr:housename":"Greenbelt Mansion","addr:housenumber":"106","addr:postcode":"1229","addr:street":"Perea Street","air_conditioning":"yes","amenity":"bank","atm":"yes","branch":"Legaspi Village - Perea","brand":"Chinabank","brand:wikidata":"Q5100080","drive_through":"no","level":"0","name":"Chinabank"},"geometry":{"type":"Point","coordinates":[121.0209048,14.5547614]}},
{"type":"Feature","properties":{"@id":"node/1750310919","addr:city":"Makati","addr:floor":"G/F","addr:housename":"Noble Square","addr:housenumber":"6762","addr:postcode":"1226","addr:street":"Ayala Avenue","air_conditioning":"yes","alt_name":"Dunkin' Donuts","amenity":"fast_food","brand":"Dunkin'","brand:wikidata":"Q847743","cuisine":"donut;coffee_shop","level":"0","mapillary":"893717795544896","name":"Dunkin'","payment:cash":"yes","source:feature":"Mapillary 2023-09-24","survey:date":"2023-09-24","takeaway":"yes"},"geometry":{"type":"Point","coordinates":[121.0219181,14.5559668]}},
{"type":"Feature","properties":{"@id":"node/1750310920","addr:city":"Makati","addr:housename":"Bankmer","addr:housenumber":"6756","addr:street":"Ayala Avenue","amenity":"fast_food","branch":"Bankmer","brand":"McDonald's","brand:wikidata":"Q38076","brand:wikipedia:es":"McDonald's","cuisine":"burger","drinking_straw":"paper","drinking_straw:colour":"white","name":"McDonald's","name:ar":"مكدونالدز","name:en":"McDonald's","name:es":"McDonald's","name:ko":"디몰 맥도날드","name:ru":"Макдональдс"},"geometry":{"type":"Point","coordinates":[121.0228559,14.5553932]}},
{"type":"Feature","properties":{"@id":"node/1750310923","addr:city":"Makati","addr:housename":"Bankmer","addr:housenumber":"6756","addr:street":"Ayala Avenue","amenity":"bank","atm":"yes","branch":"Ayala Avenue - Bankmer","name":"Metrobank"},"geometry":{"type":"Point","coordinates":[121.0227532,14.5554811]}},
{"type":"Feature","properties":{"@id":"node/1750310924","addr:city":"Makati","addr:housename":"PSBank Center","addr:housenumber":"777","addr:street":"Paseo de Roxas","addr:street:corner":"Sedeño","amenity":"bank","atm":"yes","branch":"Paseo de Roxas","brand":"Metrobank","brand:wikidata":"Q1925799","name":"Metrobank"},"geometry":{"type":"Point","coordinates":[121.0224853,14.5577381]}},
{"type":"Feature","properties":{"@id":"node/1764306392","amenity":"restaurant","name":"Sultan"},"geometry":{"type":"Point","coordinates":[121.0203531,14.559165]}},
{"type":"Feature","properties":{"@id":"node/1772645764","button_operated":"no","crossing":"traffic_signals","crossing:island":"no","crossing:markings":"zebra","highway":"crossing","traffic_signals:sound":"no","traffic_signals:vibration":"no"},"geometry":{"type":"Point","coordinates":[121.0227562,14.5539986]}},
{"type":"Feature","properties":{"@id":"node/1781307403","addr:floor":"L","addr:housename":"The Enterprise Center","addr:housenumber":"6766","addr:postcode":"1226","addr:street":"Ayala Avenue","amenity":"cafe","brand":"Starbucks","brand:wikidata":"Q37158","brand:wikipedia":"en:Starbucks","cuisine":"coffee_shop","name":"Starbucks","official_name":"Starbucks Coffee","takeaway":"yes"},"geometry":{"type":"Point","coordinates":[121.0210122,14.555771]}},
{"type":"Feature","properties":{"@id":"node/1781307711","addr:floor":"L","addr:housename":"The Enterprise Center","addr:housenumber":"6766","addr:postcode":"1226","addr:street":"Ayala Avenue","amenity":"pharmacy","brand":"Watsons","brand:wikidata":"Q7974785","brand:wikipedia":"en:Watsons","healthcare":"pharmacy","name":"Watsons"},"geometry":{"type":"Point","coordinates":[121.0210448,14.5556598]}},
{"type":"Feature","properties":{"@id":"node/1781310427","addr:floor":"G","addr:housename":"The Enterprise Center","addr:housenumber":"6766","addr:postcode":"1226","addr:street":"Ayala Avenue","amenity":"bank","atm":"yes","brand":"BPI","brand:wikidata":"Q2501256","brand:wikipedia":"en:Bank of the Philippine Islands","name":"BPI","official_name":"Bank of the Philippine Islands","wheelchair":"no"},"geometry":{"type":"Point","coordinates":[121.020982,14.5558418]}},
{"type":"Feature","properties":{"@id":"node/2071070950","addr:city":"Makati","addr:housename":"The KPMG Center","addr:housenumber":"6787","addr:postcode":"1226","addr:street":"Ayala Avenue","amenity":"fast_food","brand":"Sbarro","brand:wikidata":"Q2589409","cuisine":"pizza","name":"Sbarro","takeaway":"yes"},"geometry":{"type":"Point","coordinates":[121.0202269,14.5577171]}},
{"type":"Feature","properties":{"@id":"node/2071070951","addr:city":"Makati","addr:housename":"The KPMG Center","addr:housenumber":"6787","addr:postcode":"1226","addr:street":"Ayala Avenue","amenity":"cafe","internet_access":"yes","name":"Tea Farm Cafe"},"geometry":{"type":"Point","coordinates":[121.0202988,14.5578069]}},
{"type":"Feature","properties":{"@id":"node/2200661202","brand":"Uncle John's","brand:facebook":"UncleJohnsPH","brand:instagram":"unclejohnsph","brand:website":"https://unclejohns.ph","brand:wikidata":"Q115917776","brand:wikipedia":"en:Uncle John's (store)","name":"Uncle John's","name:en":"Uncle John's","old_name":"Ministop","shop":"convenience"},"geometry":{"type":"Point","coordinates":[121.0237518,14.5545628]}},
{"type":"Feature","properties":{"@id":"node/2200661206","amenity":"telephone"},"geometry":{"type":"Point","coordinates":[121.0234698,14.5542462]}},
{"type":"Feature","properties":{"@id":"node/2276383149","crossing":"marked","crossing:markings":"zebra","highway":"crossing"},"geometry":{"type":"Point","coordinates":[121.0246119,14.5554852]}},
{"type":"Feature","properties":{"@id":"node/2304459068","addr:city":"Makati City","addr:housename":"The Peninsula Manila","addr:postcode":"1226","addr:street":"Makati Avenue","addr:street:corner":"Ayala Avenue","amenity":"restaurant","cuisine":"bistro;grill","name":"Old Manila","opening_hours":"Sa 11:30-14:30,18:30-23:00","smoking":"no"},"geometry":{"type":"Point","coordinates":[121.0251774,14.5545394]}},
{"type":"Feature","properties":{"@id":"node/2315176099","addr:city":"Makati","addr:housename":"Paseo Center","addr:housenumber":"8757","addr:street":"Paseo de Roxas","addr:street:corner":"Sedeño","name":"Rustan’s Fresh","shop":"supermarket"},"geometry":{"type":"Point","coordinates":[121.0229427,14.5577165]}},
{"type":"Feature","properties":{"@id":"node/2421382429","name":"International Organisation for Migration (IOM)","office":"company"},"geometry":{"type":"Point","coordinates":[121.0251661,14.5584814]}},
{"type":"Feature","properties":{"@id":"node/2503384696","addr:city":"Makati","addr:housename":"Makati Stock Exchange Building","addr:street":"Ayala Avenue","amenity":"bank","atm":"yes","branch":"Ayala - Triangle","brand":"EastWest Unibank","brand:wikidata":"Q5327595","name":"EastWest Unibank"},"geometry":{"type":"Point","coordinates":[121.023275,14.5558249]}},
{"type":"Feature","properties":{"@id":"node/2503384697","addr2:street":"Dela Rosa Street","addr:city":"Makati","addr:housename":"Greenbelt 5","addr:street":"Legazpi Street","branch":"Greenbelt 5","name":"Tous les Jours","shop":"bakery"},"geometry":{"type":"Point","coordinates":[121.0228817,14.5538259]}},
{"type":"Feature","properties":{"@id":"node/2591350407","addr:city":"Makati","brand":"7-Eleven","brand:wikidata":"Q259340","name":"7-Eleven","shop":"convenience","wheelchair":"yes"},"geometry":{"type":"Point","coordinates":[121.0216421,14.5574546]}},
{"type":"Feature","properties":{"@id":"node/2591352480","addr:city":"Makati","addr:floor":"G/F","addr:housename":"Ponte Salcedo","addr:housenumber":"120","addr:street":"Valero Street","amenity":"restaurant","level":"0","name":"Relish at Ponte"},"geometry":{"type":"Point","coordinates":[121.0200503,14.5591216]}},
{"type":"Feature","properties":{"@id":"node/2695870337","addr2:street":"Perea Street","addr:city":"Makati","addr:floor":"G/F","addr:housename":"Tropical Palms Condominium","addr:housenumber":"103","addr:street":"Dela Rosa Street","alt_name":"Ba Noi's","amenity":"restaurant","cuisine":"vietnamese","level":"0","name":"Bà Nội's"},"geometry":{"type":"Point","coordinates":[121.0219007,14.5545057]}},
{"type":"Feature","properties":{"@id":"node/2695870338","addr:city":"Makati","addr:floor":"G/F","addr:housename":"Dela Rosa Carpark 1","addr:street":"Dela Rosa Street","amenity":"cafe","level":"0","name":"Dakasi"},"geometry":{"type":"Point","coordinates":[121.0219705,14.5549876]}},
{"type":"Feature","properties":{"@id":"node/2695870339","addr:city":"Makati","addr:floor":"G/F","addr:housename":"Sunrise Terrace Apartments","addr:housenumber":"100","addr:street":"Perea Street","amenity":"bank","branch":"Legaspi Village - Makati","level":"0","name":"Philippine Business Bank"},"geometry":{"type":"Point","coordinates":[121.0216694,14.554471]}},
{"type":"Feature","properties":{"@id":"node/2807845735","addr:city":"Makati City","addr:postcode":"1229","addr:street":"Dela Rosa Street","name":"SPA148","opening_hours":"Mo-Su 12:00-23:59, Mo-Su 00:00-03:59","phone":"+63 906 509 6828","shop":"massage","website":"https://www.spa148.com/"},"geometry":{"type":"Point","coordinates":[121.0226722,14.5541426]}},
{"type":"Feature","properties":{"@id":"node/2820150666","addr:city":"Makati","addr:housename":"Maripola Building","addr:housenumber":"109","addr:postcode":"1229","addr:street":"Perea Street","amenity":"restaurant","cuisine":"yugoslavian","name":"Balkan"},"geometry":{"type":"Point","coordinates":[121.0211296,14.5544116]}},
{"type":"Feature","properties":{"@id":"node/2848801858","addr:city":"Makati","addr:housename":"Robinsons Summit Center","addr:housenumber":"6783","addr:postcode":"1200","addr:street":"Ayala Avenue","amenity":"bank"},"geometry":{"type":"Point","coordinates":[121.0205324,14.5575171]}},
{"type":"Feature","properties":{"@id":"node/2848801859","addr:city":"Makati","addr:floor":"G/F","addr:housename":"The KPMG Center","addr:housenumber":"6787","addr:street":"Ayala Avenue","amenity":"bank","atm":"yes","branch":"Ayala Avenue II","brand":"BPI","brand:wikidata":"Q2501256","level":"0","name":"BPI","official_name":"Bank of the Philippine Islands"},"geometry":{"type":"Point","coordinates":[121.0203964,14.5576134]}},
{"type":"Feature","properties":{"@id":"node/3062819739","addr:city":"Makati","addr:housename":"Century Plaza","addr:housenumber":"120","addr:street":"Perea Street","amenity":"bank","atm":"yes","branch":"Perea","name":"Citystate Savings Bank"},"geometry":{"type":"Point","coordinates":[121.0207245,14.5544496]}},
{"type":"Feature","properties":{"@id":"node/3063856236","addr:city":"Makati","addr:housename":"L.T.A. Building","addr:housenumber":"118","addr:street":"Perea Street","amenity":"restaurant","name":"Chew & Brew"},"geometry":{"type":"Point","coordinates":[121.0205489,14.5544734]}},
{"type":"Feature","properties":{"@id":"node/3063885233","addr2:street":"Legazpi Street","addr:city":"Makati","addr:floor":"G/F","addr:housename":"Prince Plaza II","addr:housenumber":"101","addr:street":"Dela Rosa Street","brand":"7-Eleven","brand:wikidata":"Q259340","name":"7-Eleven","opening_hours":"24/7","shop":"convenience"},"geometry":{"type":"Point","coordinates":[121.0226659,14.554107]}},
{"type":"Feature","properties":{"@id":"node/3135943523","addr:city":"Makati","addr:floor":"G/F","addr:housename":"Ayala Tower One","addr:housenumber":"6767","addr:street":"Ayala Avenue","addr:street:corner":"Paseo de Roxas","addr:unit":"Unit C-1","level":"0","old_name":"FamilyMart","was:branch":"Ayala Tower One","was:brand":"FamilyMart","was:brand:wikidata":"Q11247682","was:name":"FamilyMart","was:opening_hours":"24/7","was:shop":"convenience"},"geometry":{"type":"Point","coordinates":[121.0222762,14.5564929]}},
{"type":"Feature","properties":{"@id":"node/3252852579","addr:city":"Makati","addr:floor":"G/F","addr:housename":"The Valero Tower","addr:housenumber":"122","addr:street":"Valero Street","amenity":"bank","atm":"yes","branch":"Salcedo Village - Valero","brand":"Chinabank","brand:wikidata":"Q5100080","brand:wikipedia":"en:Chinabank","level":"0","name":"Chinabank"},"geometry":{"type":"Point","coordinates":[121.0202579,14.5589998]}},
{"type":"Feature","properties":{"@id":"node/3252852580","addr:city":"Makati","addr:floor":"G/F","addr:housename":"Valero Plaza","addr:housenumber":"124","addr:street":"Valero Street","level":"0","name":"Maidu","shop":"convenience"},"geometry":{"type":"Point","coordinates":[121.0204862,14.5588708]}},
{"type":"Feature","properties":{"@id":"node/3252852581","addr:city":"Makati","addr:floor":"G/F","addr:housename":"Valero Plaza","addr:housenumber":"124","addr:street":"Valero Street","amenity":"pharmacy","branch":"Salcedo Village Valero Plaza","brand":"Mercury Drug","brand:wikidata":"Q6818610","dispensing":"yes","drive_through":"no","healthcare":"pharmacy","level":"0","name":"Mercury Drug","opening_hours":"07:00-22:00","phone":"+63 2 8563 9127;+63 2 8563 6623;+63 917 147 6931;+63 920 901 4129"},"geometry":{"type":"Point","coordinates":[121.020394,14.5589272]}},
{"type":"Feature","properties":{"@id":"node/3252852582","addr:city":"Makati","addr:floor":"G/F","addr:housename":"Valero Plaza","addr:housenumber":"124","addr:street":"Valero Street","level":"0","name":"V Nails Bar","shop":"hairdresser"},"geometry":{"type":"Point","coordinates":[121.0205568,14.5588329]}},
{"type":"Feature","properties":{"@id":"node/3253244578","addr:city":"Makati","addr:housename":"Valero Plaza","addr:street":"Valero Street","name":"King of Travel","shop":"travel_agency"},"geometry":{"type":"Point","coordinates":[121.0207017,14.5587508]}},
{"type":"Feature","properties":{"@id":"node/3253244579","name":"Linkworth International Inc.","office":"company"},"geometry":{"type":"Point","coordinates":[121.0207697,14.5587126]}},
{"type":"Feature","properties":{"@id":"node/3253244580","addr:city":"Makati","addr:floor":"G/F","addr:housename":"Valero Plaza","addr:housenumber":"124","addr:street":"Valero Street","amenity":"cafe","brand":"Chatime","brand:wikidata":"Q16829306","brand:wikipedia":"en:Chatime","cuisine":"bubble_tea","level":"0","name":"Chatime","takeaway":"yes"},"geometry":{"type":"Point","coordinates":[121.0208487,14.5586659]}},
{"type":"Feature","properties":{"@id":"node/3253244581","addr:city":"Makati","addr:floor":"G/F","addr:housename":"Valero Plaza","addr:housenumber":"124","addr:street":"Valero Street","amenity":"cafe","brand":"ZUS Coffee","brand:wikidata":"Q110811473","cuisine":"coffee_shop","level":"0","name":"ZUS Coffee","takeaway":"yes"},"geometry":{"type":"Point","coordinates":[121.0206003,14.5588072]}},
{"type":"Feature","properties":{"@id":"node/3253244582","addr:city":"Makati","addr:floor":"G/F","addr:housename":"Le Grand Condominium","addr:housenumber":"130","addr:street":"Valero Street","amenity":"bank","atm":"yes","branch":"Makati City - Valero","brand":"UnionBank","brand:wikidata":"Q7885403","brand:wikipedia":"en:Unionbank (Philippines)","level":"0","name":"UnionBank"},"geometry":{"type":"Point","coordinates":[121.0209715,14.5585297]}},
{"type":"Feature","properties":{"@id":"node/3305192575","addr:city":"Makati","addr:housename":"Nielson Tower","addr:street":"Makati Avenue","amenity":"restaurant","award:michelin":"selected","contact:facebook":"BlackbirdAtTheNielsonTower","contact:instagram":"blackbirdatthenielsontower","email":"info@blackbird.com.ph","name":"Blackbird","phone":"+63 2 8828 4888;+63 2 8828 1937;+63 917 889 2782","website":"https://www.blackbird.com.ph/"},"geometry":{"type":"Point","coordinates":[121.0244404,14.5559367]}},
{"type":"Feature","properties":{"@id":"node/3305192579","amenity":"toilets","fee":"no"},"geometry":{"type":"Point","coordinates":[121.0243033,14.5560874]}},
{"type":"Feature","properties":{"@id":"node/3426351011","addr:city":"Makati","addr:housename":"The Atrium of Makati","addr:postcode":"1226","addr:street":"Makati Avenue","branch":"South Makati City","government":"tax","level":"4","name":"Bureau of Internal Revenue","office":"government"},"geometry":{"type":"Point","coordinates":[121.0263253,14.5572707]}},
{"type":"Feature","properties":{"@id":"node/3426352357","addr:city":"Makati","addr:housename":"The Atrium of Makati","addr:postcode":"1226","addr:street":"Makati Avenue","amenity":"restaurant","level":"0","name":"Society Lounge","website":"https://www.facebook.com/societyloungemakatiavenue"},"geometry":{"type":"Point","coordinates":[121.0263897,14.557468]}},
{"type":"Feature","properties":{"@id":"node/3426354939","addr:city":"Makati","addr:housename":"Zuellig Building","addr:street":"Makati Avenue","addr:street:corner":"Paseo de Roxas","addr:unit":"Unit 2","amenity":"bank","atm":"yes","branch":"Makati Avenue - Zuellig","operator":"Bank of Commerce"},"geometry":{"type":"Point","coordinates":[121.0263609,14.5580042]}},
{"type":"Feature","properties":{"@id":"node/3442274206","addr:city":"Makati City","addr:country":"PH","addr:floor":"24F","addr:housename":"BDO Equitable Tower","addr:housenumber":"8751","addr:postcode":"1226","addr:province":"Metro Manila","addr:street":"Paseo de Roxas","contact:email":"man.vertretung@eda.admin.ch","contact:fax":"+63 2 845 4538;+63 2 845 4539","contact:phone":"+63 2 845 4545","contact:website":"https://www.eda.admin.ch/manila","country":"CH","diplomatic":"embassy","embassy":"yes","name":"Embassy of Switzerland","name:de":"Schweizerische Botschaft","name:en":"Embassy of Switzerland","name:es":"Embajada de Suiza","name:fr":"Ambassade de Suisse","name:it":"Ambasciata di Svizzera","name:tl":"Pasuguan ng Suwisa","office":"diplomatic","target":"PH","wikidata":"Q101442135"},"geometry":{"type":"Point","coordinates":[121.0237083,14.5580242]}},
{"type":"Feature","properties":{"@id":"node/3442274207","addr:city":"Makati City","addr:country":"PH","addr:floor":"26F","addr:housename":"BDO Equitable Tower","addr:housenumber":"8751","addr:postcode":"1226","addr:province":"Metro Manila","addr:street":"Paseo de Roxas","contact:email":"man@minbuza.nl","contact:fax":"+63 2 786 6600","contact:phone":"+63 2 786 6666","contact:website":"https://www.nederlandwereldwijd.nl/landen/filipijnen/over-ons/ambassade-in-manilla","country":"NL","diplomatic":"embassy","embassy":"yes","name":"Embassy of the Netherlands","name:en":"Embassy of the Netherlands","name:fr":"Ambassade des Pays-Bas","name:nl":"Ambassade van Nederland in Manilla","office":"diplomatic","opening_hours":"Mo-Th 09:00-16:30; Fr 09:00-14:00; Sa-Su off","target":"PH","wikidata":"Q38084660"},"geometry":{"type":"Point","coordinates":[121.0238974,14.5581204]}},
{"type":"Feature","properties":{"@id":"node/3614327350","addr:city":"Makati","addr:housename":"22F BDO Equitable Bank Tower","addr:housenumber":"8751","addr:postcode":"1226","addr:street":"Paseo de Roxas","name":"TVI Resource Development (Phils.) Inc.","office":"company"},"geometry":{"type":"Point","coordinates":[121.0237944,14.5580077]}},
{"type":"Feature","properties":{"@id":"node/3623257093","addr:city":"Makati","addr:housename":"BSA Tower","addr:housenumber":"108","addr:postcode":"1229","addr:street":"Legazpi Street","amenity":"bank","branch":"Greenbelt","brand":"RCBC","brand:website":"https://www.rcbc.com/","brand:wikidata":"Q7339070","brand:wikipedia":"en:Rizal Commercial Banking Corporation","level":"0","name":"RCBC","name:en":"RCBC","name:zh":"中華銀行","official_name":"Rizal Commercial Banking Corporation","operator":"Rizal Commercial Banking Corporation"},"geometry":{"type":"Point","coordinates":[121.0220458,14.5538497]}},
{"type":"Feature","properties":{"@id":"node/3657336055","addr:city":"Makati","addr:floor":"21st Floor","addr:housename":"BDO Plaza","addr:housenumber":"8737","addr:postcode":"1226","addr:street":"Paseo de Roxas","alt_name":"WRI","level":"20","name":"Wolfland Resource Incorporated","office":"company"},"geometry":{"type":"Point","coordinates":[121.0256957,14.5585553]}},
{"type":"Feature","properties":{"@id":"node/3662631444","addr:city":"Makati","addr:floor":"G/F","addr:housename":"Valero Plaza","addr:housenumber":"124","addr:postcode":"1227","addr:street":"San Agustin Street","addr:unit":"G-9","amenity":"restaurant","level":"0","name":"Sultan Mediterranean Grill","opening_hours":"Mo-Su 11:00-14:30, 17:00-22:00","phone":"+63 2 8945909"},"geometry":{"type":"Point","coordinates":[121.0206407,14.5590087]}},
{"type":"Feature","properties":{"@id":"node/3676584284","addr:city":"Makati","addr:housename":"Zuellig Building","addr:street":"Makati Avenue","addr:street:corner":"Paseo de Roxas","amenity":"bank","atm":"yes","branch":"Makati Avenue - Zuellig","operator":"BDO"},"geometry":{"type":"Point","coordinates":[121.0264395,14.5580725]}},
{"type":"Feature","properties":{"@id":"node/3676584285","addr:city":"Makati","addr:housename":"The Atrium of Makati","addr:postcode":"1226","addr:street":"Makati Avenue","amenity":"bank","atm":"yes","branch":"Urdaneta Village - Makati","level":"0","name":"Metrobank"},"geometry":{"type":"Point","coordinates":[121.0260683,14.557205]}},
{"type":"Feature","properties":{"@id":"node/3709895370","addr:city":"Makati","addr:floor":"G/F","addr:housename":"88 Corporate Center","addr:housenumber":"141","addr:street":"Sedeño Street","addr:street:corner":"Valero","addr:unit":"Unit G-104","amenity":"bank","atm":"yes","branch":"Sedeño Salcedo Village","level":"0","name":"Robinsons Bank"},"geometry":{"type":"Point","coordinates":[121.0224179,14.557984]}},
{"type":"Feature","properties":{"@id":"node/3717320446","bench":"no","bin":"yes","bus":"yes","highway":"bus_stop","lit":"yes","name":"Paseo de Roxas","operator":"Makati Traffic and Parking Bureau","public_transport":"platform","shelter":"yes"},"geometry":{"type":"Point","coordinates":[121.0203391,14.5571267]}},
{"type":"Feature","properties":{"@id":"node/3717320451","bus":"yes","highway":"bus_stop","name":"Makati Stock Exchange","network":"LTFRB National Capital Region","network:short":"LTFRB NCR","network:wikidata":"Q6483998","operator":"Makati Traffic and Parking Bureau","public_transport":"platform"},"geometry":{"type":"Point","coordinates":[121.0230533,14.5557166]}},
{"type":"Feature","properties":{"@id":"node/3721262788","addr:city":"Makati","addr:housename":"SGV I","addr:housenumber":"6760","addr:street":"Ayala Avenue","alt_name":"Banco de Oro","amenity":"bank","atm":"yes","branch":"Ayala Avenue - SGV 1 Bldg.","brand":"BDO","brand:wikidata":"Q4854129","name":"BDO"},"geometry":{"type":"Point","coordinates":[121.0223374,14.555727]}},
{"type":"Feature","properties":{"@id":"node/3730129191","brand":"7-Eleven","brand:wikidata":"Q259340","delivery":"no","drive_through":"no","name":"7-Eleven","opening_hours":"24/7","shop":"convenience"},"geometry":{"type":"Point","coordinates":[121.0237641,14.554591]}},
{"type":"Feature","properties":{"@id":"node/3781295057","addr:city":"Makati","addr:housename":"The Atrium of Makati","addr:postcode":"1226","addr:street":"Makati Avenue","amenity":"bank","atm":"yes","level":"0","name":"Landbank"},"geometry":{"type":"Point","coordinates":[121.026015,14.5571147]}},
{"type":"Feature","properties":{"@id":"node/3813636283","addr:city":"Makati City","addr:housename":"The Peninsula Manila","addr:postcode":"1226","addr:street":"Makati Avenue","addr:street:corner":"Ayala Avenue","amenity":"restaurant","cuisine":"With_floor-to-ceiling_windows_that_open_up_to_the_pool_and_lush_tropical_gardens,_Balinese_inspired_décor_transports_diners_to_a_Southeast_Asian_paradise._Flavourful_cuisines_of_Indonesia,_Malaysia,_Thailand,_Vietnam,_Singapore,_Sri_Lanka_and_India.","name":"Spices","opening_hours":"11:30-14:30, 18:00-23:00","smoking":"no"},"geometry":{"type":"Point","coordinates":[121.025417,14.5553889]}},
{"type":"Feature","properties":{"@id":"node/3813638491","addr:city":"Makati City","addr:housename":"The Peninsula Manila","addr:postcode":"1226","addr:street":"Makati Avenue","addr:street:corner":"Ayala Avenue","amenity":"bar","name":"Salon de Ning","opening_hours":"Tu-Sa 19:00-02:00","operator":"Bar and Lounge","smoking":"yes"},"geometry":{"type":"Point","coordinates":[121.0249451,14.5552708]}},
{"type":"Feature","properties":{"@id":"node/3813655998","addr:city":"Makati City","addr:housename":"The Peninsula Manila","addr:postcode":"1226","addr:street":"Makati Avenue","addr:street:corner":"Ayala Avenue","amenity":"restaurant","name":"The Lobby","opening_hours":"24/7","smoking":"no"},"geometry":{"type":"Point","coordinates":[121.0252838,14.5548975]}},
{"type":"Feature","properties":{"@id":"node/3813660182","addr:housename":"The Peninsula Manila","addr:street":"Makati Avenue","addr:street:corner":"Ayala Avenue","amenity":"bar","name":"The Bar","opening_hours":"15:00 - 2:00","operator":"Wind down at The Bar with an ice-cold beer or a tipple of your choice after a busy day. Leather chairs and checkered floors create a cosy living room feel. The ambience is reminiscent of the dimly lit bars of La Antigua Habana in Cuba","smoking":"yes"},"geometry":{"type":"Point","coordinates":[121.0249747,14.5553557]}},
{"type":"Feature","properties":{"@id":"node/3840288482","amenity":"bicycle_parking"},"geometry":{"type":"Point","coordinates":[121.0213316,14.5559657]}},
{"type":"Feature","properties":{"@id":"node/3909460063","addr:city":"Makati","addr:floor":"G/F","addr:housename":"Noble Square","addr:housenumber":"6762","addr:postcode":"1226","addr:street":"Ayala Avenue","air_conditioning":"yes","amenity":"clinic","healthcare":"clinic","level":"0","mapillary":"893717795544896","name":"St. Stamford Clinic","operator":"St. Stamford Medical Group","source:feature":"Mapillary 2023-09-24","survey:date":"2023-09-24"},"geometry":{"type":"Point","coordinates":[121.0219892,14.5559243]}},
{"type":"Feature","properties":{"@id":"node/3909460067","addr:city":"Makati City","addr:floor":"2/F","addr:housename":"Paseo Center","addr:housenumber":"8757","addr:street":"Paseo de Roxas","addr:street:corner":"Sedeño Street","amenity":"restaurant","branch":"Paseo Center","cuisine":"korean","level":"1","name":"Romantic Baboy"},"geometry":{"type":"Point","coordinates":[121.0231527,14.5576599]}},
{"type":"Feature","properties":{"@id":"node/4074558547","addr:city":"Makati","addr:housename":"Nielson Tower","addr:street":"Makati Avenue","direction":"115","historic":"memorial","material":"iron","memorial":"plaque","name":"Nielson Tower","start_date":"1996","subject:wikidata":"Q23423304","subject:wikipedia":"en:Nielson Tower","wikidata":"Q23421195","wikimedia_commons":"Category:Nielson Tower historical marker"},"geometry":{"type":"Point","coordinates":[121.0246355,14.5558632]}},
{"type":"Feature","properties":{"@id":"node/4175146290","amenity":"pharmacy"},"geometry":{"type":"Point","coordinates":[121.0211319,14.5560801]}},
{"type":"Feature","properties":{"@id":"node/4223049289","amenity":"atm","brand":"BDO","brand:wikidata":"Q4854129","operator":"BDO","operator:wikidata":"Q4854129"},"geometry":{"type":"Point","coordinates":[121.0227947,14.5578297]}},
{"type":"Feature","properties":{"@id":"node/4228216889","addr:street":"San Agustin Street","name":"Felipe and Sons Barberdashery","shop":"hairdresser"},"geometry":{"type":"Point","coordinates":[121.0209021,14.5591211]}},
{"type":"Feature","properties":{"@id":"node/4255638890","addr:housenumber":"28/F 88","addr:street":"Valero Street","name":"db wizards, inc.","shop":"computer","website":"www.wizardsgroup.com"},"geometry":{"type":"Point","coordinates":[121.0222936,14.5581063]}},
{"type":"Feature","properties":{"@id":"node/4279662589","name":"Terraz","name:en":"Terraz","shop":"beverages"},"geometry":{"type":"Point","coordinates":[121.0267157,14.55811]}},
{"type":"Feature","properties":{"@id":"node/4304858791","addr:city":"Makati","addr:floor":"G/F","addr:housename":"VGP Center","addr:housenumber":"6772","addr:street":"Ayala Avenue","amenity":"bank","atm":"yes","branch":"Ayala Avenue","level":"0","name":"China Bank Savings"},"geometry":{"type":"Point","coordinates":[121.0202013,14.5570905]}},
{"type":"Feature","properties":{"@id":"node/4304858792","addr:city":"Makati","addr:floor":"G/F","addr:housename":"STI Holdings Center","addr:housenumber":"6764","addr:street":"Ayala Avenue","amenity":"fast_food","brand":"Greenwich","brand:wikidata":"Q2691308","cuisine":"pizza","level":"0","name":"Greenwich","takeaway":"yes"},"geometry":{"type":"Point","coordinates":[121.0217158,14.5560907]}},
{"type":"Feature","properties":{"@id":"node/4304858793","addr:city":"Makati","addr:housename":"Robinsons Summit Center","addr:housenumber":"6783","addr:postcode":"1200","addr:street":"Ayala Avenue","brand":"Uncle John's","brand:facebook":"UncleJohnsPH","brand:instagram":"unclejohnsph","brand:website":"https://unclejohns.ph","brand:wikidata":"Q115917776","brand:wikipedia":"en:Uncle John's (store)","name":"Uncle John's","name:en":"Uncle John's","old_name":"Ministop","opening_hours":"24/7","shop":"convenience"},"geometry":{"type":"Point","coordinates":[121.0207041,14.5573985]}},
{"type":"Feature","properties":{"@id":"node/4304858794","addr:city":"Makati","addr:floor":"G/F","addr:housename":"VGP Center","addr:housenumber":"6772","addr:street":"Ayala Avenue","amenity":"bank","atm":"yes","branch":"Ayala Ave.","level":"0","name":"PNB","official_name":"Philippine National Bank"},"geometry":{"type":"Point","coordinates":[121.0204296,14.5569465]}},
{"type":"Feature","properties":{"@id":"node/4304858796","addr:city":"Makati","addr:floor":"G/F","addr:housename":"Security Bank Centre","addr:housenumber":"6776","addr:street":"Ayala Avenue","amenity":"bank","atm":"yes","branch":"Main Office Branch","brand":"Security Bank","brand:facebook":"https://www.facebook.com/SecurityBank","brand:website":"https://www.securitybank.com/","brand:wikidata":"Q7444945","brand:wikipedia":"en:Security Bank","level":"0","name":"Security Bank","name:en":"Security Bank","name:zh":"信安銀行","operator":"Security Bank Corporation"},"geometry":{"type":"Point","coordinates":[121.020061,14.5571851]}},
{"type":"Feature","properties":{"@id":"node/4340944688","addr:city":"Makati","addr:housenumber":"6677","addr:street":"Ayala Avenue","name":"Shinagawa Lasik & Aesthetics","website":"https://www.shinagawa.ph/"},"geometry":{"type":"Point","coordinates":[121.0209064,14.5559691]}},
{"type":"Feature","properties":{"@id":"node/4438082042","addr:city":"Makati","addr:floor":"G/F","addr:housename":"Philamlife Tower","addr:housenumber":"8767","addr:street":"Paseo de Roxas","alt_name":"Banco de Oro","amenity":"bank","atm":"yes","branch":"Philam Tower - Valero","brand":"BDO","brand:wikidata":"Q4854129","level":"0","name":"BDO","wheelchair":"yes"},"geometry":{"type":"Point","coordinates":[121.0217485,14.5574804]}},
{"type":"Feature","properties":{"@id":"node/4438082043","addr:city":"Makati","addr:floor":"G/F","addr:housename":"Philamlife Tower","addr:housenumber":"8767","addr:street":"Paseo de Roxas","amenity":"bank","atm":"yes","branch":"Ayala Paseo","brand":"BPI","brand:wikidata":"Q2501256","level":"0","name":"BPI","official_name":"Bank of the Philippine Islands","wheelchair":"no"},"geometry":{"type":"Point","coordinates":[121.0220629,14.5573198]}},
{"type":"Feature","properties":{"@id":"node/4438082044","addr:city":"Makati","addr:floor":"G/F","addr:housename":"139 Corporate Center","addr:housenumber":"139","addr:street":"Valero Street","brand":"FamilyMart","brand:wikidata":"Q1191685","brand:wikipedia":"en:FamilyMart","level":"0","name":"FamilyMart","opening_hours":"24/7","shop":"convenience"},"geometry":{"type":"Point","coordinates":[121.0219902,14.5580923]}},
{"type":"Feature","properties":{"@id":"node/4438082045","addr:city":"Makati","addr:floor":"G/F","addr:housename":"88 Corporate Center","addr:housenumber":"141","addr:street":"Sedeño Street","addr:street:corner":"Valero","amenity":"fast_food","cuisine":"chinese","level":"0","name":"Hen Lin"},"geometry":{"type":"Point","coordinates":[121.0222076,14.5581819]}},
{"type":"Feature","properties":{"@id":"node/4438082046","addr:city":"Makati","addr:floor":"G/F","addr:housename":"139 Corporate Center","addr:housenumber":"139","addr:street":"Valero Street","amenity":"cafe","brand":"ZUS Coffee","brand:wikidata":"Q110811473","cuisine":"coffee_shop","level":"0","name":"ZUS Coffee","takeaway":"yes"},"geometry":{"type":"Point","coordinates":[121.0220421,14.5581981]}},
{"type":"Feature","properties":{"@id":"node/4438082047","addr:city":"Makati","addr:floor":"G/F","addr:housename":"Philamlife Tower","addr:housenumber":"8767","addr:street":"Paseo de Roxas","amenity":"bank","atm":"yes","branch":"Ayala","brand":"RCBC","brand:wikidata":"Q7339070","level":"0","name":"RCBC","official_name":"Rizal Commercial Banking Corporation"},"geometry":{"type":"Point","coordinates":[121.021978,14.557499]}},
{"type":"Feature","properties":{"@id":"node/4438082054","addr2:street":"Valero Access Road 3","addr:city":"Makati","addr:floor":"G/F","addr:housename":"139 Corporate Center","addr:housenumber":"139","addr:postcode":"1227","addr:street":"Valero Street","addr:unit":"102","air_conditioning":"yes","branch":"139 Corporate Center","brand":"7-Eleven","brand:wikidata":"Q259340","brand:wikipedia":"en:7-Eleven","level":"0","name":"7-Eleven","opening_hours":"24/7","operator":"Jongong Enterprise","payment:cash":"yes","ref:branch":"1302","ref:vatin":"PH236638638000","shop":"convenience","smoking":"no","toilets":"no","wheelchair":"limited"},"geometry":{"type":"Point","coordinates":[121.0219307,14.5581669]}},
{"type":"Feature","properties":{"@id":"node/4454236192","addr:street":"Valero","name":"Mackim Prints","name:en":"Mackim Prints","shop":"copyshop"},"geometry":{"type":"Point","coordinates":[121.0205064,14.5590871]}},
{"type":"Feature","properties":{"@id":"node/4483161780","addr:city":"Makati","addr:floor":"G/F","addr:housename":"Philamlife Tower","addr:housenumber":"8767","addr:street":"Paseo de Roxas","amenity":"bank","branch":"Manila","brand":"BOC","brand:wikidata":"Q790068","contact:email":"service.ph@bankofchina.com","contact:phone":"+6328850111","level":"0","name":"BOC","official_name":"Bank of China","wheelchair":"yes"},"geometry":{"type":"Point","coordinates":[121.0215931,14.5571876]}},
{"type":"Feature","properties":{"@id":"node/4483161781","addr:city":"Makati","addr:floor":"G/F","addr:housename":"Philamlife Tower","addr:housenumber":"8767","addr:street":"Paseo de Roxas","amenity":"bank","atm":"yes","brand":"EastWest Unibank","brand:wikidata":"Q5327595","level":"0","name":"EastWest Unibank","wheelchair":"yes"},"geometry":{"type":"Point","coordinates":[121.0217206,14.5572287]}},
{"type":"Feature","properties":{"@id":"node/4507869187","addr2:street":"Perea Street","addr:city":"Makati","addr:floor":"G/F","addr:housename":"Tropical Palms Condominium","addr:housenumber":"103","addr:street":"Dela Rosa Street","addr:unit":"15","alt_name":"Banco de Oro","amenity":"bank","atm":"yes","branch":"Dela Rosa - Gallardo","brand":"BDO","brand:wikidata":"Q4854129","brand:wikipedia":"en:Banco de Oro","level":"0","name":"BDO"},"geometry":{"type":"Point","coordinates":[121.0221606,14.5544445]}},
{"type":"Feature","properties":{"@id":"node/4507869188","addr:city":"Makati","addr:floor":"G/F","addr:housename":"Dela Rosa Carpark 1","addr:street":"Dela Rosa Street","amenity":"restaurant","cuisine":"steak_house","level":"0","name":"Sizzlin' Steak"},"geometry":{"type":"Point","coordinates":[121.0221378,14.554886]}},
{"type":"Feature","properties":{"@id":"node/4507869290","amenity":"parking_entrance"},"geometry":{"type":"Point","coordinates":[121.0213459,14.5555335]}},
{"type":"Feature","properties":{"@id":"node/4507869293","addr:city":"Makati","addr:floor":"G/F","addr:housename":"Dela Rosa Carpark 1","addr:street":"Dela Rosa Street","amenity":"fast_food","cuisine":"sandwich","level":"0","name":"The Sandwich Guy"},"geometry":{"type":"Point","coordinates":[121.0225684,14.5548683]}},
{"type":"Feature","properties":{"@id":"node/4507869294","addr:city":"Makati","addr:floor":"G/F","addr:housename":"Dela Rosa Carpark 1","addr:street":"Dela Rosa Street","amenity":"restaurant","cuisine":"chicken","level":"0","name":"Kenny Rogers Roasters"},"geometry":{"type":"Point","coordinates":[121.0224677,14.5550526]}},
{"type":"Feature","properties":{"@id":"node/4507869295","addr:city":"Makati","addr:floor":"G/F","addr:housename":"Dela Rosa Carpark 1","addr:street":"Dela Rosa Street","brand":"FamilyMart","brand:wikidata":"Q1191685","brand:wikipedia":"en:FamilyMart","level":"0","name":"FamilyMart","opening_hours":"24/7","shop":"convenience"},"geometry":{"type":"Point","coordinates":[121.0216408,14.5556183]}},
{"type":"Feature","properties":{"@id":"node/4507869296","addr:city":"Makati","addr:floor":"G/F","addr:housename":"Dela Rosa Carpark 1","addr:street":"Dela Rosa Street","alt_name":"Bugong","amenity":"restaurant","cuisine":"chicken","level":"0","name":"Bugóng"},"geometry":{"type":"Point","coordinates":[121.021476,14.5557371]}},
{"type":"Feature","properties":{"@id":"node/4507869297","addr:city":"Makati","addr:floor":"G/F","addr:housename":"Dela Rosa Carpark 1","addr:street":"Dela Rosa Street","amenity":"restaurant","cuisine":"filipino","level":"0","name":"Sugarhouse"},"geometry":{"type":"Point","coordinates":[121.0214029,14.5556318]}},
{"type":"Feature","properties":{"@id":"node/4552513789","addr:street":"Paseo de Roxas","name":"Sandigan and Dalisay","shop":"travel_agency"},"geometry":{"type":"Point","coordinates":[121.020176,14.5548887]}},
{"type":"Feature","properties":{"@id":"node/4560339494","addr:street":"Dela Rosa Access Road 2","amenity":"fast_food","cuisine":"chinese","name":"Hen Lin","name:en":"Hen Lin","opening_hours":"Mo-Fr 08:00-20:00"},"geometry":{"type":"Point","coordinates":[121.0200263,14.5565938]}},
{"type":"Feature","properties":{"@id":"node/4578616804","addr:street":"Gallardo Street","name":"CTLink","name:en":"CTLink","opening_hours":"Mo-Sa 09:00-17:00","shop":"computer"},"geometry":{"type":"Point","coordinates":[121.0217307,14.5540731]}},
{"type":"Feature","properties":{"@id":"node/4760964525","amenity":"bank","name":"BancNet","name:en":"BancNet","opening_hours":"24/7","phone":"+6328568160","website":"https://www.bancnetonline.com/"},"geometry":{"type":"Point","coordinates":[121.0239437,14.557959]}},
{"type":"Feature","properties":{"@id":"node/4760967822","amenity":"atm","opening_hours":"24/7","operator":"Luzon Development Bank"},"geometry":{"type":"Point","coordinates":[121.025447,14.5562321]}},
{"type":"Feature","properties":{"@id":"node/4760968121","brand:wikidata":"Q259340","brand:wikipedia:es":"7-Eleven","internet_access":"wlan","name":"7-Eleven","name:ar":"7-إلفن","name:en":"7-Eleven","name:es":"7-Eleven","opening_hours":"24/7","shop":"convenience"},"geometry":{"type":"Point","coordinates":[121.0258939,14.5561877]}},
{"type":"Feature","properties":{"@id":"node/4760968122","amenity":"cafe","check_date":"2025-01-13","cuisine":"sandwich;coffee_shop","currency:XBT":"yes","name":"Street Delights","opening_hours":"Su-Mo 10:30-19:00; Tu-Sa 09:00-22:00","payment:lightning":"yes","payment:lightning_contactless":"no","payment:onchain":"no"},"geometry":{"type":"Point","coordinates":[121.0257864,14.556351]}},
{"type":"Feature","properties":{"@id":"node/4776478621","addr:postcode":"1226","amenity":"pharmacy","healthcare":"pharmacy","name":"UHS Essential Health Philippines Inc.","name:en":"UHS Essential Health Philippines Inc."},"geometry":{"type":"Point","coordinates":[121.021314,14.5563492]}},
{"type":"Feature","properties":{"@id":"node/4836485221","addr:city":"Makati","addr:housename":"The Charter House","addr:housenumber":"114","addr:postcode":"1229","addr:street":"Legazpi Street","brand":"7-Eleven","brand:website":"https://www.7-eleven.com.ph/","brand:wikidata":"Q259340","brand:wikipedia":"en:7-Eleven","brand:wikipedia:es":"7-Eleven","device_charging":"yes","device_charging:capacity":"3","device_charging:fee":"yes","internet_access":"wlan","name":"7-Eleven","name:ar":"7-إلفن","name:en":"7-Eleven","name:es":"7-Eleven","name:ja":"Sebun-Irebun","name:ja-Hira":"せぶん-いれぶん","name:ja-Latn":"Sebun-Irebun","opening_hours":"24/7","operator":"Philippine Seven Corporation","payment:cash":"yes","shop":"convenience"},"geometry":{"type":"Point","coordinates":[121.0214087,14.5537428]}},
{"type":"Feature","properties":{"@id":"node/4843234822","amenity":"bicycle_parking","bicycle_parking":"informal","fixme":"Freeform used on 'bicycle_parking'-tag: possibly a wrong value","operator":"honda beat parking"},"geometry":{"type":"Point","coordinates":[121.0213627,14.5585436]}},
{"type":"Feature","properties":{"@id":"node/4884589533","addr:city":"Makati","addr:housenumber":"146","addr:postcode":"1227","addr:street":"Valero Street","name":"Loyalty System","office":"it","opening_hours":"Mo-Sa 09:00-17:00","website":"http://www.lsit-ph.com/"},"geometry":{"type":"Point","coordinates":[121.0232682,14.5589208]}},
{"type":"Feature","properties":{"@id":"node/4893458121","entrance":"main"},"geometry":{"type":"Point","coordinates":[121.0232525,14.5587801]}},
{"type":"Feature","properties":{"@id":"node/4893458424","addr:city":"Makati","addr:housename":"Zuellig Building","addr:postcode":"1226","addr:street":"Paseo de Roxas","alt_name":"Oracle Systems (Philippines)","level":"32","name":"Oracle Philippines","office":"company","opening_hours":"Mo-Sa 09:00-17:00","website":"https://www.oracle.com/ph/"},"geometry":{"type":"Point","coordinates":[121.0264533,14.5580109]}},
{"type":"Feature","properties":{"@id":"node/4921437222","name":"Epsilon maritime","name:en":"Epsilon maritime","shop":"travel_agency"},"geometry":{"type":"Point","coordinates":[121.0215509,14.5590304]}},
{"type":"Feature","properties":{"@id":"node/4949082121","name":"Governance Commission for GOCCs","name:en":"Governance Commission for GOCCs","office":"government"},"geometry":{"type":"Point","coordinates":[121.0252116,14.5584121]}},
{"type":"Feature","properties":{"@id":"node/4963419921","amenity":"money_transfer","brand":"Western Union","brand:wikidata":"Q861042","name":"Western Union"},"geometry":{"type":"Point","coordinates":[121.026033,14.5585036]}},
{"type":"Feature","properties":{"@id":"node/5015881059","access":"destination","barrier":"lift_gate","barrier:personnel":"yes"},"geometry":{"type":"Point","coordinates":[121.0269888,14.5577923]}},
{"type":"Feature","properties":{"@id":"node/5015881060","access":"destination","barrier":"lift_gate","barrier:personnel":"additional"},"geometry":{"type":"Point","coordinates":[121.0266967,14.5583041]}},
{"type":"Feature","properties":{"@id":"node/5030546821","name":"Benguet Mining","name:en":"Benguet Mining","office":"company"},"geometry":{"type":"Point","coordinates":[121.0200068,14.55449]}},
{"type":"Feature","properties":{"@id":"node/5080969325","bus":"yes","highway":"bus_stop","name":"Paseo de Roxas","operator":"Makati Traffic and Parking Bureau","public_transport":"platform","shelter":"yes"},"geometry":{"type":"Point","coordinates":[121.0203151,14.5574936]}},
{"type":"Feature","properties":{"@id":"node/5144294523","addr:housename":"Instituto Cervantes","addr:street":"Ayala Avenue","amenity":"library","name":"Miguel Hernandez Library","name:en":"Miguel Hernandez Library"},"geometry":{"type":"Point","coordinates":[121.0225321,14.5564629]}},
{"type":"Feature","properties":{"@id":"node/5172290321","addr:street":"Legazpi Street","name":"Greenbelt 5 pick up point driveway","office":"company","public_transport":"platform"},"geometry":{"type":"Point","coordinates":[121.0221824,14.5536005]}},
{"type":"Feature","properties":{"@id":"node/5176001889","natural":"tree"},"geometry":{"type":"Point","coordinates":[121.0237691,14.5535256]}},
{"type":"Feature","properties":{"@id":"node/5176001890","natural":"tree"},"geometry":{"type":"Point","coordinates":[121.0237999,14.5535775]}},
{"type":"Feature","properties":{"@id":"node/5176001891","natural":"tree"},"geometry":{"type":"Point","coordinates":[121.0238281,14.5536321]}},
{"type":"Feature","properties":{"@id":"node/5176001892","natural":"tree"},"geometry":{"type":"Point","coordinates":[121.0238603,14.5536918]}},
{"type":"Feature","properties":{"@id":"node/5176001893","natural":"tree"},"geometry":{"type":"Point","coordinates":[121.0238898,14.5537541]}},
{"type":"Feature","properties":{"@id":"node/5176001894","natural":"tree"},"geometry":{"type":"Point","coordinates":[121.0239408,14.5538151]}},
{"type":"Feature","properties":{"@id":"node/5176007990","natural":"tree"},"geometry":{"type":"Point","coordinates":[121.0251737,14.5541712]}},
{"type":"Feature","properties":{"@id":"node/5176007991","natural":"tree"},"geometry":{"type":"Point","coordinates":[121.0253078,14.5540803]}},
{"type":"Feature","properties":{"@id":"node/5176007992","natural":"tree"},"geometry":{"type":"Point","coordinates":[121.0254178,14.5540089]}},
{"type":"Feature","properties":{"@id":"node/5176007993","natural":"tree"},"geometry":{"type":"Point","coordinates":[121.025521,14.5539466]}},
{"type":"Feature","properties":{"@id":"node/5176007994","natural":"tree"},"geometry":{"type":"Point","coordinates":[121.0257866,14.5537532]}},
{"type":"Feature","properties":{"@id":"node/5176007995","natural":"tree"},"geometry":{"type":"Point","coordinates":[121.0256699,14.5538428]}},
{"type":"Feature","properties":{"@id":"node/5176007996","natural":"tree"},"geometry":{"type":"Point","coordinates":[121.0258831,14.5536844]}},
{"type":"Feature","properties":{"@id":"node/5176007997","natural":"tree"},"geometry":{"type":"Point","coordinates":[121.0259743,14.5536156]}},
{"type":"Feature","properties":{"@id":"node/5176007998","natural":"tree"},"geometry":{"type":"Point","coordinates":[121.0260696,14.5535248]}},
{"type":"Feature","properties":{"@id":"node/5176018144","natural":"tree"},"geometry":{"type":"Point","coordinates":[121.0244262,14.5542103]}},
{"type":"Feature","properties":{"@id":"node/5176018145","natural":"tree"},"geometry":{"type":"Point","coordinates":[121.0244811,14.5542596]}},
{"type":"Feature","properties":{"@id":"node/5176018146","natural":"tree"},"geometry":{"type":"Point","coordinates":[121.0245643,14.5542505]}},
{"type":"Feature","properties":{"@id":"node/5176018147","natural":"tree"},"geometry":{"type":"Point","coordinates":[121.0246622,14.5542142]}},
{"type":"Feature","properties":{"@id":"node/5176018148","natural":"tree"},"geometry":{"type":"Point","coordinates":[121.0247333,14.5541597]}},
{"type":"Feature","properties":{"@id":"node/5176018149","natural":"tree"},"geometry":{"type":"Point","coordinates":[121.0243229,14.5540857]}},
{"type":"Feature","properties":{"@id":"node/5176018150","natural":"tree"},"geometry":{"type":"Point","coordinates":[121.0243685,14.5541441]}},
{"type":"Feature","properties":{"@id":"node/5176018151","natural":"tree"},"geometry":{"type":"Point","coordinates":[121.0242827,14.5540286]}},
{"type":"Feature","properties":{"@id":"node/5176018152","natural":"tree"},"geometry":{"type":"Point","coordinates":[121.0242558,14.5539494]}},
{"type":"Feature","properties":{"@id":"node/5176018153","natural":"tree"},"geometry":{"type":"Point","coordinates":[121.0248097,14.554122]}},
{"type":"Feature","properties":{"@id":"node/5176018154","natural":"tree"},"geometry":{"type":"Point","coordinates":[121.0248727,14.554074]}},
{"type":"Feature","properties":{"@id":"node/5176018155","natural":"tree"},"geometry":{"type":"Point","coordinates":[121.0249371,14.5540337]}},
{"type":"Feature","properties":{"@id":"node/5176018156","natural":"tree"},"geometry":{"type":"Point","coordinates":[121.0242076,14.5539091]}},
{"type":"Feature","properties":{"@id":"node/5176018157","natural":"tree"},"geometry":{"type":"Point","coordinates":[121.0241593,14.5538377]}},
{"type":"Feature","properties":{"@id":"node/5176018158","natural":"tree"},"geometry":{"type":"Point","coordinates":[121.0244034,14.5551916]}},
{"type":"Feature","properties":{"@id":"node/5176018159","natural":"tree"},"geometry":{"type":"Point","coordinates":[121.0244624,14.5553033]}},
{"type":"Feature","properties":{"@id":"node/5176018160","natural":"tree"},"geometry":{"type":"Point","coordinates":[121.0245026,14.5553798]}},
{"type":"Feature","properties":{"@id":"node/5176018161","natural":"tree"},"geometry":{"type":"Point","coordinates":[121.0241687,14.5552864]}},
{"type":"Feature","properties":{"@id":"node/5176018162","natural":"tree"},"geometry":{"type":"Point","coordinates":[121.0248178,14.5555681]}},
{"type":"Feature","properties":{"@id":"node/5176018163","natural":"tree"},"geometry":{"type":"Point","coordinates":[121.0249009,14.5556927]}},
{"type":"Feature","properties":{"@id":"node/5176018164","natural":"tree"},"geometry":{"type":"Point","coordinates":[121.0249452,14.5557965]}},
{"type":"Feature","properties":{"@id":"node/5176018165","natural":"tree"},"geometry":{"type":"Point","coordinates":[121.0249814,14.55589]}},
{"type":"Feature","properties":{"@id":"node/5176018166","natural":"tree"},"geometry":{"type":"Point","coordinates":[121.0250381,14.5560001]}},
{"type":"Feature","properties":{"@id":"node/5176018167","natural":"tree"},"geometry":{"type":"Point","coordinates":[121.0250887,14.556086]}},
{"type":"Feature","properties":{"@id":"node/5176018168","natural":"tree"},"geometry":{"type":"Point","coordinates":[121.0251233,14.5561653]}},
{"type":"Feature","properties":{"@id":"node/5176018169","natural":"tree"},"geometry":{"type":"Point","coordinates":[121.0252228,14.5563144]}},
{"type":"Feature","properties":{"@id":"node/5176018170","natural":"tree"},"geometry":{"type":"Point","coordinates":[121.0252984,14.556505]}},
{"type":"Feature","properties":{"@id":"node/5176018171","natural":"tree"},"geometry":{"type":"Point","coordinates":[121.0253498,14.5566047]}},
{"type":"Feature","properties":{"@id":"node/5176018172","natural":"tree"},"geometry":{"type":"Point","coordinates":[121.0253983,14.5566988]}},
{"type":"Feature","properties":{"@id":"node/5176018173","natural":"tree"},"geometry":{"type":"Point","coordinates":[121.0254601,14.5568025]}},
{"type":"Feature","properties":{"@id":"node/5176018174","natural":"tree"},"geometry":{"type":"Point","coordinates":[121.025503,14.5569019]}},
{"type":"Feature","properties":{"@id":"node/5176018175","natural":"tree"},"geometry":{"type":"Point","coordinates":[121.0255436,14.5569808]}},
{"type":"Feature","properties":{"@id":"node/5176018176","natural":"tree"},"geometry":{"type":"Point","coordinates":[121.0256264,14.5571413]}},
{"type":"Feature","properties":{"@id":"node/5176018177","natural":"tree"},"geometry":{"type":"Point","coordinates":[121.0255889,14.5570686]}},
{"type":"Feature","properties":{"@id":"node/5176018178","natural":"tree"},"geometry":{"type":"Point","coordinates":[121.0256989,14.5549086]}},
{"type":"Feature","properties":{"@id":"node/5176018179","natural":"tree"},"geometry":{"type":"Point","coordinates":[121.0256211,14.5551786]}},
{"type":"Feature","properties":{"@id":"node/5176018180","natural":"tree"},"geometry":{"type":"Point","coordinates":[121.0254172,14.5552397]}},
{"type":"Feature","properties":{"@id":"node/5176018181","natural":"tree"},"geometry":{"type":"Point","coordinates":[121.0258129,14.5546659]}},
{"type":"Feature","properties":{"@id":"node/5176018182","natural":"tree"},"geometry":{"type":"Point","coordinates":[121.026061,14.5544686]}},
{"type":"Feature","properties":{"@id":"node/5176018183","natural":"tree"},"geometry":{"type":"Point","coordinates":[121.0258893,14.5544271]}},
{"type":"Feature","properties":{"@id":"node/5176018184","natural":"tree"},"geometry":{"type":"Point","coordinates":[121.0259993,14.5543531]}},
{"type":"Feature","properties":{"@id":"node/5176018185","natural":"tree"},"geometry":{"type":"Point","coordinates":[121.025947,14.5545737]}},
{"type":"Feature","properties":{"@id":"node/5176018186","natural":"tree"},"geometry":{"type":"Point","coordinates":[121.0257002,14.5554551]}},
{"type":"Feature","properties":{"@id":"node/5176018187","natural":"tree"},"geometry":{"type":"Point","coordinates":[121.0257927,14.5557952]}},
{"type":"Feature","properties":{"@id":"node/5176018188","natural":"tree"},"geometry":{"type":"Point","coordinates":[121.0256036,14.555912]}},
{"type":"Feature","properties":{"@id":"node/5176018189","natural":"tree"},"geometry":{"type":"Point","coordinates":[121.0257538,14.5556979]}},
{"type":"Feature","properties":{"@id":"node/5176018190","natural":"tree"},"geometry":{"type":"Point","coordinates":[121.0257243,14.5556005]}},
{"type":"Feature","properties":{"@id":"node/5176018191","natural":"tree"},"geometry":{"type":"Point","coordinates":[121.0257136,14.5555343]}},
{"type":"Feature","properties":{"@id":"node/5176018192","natural":"tree"},"geometry":{"type":"Point","coordinates":[121.0235142,14.5552591]}},
{"type":"Feature","properties":{"@id":"node/5176018193","natural":"tree"},"geometry":{"type":"Point","coordinates":[121.023415,14.5553253]}},
{"type":"Feature","properties":{"@id":"node/5176018194","natural":"tree"},"geometry":{"type":"Point","coordinates":[121.0233157,14.5553863]}},
{"type":"Feature","properties":{"@id":"node/5176018195","natural":"tree"},"geometry":{"type":"Point","coordinates":[121.0231964,14.5554616]}},
{"type":"Feature","properties":{"@id":"node/5176018196","natural":"tree"},"geometry":{"type":"Point","coordinates":[121.0230985,14.5555239]}},
{"type":"Feature","properties":{"@id":"node/5176018197","natural":"tree"},"geometry":{"type":"Point","coordinates":[121.0229818,14.5556122]}},
{"type":"Feature","properties":{"@id":"node/5176018198","natural":"tree"},"geometry":{"type":"Point","coordinates":[121.0226304,14.5558329]}},
{"type":"Feature","properties":{"@id":"node/5176018199","natural":"tree"},"geometry":{"type":"Point","coordinates":[121.0225137,14.5559146]}},
{"type":"Feature","properties":{"@id":"node/5176018200","natural":"tree"},"geometry":{"type":"Point","coordinates":[121.0224453,14.5559601]}},
{"type":"Feature","properties":{"@id":"node/5176018201","natural":"tree"},"geometry":{"type":"Point","coordinates":[121.0223313,14.5560444]}},
{"type":"Feature","properties":{"@id":"node/5176018202","natural":"tree"},"geometry":{"type":"Point","coordinates":[121.0222308,14.5561068]}},
{"type":"Feature","properties":{"@id":"node/5176018203","natural":"tree"},"geometry":{"type":"Point","coordinates":[121.0221288,14.5561769]}},
{"type":"Feature","properties":{"@id":"node/5176018204","natural":"tree"},"geometry":{"type":"Point","coordinates":[121.0220122,14.5562664]}},
{"type":"Feature","properties":{"@id":"node/5176018205","natural":"tree"},"geometry":{"type":"Point","coordinates":[121.021921,14.5563235]}},
{"type":"Feature","properties":{"@id":"node/5176018206","natural":"tree"},"geometry":{"type":"Point","coordinates":[121.0217989,14.5563806]}},
{"type":"Feature","properties":{"@id":"node/5176018207","natural":"tree"},"geometry":{"type":"Point","coordinates":[121.0216863,14.5564702]}},
{"type":"Feature","properties":{"@id":"node/5176018208","natural":"tree"},"geometry":{"type":"Point","coordinates":[121.0215897,14.5565234]}},
{"type":"Feature","properties":{"@id":"node/5176018209","natural":"tree"},"geometry":{"type":"Point","coordinates":[121.0218311,14.5566493]}},
{"type":"Feature","properties":{"@id":"node/5176018210","natural":"tree"},"geometry":{"type":"Point","coordinates":[121.021807,14.5567285]}},
{"type":"Feature","properties":{"@id":"node/5176018211","natural":"tree"},"geometry":{"type":"Point","coordinates":[121.0218888,14.5567675]}},
{"type":"Feature","properties":{"@id":"node/5176018212","natural":"tree"},"geometry":{"type":"Point","coordinates":[121.0226653,14.5572756]}},
{"type":"Feature","properties":{"@id":"node/5176018213","natural":"tree"},"geometry":{"type":"Point","coordinates":[121.0225456,14.5572412]}},
{"type":"Feature","properties":{"@id":"node/5176018214","natural":"tree"},"geometry":{"type":"Point","coordinates":[121.0224125,14.5572029]}},
{"type":"Feature","properties":{"@id":"node/5176018215","natural":"tree"},"geometry":{"type":"Point","coordinates":[121.0222866,14.5571667]}},
{"type":"Feature","properties":{"@id":"node/5176018216","natural":"tree"},"geometry":{"type":"Point","coordinates":[121.0221557,14.557129]}},
{"type":"Feature","properties":{"@id":"node/5176018217","natural":"tree"},"geometry":{"type":"Point","coordinates":[121.0220417,14.5570608]}},
{"type":"Feature","properties":{"@id":"node/5212614441","natural":"tree"},"geometry":{"type":"Point","coordinates":[121.0251961,14.5539879]}},
{"type":"Feature","properties":{"@id":"node/5212614442","natural":"tree"},"geometry":{"type":"Point","coordinates":[121.0252752,14.5539256]}},
{"type":"Feature","properties":{"@id":"node/5212614443","natural":"tree"},"geometry":{"type":"Point","coordinates":[121.0254629,14.5537971]}},
{"type":"Feature","properties":{"@id":"node/5212614444","natural":"tree"},"geometry":{"type":"Point","coordinates":[121.0253677,14.5538646]}},
{"type":"Feature","properties":{"@id":"node/5212614445","natural":"tree"},"geometry":{"type":"Point","coordinates":[121.0255474,14.5537452]}},
{"type":"Feature","properties":{"@id":"node/5212614446","natural":"tree"},"geometry":{"type":"Point","coordinates":[121.0250754,14.5540593]}},
{"type":"Feature","properties":{"@id":"node/5212614447","natural":"tree"},"geometry":{"type":"Point","coordinates":[121.0249399,14.5541424]}},
{"type":"Feature","properties":{"@id":"node/5212614448","natural":"tree"},"geometry":{"type":"Point","coordinates":[121.0247294,14.5543073]}},
{"type":"Feature","properties":{"@id":"node/5212614449","natural":"tree"},"geometry":{"type":"Point","coordinates":[121.0248138,14.5542398]}},
{"type":"Feature","properties":{"@id":"node/5212614450","natural":"tree"},"geometry":{"type":"Point","coordinates":[121.0247039,14.5546292]}},
{"type":"Feature","properties":{"@id":"node/5212614451","natural":"tree"},"geometry":{"type":"Point","coordinates":[121.0248903,14.5545163]}},
{"type":"Feature","properties":{"@id":"node/5212614452","natural":"tree"},"geometry":{"type":"Point","coordinates":[121.0249869,14.5544695]}},
{"type":"Feature","properties":{"@id":"node/5212614453","natural":"tree"},"geometry":{"type":"Point","coordinates":[121.025129,14.5543735]}},
{"type":"Feature","properties":{"@id":"node/5212614454","natural":"tree"},"geometry":{"type":"Point","coordinates":[121.0251827,14.5543332]}},
{"type":"Feature","properties":{"@id":"node/5212614455","natural":"tree"},"geometry":{"type":"Point","coordinates":[121.0255059,14.5541281]}},
{"type":"Feature","properties":{"@id":"node/5212614456","natural":"tree"},"geometry":{"type":"Point","coordinates":[121.025581,14.5540775]}},
{"type":"Feature","properties":{"@id":"node/5212614457","natural":"tree"},"geometry":{"type":"Point","coordinates":[121.0257834,14.5535674]}},
{"type":"Feature","properties":{"@id":"node/5212614458","natural":"tree"},"geometry":{"type":"Point","coordinates":[121.0256869,14.5536401]}},
{"type":"Feature","properties":{"@id":"node/5244197724","amenity":"bicycle_parking","operator":"Ayala Triangle MSE Bldg Bike Parking"},"geometry":{"type":"Point","coordinates":[121.0241726,14.5556615]}},
{"type":"Feature","properties":{"@id":"node/5260755732","name":"Philippine Airlines (PAL)","name:en":"Philippine Airlines (PAL)","shop":"ticket"},"geometry":{"type":"Point","coordinates":[121.023415,14.5550932]}},
{"type":"Feature","properties":{"@id":"node/5285151421","addr:city":"Makati City","addr:floor":"27F","addr:housename":"BDO Equitable Tower","addr:housenumber":"8751","addr:postcode":"1226","addr:province":"Metro Manila","addr:street":"Paseo de Roxas","country":"ES","diplomatic":"embassy","embassy":"yes","name":"Embassy of Spain","name:en":"Embassy of Spain","name:es":"Embajada de España","name:fr":"Ambassade d'Espagne","office":"diplomatic","phone":"+63 2 817 9997","target":"PH","wikidata":"Q65173828"},"geometry":{"type":"Point","coordinates":[121.0238972,14.5578979]}},
{"type":"Feature","properties":{"@id":"node/5392032423","addr:city":"Makati","addr:housename":"139 Corporate Center","addr:housenumber":"139","addr:neighbourhood":"Salcedo Village","addr:street":"Valero Street"},"geometry":{"type":"Point","coordinates":[121.0220237,14.5580518]}},
{"type":"Feature","properties":{"@id":"node/5400326984","addr:city":"Makati","addr:housename":"Twin Cities Condominium","addr:housenumber":"110","addr:postcode":"1229","addr:street":"Legazpi Street","amenity":"coworking_space","name":"ASpace (moved to the Astbury, Poblaciion)","phone":"+632 542 7842","website":"https://www.aspacemanila.com/"},"geometry":{"type":"Point","coordinates":[121.0218564,14.5538904]}},
{"type":"Feature","properties":{"@id":"node/5443155922","amenity":"ice_cream","name":"Carmen’s Best"},"geometry":{"type":"Point","coordinates":[121.0234902,14.5589027]}},
{"type":"Feature","properties":{"@id":"node/5479537921","name":"PhilamLife Tower","shop":"general"},"geometry":{"type":"Point","coordinates":[121.0216465,14.5572601]}},
{"type":"Feature","properties":{"@id":"node/5586243655","name":"W.V. Coscolluela Advertising","office":"advertising_agency"},"geometry":{"type":"Point","coordinates":[121.0214115,14.5543126]}},
{"type":"Feature","properties":{"@id":"node/5811465854","addr:street":"Dela Rosa Access Road 1","name":"Microbitz","office":"company"},"geometry":{"type":"Point","coordinates":[121.0218768,14.5555683]}},
{"type":"Feature","properties":{"@id":"node/5880280551","access":"private","barrier":"lift_gate"},"geometry":{"type":"Point","coordinates":[121.0256927,14.5583561]}},
{"type":"Feature","properties":{"@id":"node/5883219023","amenity":"parking_entrance","description":"large underground paid parking","fee":"yes","name":"Greenbelt 5 Basement","parking":"underground"},"geometry":{"type":"Point","coordinates":[121.0228876,14.5538802]}},
{"type":"Feature","properties":{"@id":"node/5965059385","name":"Agustea Ship Manning Philippines Inc.","office":"company"},"geometry":{"type":"Point","coordinates":[121.024133,14.558077]}},
{"type":"Feature","properties":{"@id":"node/6046692689","addr:street":"Perea Street","name":"Pound i.t","shop":"computer"},"geometry":{"type":"Point","coordinates":[121.0207755,14.5546784]}},
{"type":"Feature","properties":{"@id":"node/6089002886","email":"crewing.dalisay@dsp.net.ph","name":"Dalisay Shipping Corp.","office":"company","opening_hours":"Mo-Fr 08:00-17:00","phone":"+6328942945"},"geometry":{"type":"Point","coordinates":[121.0201366,14.5549899]}},
{"type":"Feature","properties":{"@id":"node/6120638375","bench":"no","bin":"no","bus":"yes","highway":"bus_stop","lit":"yes","name":"Makati Stock Exchange","network":"LTFRB National Capital Region","network:short":"LTFRB NCR","network:wikidata":"Q6483998","operator":"Makati Traffic and Parking Bureau","public_transport":"platform","shelter":"yes"},"geometry":{"type":"Point","coordinates":[121.0223463,14.5558301]}},
{"type":"Feature","properties":{"@id":"node/6222438658","amenity":"bicycle_parking","name":"Bike rack"},"geometry":{"type":"Point","coordinates":[121.0265474,14.5568974]}},
{"type":"Feature","properties":{"@id":"node/6321231585","addr:street":"Makati Avenue","name":"BIR RDO 50","office":"government"},"geometry":{"type":"Point","coordinates":[121.0262217,14.5571958]}},
{"type":"Feature","properties":{"@id":"node/6351447493","addr:floor":"3/F","addr:postcode":"1229","addr:street":"Paseo de Roxas","addr:street:corner":"Perea","email":"orders@info.lazada.com.ph","name":"Lazada Philippines","name:en":"Lazada Philippines","office":"company","opening_hours":"Mo-Su 08:00-24:00","operator":"+63 2 795 8900","phone":"+63 2 795 8900"},"geometry":{"type":"Point","coordinates":[121.0200837,14.5547883]}},
{"type":"Feature","properties":{"@id":"node/6464239785","amenity":"restaurant","name":"Lo de Alberto Taqueria"},"geometry":{"type":"Point","coordinates":[121.0216935,14.5542853]}},
{"type":"Feature","properties":{"@id":"node/6535127078","addr:city":"Makati","addr:floor":"7","addr:postcode":"1225","addr:street":"Makati Avenue","name":"McKinsey & Company","office":"company","phone":"+6324593900","website":"https://www.mckinsey.com/ph","wikidata":"Q310207"},"geometry":{"type":"Point","coordinates":[121.0264968,14.5579736]}},
{"type":"Feature","properties":{"@id":"node/6576682972","barrier":"gate"},"geometry":{"type":"Point","coordinates":[121.0255435,14.5590713]}},
{"type":"Feature","properties":{"@id":"node/6584242727","name":"Car Lines Rent-A-Car","shop":"car"},"geometry":{"type":"Point","coordinates":[121.0264836,14.5538337]}},
{"type":"Feature","properties":{"@id":"node/6588973054","button_operated":"no","crossing":"traffic_signals","crossing:markings":"zebra","highway":"crossing","kerb":"lowered","tactile_paving":"no"},"geometry":{"type":"Point","coordinates":[121.0224564,14.5544747]}},
{"type":"Feature","properties":{"@id":"node/6589362794","amenity":"restaurant","cuisine":"japanese","name":"Araya Ramen"},"geometry":{"type":"Point","coordinates":[121.0212788,14.5554069]}},
{"type":"Feature","properties":{"@id":"node/6589495557","button_operated":"no","crossing":"traffic_signals","crossing:markings":"surface","crossing:signals":"yes","highway":"crossing","kerb":"flush","tactile_paving":"no","wheelchair":"yes"},"geometry":{"type":"Point","coordinates":[121.0214958,14.5535305]}},
{"type":"Feature","properties":{"@id":"node/6589495558","button_operated":"no","crossing":"traffic_signals","crossing:markings":"surface","crossing:signals":"yes","highway":"crossing","kerb":"flush","tactile_paving":"no","wheelchair":"yes"},"geometry":{"type":"Point","coordinates":[121.0214224,14.5535293]}},
{"type":"Feature","properties":{"@id":"node/6589495563","name":"Said Sew","shop":"tailor"},"geometry":{"type":"Point","coordinates":[121.0224107,14.5546586]}},
{"type":"Feature","properties":{"@id":"node/6589495564","button_operated":"no","crossing":"traffic_signals","crossing:island":"no","crossing:markings":"zebra","highway":"crossing","kerb":"lowered","tactile_paving":"no"},"geometry":{"type":"Point","coordinates":[121.0224437,14.5545546]}},
{"type":"Feature","properties":{"@id":"node/6614543460","highway":"stop"},"geometry":{"type":"Point","coordinates":[121.0214494,14.5549984]}},
{"type":"Feature","properties":{"@id":"node/6620581285","crossing":"traffic_signals","crossing:markings":"zebra","crossing:signals":"yes","highway":"traffic_signals","kerb":"lowered","supervised":"no"},"geometry":{"type":"Point","coordinates":[121.023127,14.5538988]}},
{"type":"Feature","properties":{"@id":"node/6622540197","barrier":"bollard","height":"1","material":"concrete"},"geometry":{"type":"Point","coordinates":[121.0216396,14.5563813]}},
{"type":"Feature","properties":{"@id":"node/6624650408","crossing":"uncontrolled","crossing:island":"no","crossing:markings":"zebra","highway":"crossing","kerb":"lowered"},"geometry":{"type":"Point","coordinates":[121.0253261,14.5561798]}},
{"type":"Feature","properties":{"@id":"node/6624650409","crossing":"uncontrolled","highway":"crossing"},"geometry":{"type":"Point","coordinates":[121.0249687,14.5557072]}},
{"type":"Feature","properties":{"@id":"node/6624650410","crossing":"uncontrolled","highway":"crossing"},"geometry":{"type":"Point","coordinates":[121.0248571,14.5557589]}},
{"type":"Feature","properties":{"@id":"node/6626901795","crossing":"uncontrolled","crossing:markings":"zebra","highway":"crossing"},"geometry":{"type":"Point","coordinates":[121.0222631,14.558895]}},
{"type":"Feature","properties":{"@id":"node/6626901796","crossing":"uncontrolled","crossing:island":"no","crossing:markings":"zebra","highway":"crossing"},"geometry":{"type":"Point","coordinates":[121.0222363,14.5589874]}},
{"type":"Feature","properties":{"@id":"node/6626901797","crossing":"uncontrolled","crossing:markings":"zebra","highway":"crossing"},"geometry":{"type":"Point","coordinates":[121.0223108,14.5589502]}},
{"type":"Feature","properties":{"@id":"node/6626901798","crossing":"uncontrolled","crossing:markings":"zebra","highway":"crossing"},"geometry":{"type":"Point","coordinates":[121.0221889,14.5589178]}},
{"type":"Feature","properties":{"@id":"node/6626957906","crossing":"traffic_signals","crossing:markings":"zebra","highway":"crossing"},"geometry":{"type":"Point","coordinates":[121.0259533,14.5581987]}},
{"type":"Feature","properties":{"@id":"node/6626957907","crossing":"traffic_signals","crossing:markings":"zebra","highway":"crossing"},"geometry":{"type":"Point","coordinates":[121.0259199,14.5582976]}},
{"type":"Feature","properties":{"@id":"node/6626957911","crossing":"yes"},"geometry":{"type":"Point","coordinates":[121.0250858,14.5581703]}},
{"type":"Feature","properties":{"@id":"node/6626957913","crossing":"uncontrolled","highway":"crossing"},"geometry":{"type":"Point","coordinates":[121.0248014,14.559089]}},
{"type":"Feature","properties":{"@id":"node/6626957914","crossing":"uncontrolled","highway":"crossing"},"geometry":{"type":"Point","coordinates":[121.0248639,14.5591701]}},
{"type":"Feature","properties":{"@id":"node/6626957915","crossing":"uncontrolled","highway":"crossing"},"geometry":{"type":"Point","coordinates":[121.0246898,14.5591194]}},
{"type":"Feature","properties":{"@id":"node/6627027146","crossing":"traffic_signals","crossing:markings":"zebra","highway":"crossing"},"geometry":{"type":"Point","coordinates":[121.026191,14.5580845]}},
{"type":"Feature","properties":{"@id":"node/6627027147","crossing":"traffic_signals","crossing:markings":"zebra","highway":"crossing"},"geometry":{"type":"Point","coordinates":[121.0260599,14.5580886]}},
{"type":"Feature","properties":{"@id":"node/6698623097","crossing":"traffic_signals","crossing:markings":"zebra","highway":"crossing","mapillary":"3296962930406788","source:position":"Mapillary 2019-05-05","survey:date":"2019-05-05"},"geometry":{"type":"Point","coordinates":[121.0264204,14.5585268]}},
{"type":"Feature","properties":{"@id":"node/6698683186","button_operated":"yes","check_date":"2026-10-05","check_date:traffic_signals:vibration":"2026-10-05","crossing":"traffic_signals","crossing:markings":"zebra","highway":"crossing","kerb":"flush","mapillary":"269812761595103","source:position":"Mapillary 2019-05-05","traffic_signals:vibration":"no"},"geometry":{"type":"Point","coordinates":[121.0224545,14.5584713]}},
{"type":"Feature","properties":{"@id":"node/6703629186","crossing":"uncontrolled","crossing:island":"no","crossing:markings":"zebra","highway":"crossing","kerb":"lowered"},"geometry":{"type":"Point","coordinates":[121.0258424,14.5539425]}},
{"type":"Feature","properties":{"@id":"node/6703629195","crossing":"uncontrolled","crossing:markings":"zebra","highway":"crossing","kerb":"lowered"},"geometry":{"type":"Point","coordinates":[121.0263658,14.5544457]}},
{"type":"Feature","properties":{"@id":"node/6703629196","crossing":"uncontrolled","crossing:markings":"zebra","highway":"crossing","kerb":"lowered"},"geometry":{"type":"Point","coordinates":[121.0262654,14.5544522]}},
{"type":"Feature","properties":{"@id":"node/6703629197","access":"private","barrier":"lift_gate","barrier:personnel":"additional"},"geometry":{"type":"Point","coordinates":[121.0263165,14.5545192]}},
{"type":"Feature","properties":{"@id":"node/6707563156","addr2:street":"Legazpi Street","addr:city":"Makati","addr:floor":"G/F","addr:housename":"Prince Plaza II","addr:housenumber":"101","addr:street":"Dela Rosa Street","amenity":"cafe","level":"0","name":"Yi Fang","outdoor_seating":"no","takeaway":"yes"},"geometry":{"type":"Point","coordinates":[121.0226452,14.5541518]}},
{"type":"Feature","properties":{"@id":"node/6773492409","button_operated":"yes","check_date":"2026-10-05","check_date:traffic_signals:vibration":"2026-10-05","crossing":"traffic_signals","crossing:markings":"zebra","highway":"crossing","kerb":"flush","mapillary":"269812761595103","source:position":"Mapillary 2019-05-05","traffic_signals:vibration":"no"},"geometry":{"type":"Point","coordinates":[121.0224312,14.5583406]}},
{"type":"Feature","properties":{"@id":"node/6773492611","crossing":"traffic_signals","crossing:markings":"zebra","highway":"crossing","mapillary":"3024704764428419","source:position":"Mapillary 2019-05-05","survey:date":"2019-05-05","traffic_signals:sound":"no"},"geometry":{"type":"Point","coordinates":[121.0265197,14.5583665]}},
{"type":"Feature","properties":{"@id":"node/6773494886","button_operated":"no","crossing":"traffic_signals","crossing:markings":"zebra","highway":"crossing","kerb":"lowered","mapillary":"997817631025771","source:position":"Mapillary 2016-09-30","survey:date":"2019-05-05"},"geometry":{"type":"Point","coordinates":[121.0205654,14.555687]}},
{"type":"Feature","properties":{"@id":"node/6773550182","button_operated":"no","crossing":"traffic_signals","crossing:markings":"zebra","highway":"crossing","kerb":"lowered"},"geometry":{"type":"Point","coordinates":[121.0203254,14.5556802]}},
{"type":"Feature","properties":{"@id":"node/6773550183","button_operated":"no","crossing":"traffic_signals","crossing:markings":"zebra","highway":"crossing","kerb":"lowered"},"geometry":{"type":"Point","coordinates":[121.0203983,14.5556339]}},
{"type":"Feature","properties":{"@id":"node/6786956986","button_operated":"yes","check_date":"2026-10-05","check_date:traffic_signals:vibration":"2026-10-05","crossing":"traffic_signals","crossing:markings":"zebra","highway":"crossing","kerb":"flush","mapillary":"269812761595103","source:position":"Mapillary 2019-05-05","traffic_signals:vibration":"no"},"geometry":{"type":"Point","coordinates":[121.0223788,14.5585011]}},
{"type":"Feature","properties":{"@id":"node/6849079086","crossing":"uncontrolled","crossing:markings":"zebra","highway":"crossing","mapillary":"177675027452146","source:position":"Mapillary 2018-02-06","survey:date":"2018-02-06","tactile_paving":"no"},"geometry":{"type":"Point","coordinates":[121.0211843,14.5554056]}},
{"type":"Feature","properties":{"@id":"node/6975535292","colour":"yellow","emergency":"fire_hydrant","fire_hydrant:position":"sidewalk","fire_hydrant:type":"pillar","water_source":"main"},"geometry":{"type":"Point","coordinates":[121.0224817,14.55834]}},
{"type":"Feature","properties":{"@id":"node/6997882493","crossing":"uncontrolled","highway":"crossing"},"geometry":{"type":"Point","coordinates":[121.0266201,14.5586365]}},
{"type":"Feature","properties":{"@id":"node/6997882494","barrier":"kerb","wheelchair":"yes"},"geometry":{"type":"Point","coordinates":[121.026645,14.5586549]}},
{"type":"Feature","properties":{"@id":"node/6997882496","barrier":"kerb","kerb":"lowered","wheelchair":"yes"},"geometry":{"type":"Point","coordinates":[121.0262538,14.5580777]}},
{"type":"Feature","properties":{"@id":"node/6997882497","crossing":"traffic_signals","crossing:markings":"zebra","highway":"crossing"},"geometry":{"type":"Point","coordinates":[121.0264956,14.5584623]}},
{"type":"Feature","properties":{"@id":"node/6997882498","barrier":"kerb","kerb":"lowered","wheelchair":"yes"},"geometry":{"type":"Point","coordinates":[121.0265332,14.558309]}},
{"type":"Feature","properties":{"@id":"node/6997882509","crossing":"uncontrolled","highway":"crossing"},"geometry":{"type":"Point","coordinates":[121.0258513,14.5580022]}},
{"type":"Feature","properties":{"@id":"node/6997882518","barrier":"kerb","kerb":"lowered","wheelchair":"yes"},"geometry":{"type":"Point","coordinates":[121.025876,14.5580273]}},
{"type":"Feature","properties":{"@id":"node/6997882520","barrier":"kerb","kerb":"lowered","wheelchair":"yes"},"geometry":{"type":"Point","coordinates":[121.0258186,14.5579745]}},
{"type":"Feature","properties":{"@id":"node/6997882521","barrier":"kerb","kerb":"lowered","wheelchair":"yes"},"geometry":{"type":"Point","coordinates":[121.0259805,14.5581029]}},
{"type":"Feature","properties":{"@id":"node/6997882522","crossing":"traffic_signals","crossing:markings":"zebra","highway":"crossing"},"geometry":{"type":"Point","coordinates":[121.0263203,14.558564]}},
{"type":"Feature","properties":{"@id":"node/6997882523","barrier":"kerb","wheelchair":"yes"},"geometry":{"type":"Point","coordinates":[121.0264829,14.558513]}},
{"type":"Feature","properties":{"@id":"node/6997882524","barrier":"kerb","wheelchair":"yes"},"geometry":{"type":"Point","coordinates":[121.0262544,14.5585885]}},
{"type":"Feature","properties":{"@id":"node/6997960332","access":"yes","barrier":"kerb","kerb":"flush","wheelchair":"yes"},"geometry":{"type":"Point","coordinates":[121.0221991,14.5588792]}},
{"type":"Feature","properties":{"@id":"node/6997960333","access":"yes","barrier":"kerb","kerb":"flush","wheelchair":"yes"},"geometry":{"type":"Point","coordinates":[121.0223215,14.5589094]}},
{"type":"Feature","properties":{"@id":"node/6997960334","access":"yes","barrier":"kerb","kerb":"flush","wheelchair":"yes"},"geometry":{"type":"Point","coordinates":[121.022297,14.5590024]}},
{"type":"Feature","properties":{"@id":"node/6997960335","access":"yes","barrier":"kerb","kerb":"flush","wheelchair":"yes"},"geometry":{"type":"Point","coordinates":[121.0221746,14.5589721]}},
{"type":"Feature","properties":{"@id":"node/6997960336","button_operated":"yes","crossing":"traffic_signals","crossing:markings":"zebra","highway":"crossing","kerb":"flush","traffic_signals:vibration":"no"},"geometry":{"type":"Point","coordinates":[121.022315,14.5584306]}},
{"type":"Feature","properties":{"@id":"node/6997960337","access":"yes","barrier":"kerb","kerb":"flush","wheelchair":"yes"},"geometry":{"type":"Point","coordinates":[121.0224405,14.5585183]}},
{"type":"Feature","properties":{"@id":"node/6997960338","access":"yes","barrier":"kerb","kerb":"flush","wheelchair":"yes"},"geometry":{"type":"Point","coordinates":[121.0224895,14.5583574]}},
{"type":"Feature","properties":{"@id":"node/6997960339","access":"yes","barrier":"kerb","kerb":"flush","wheelchair":"yes"},"geometry":{"type":"Point","coordinates":[121.0223506,14.558317]}},
{"type":"Feature","properties":{"@id":"node/6997960340","access":"yes","barrier":"kerb","kerb":"flush","wheelchair":"yes"},"geometry":{"type":"Point","coordinates":[121.0223003,14.5584788]}},
{"type":"Feature","properties":{"@id":"node/6997960341","traffic_calming":"rumble_strip"},"geometry":{"type":"Point","coordinates":[121.022376,14.5585148]}},
{"type":"Feature","properties":{"@id":"node/7005838048","addr:city":"Makati","addr:housename":"Zuellig","addr:postcode":"1225","addr:province":"Manila","addr:street":"Paseo de Roxas","addr:street:corner":"Makati Avenue","alt_name:de":"Neuseeländische Botschaft","alt_name:mi":"Te Aka Aotearoa","country":"NZ","diplomatic":"embassy","email":"nzemmanila@mfat.govt.nz","embassy":"yes","fax":"+63 2 88915357","level":"35","name":"Embassy of New Zealand","name:de":"Botschaft von Neuseeland","name:en":"Embassy of New Zealand","name:es":"Embajada de Nueva Zelanda","name:fr":"Ambassade de Nouvelle-Zélande","name:mi":"Te Aka Aorere","office":"diplomatic","opening_hours":"Mo-Fr 08:00-12:30,13:30-16:30","phone":"+63 2 82343800","target":"PH","website":"https://www.mfat.govt.nz/en/countries-and-regions/south-east-asia/the-philippines/new-zealand-embassy/","wikidata":"Q76394443"},"geometry":{"type":"Point","coordinates":[121.0265489,14.5581013]}},
{"type":"Feature","properties":{"@id":"node/7007213050","colour":"yellow","emergency":"fire_hydrant","fire_hydrant:position":"sidewalk","fire_hydrant:type":"pillar","water_source":"main"},"geometry":{"type":"Point","coordinates":[121.0252565,14.556154]}},
{"type":"Feature","properties":{"@id":"node/7007213051","crossing":"uncontrolled","crossing:markings":"zebra","highway":"crossing","kerb":"lowered"},"geometry":{"type":"Point","coordinates":[121.0252976,14.5563568]}},
{"type":"Feature","properties":{"@id":"node/7007213052","crossing":"uncontrolled","crossing:markings":"zebra","highway":"crossing","kerb":"lowered"},"geometry":{"type":"Point","coordinates":[121.0251881,14.5564101]}},
{"type":"Feature","properties":{"@id":"node/7007213053","barrier":"kerb","kerb":"lowered","wheelchair":"yes"},"geometry":{"type":"Point","coordinates":[121.0251143,14.5564461]}},
{"type":"Feature","properties":{"@id":"node/7007213054","barrier":"kerb","kerb":"lowered","wheelchair":"yes"},"geometry":{"type":"Point","coordinates":[121.0253926,14.5563104]}},
{"type":"Feature","properties":{"@id":"node/7007213055","barrier":"kerb","kerb":"lowered","wheelchair":"yes"},"geometry":{"type":"Point","coordinates":[121.0252833,14.5560936]}},
{"type":"Feature","properties":{"@id":"node/7007461198","colour":"yellow","emergency":"fire_hydrant","fire_hydrant:position":"sidewalk","fire_hydrant:type":"pillar","water_source":"main"},"geometry":{"type":"Point","coordinates":[121.0226756,14.5548819]}},
{"type":"Feature","properties":{"@id":"node/7007461199","amenity":"parking_entrance","parking":"underground"},"geometry":{"type":"Point","coordinates":[121.0209583,14.5555926]}},
{"type":"Feature","properties":{"@id":"node/7007461200","addr:city":"Makati","addr:housenumber":"107","addr:street":"Dela Rosa Street"},"geometry":{"type":"Point","coordinates":[121.0209918,14.555281]}},
{"type":"Feature","properties":{"@id":"node/7007461201","barrier":"kerb","kerb":"raised","wheelchair":"yes"},"geometry":{"type":"Point","coordinates":[121.0212244,14.5553778]}},
{"type":"Feature","properties":{"@id":"node/7007461202","barrier":"kerb","kerb":"lowered","wheelchair":"yes"},"geometry":{"type":"Point","coordinates":[121.0211128,14.5554527]}},
{"type":"Feature","properties":{"@id":"node/7007461203","barrier":"kerb","kerb":"lowered","wheelchair":"yes"},"geometry":{"type":"Point","coordinates":[121.0215083,14.5549997]}},
{"type":"Feature","properties":{"@id":"node/7007461204","barrier":"kerb","kerb":"lowered","wheelchair":"yes"},"geometry":{"type":"Point","coordinates":[121.0214561,14.5550322]}},
{"type":"Feature","properties":{"@id":"node/7007461205","crossing":"uncontrolled","crossing:markings":"zebra","highway":"crossing","kerb":"lowered","tactile_paving":"no"},"geometry":{"type":"Point","coordinates":[121.0217951,14.5549106]}},
{"type":"Feature","properties":{"@id":"node/7007461206","barrier":"kerb","kerb":"lowered","wheelchair":"yes"},"geometry":{"type":"Point","coordinates":[121.021817,14.5549395]}},
{"type":"Feature","properties":{"@id":"node/7007461207","barrier":"kerb","kerb":"lowered","wheelchair":"yes"},"geometry":{"type":"Point","coordinates":[121.0217459,14.5548441]}},
{"type":"Feature","properties":{"@id":"node/7007461208","colour":"yellow","emergency":"fire_hydrant","fire_hydrant:position":"sidewalk","fire_hydrant:type":"pillar","water_source":"main"},"geometry":{"type":"Point","coordinates":[121.0218615,14.5548092]}},
{"type":"Feature","properties":{"@id":"node/7007461209","access":"yes","amenity":"bicycle_parking","bicycle_parking":"rack","capacity":"11","covered":"no","fee":"no"},"geometry":{"type":"Point","coordinates":[121.0218026,14.5546236]}},
{"type":"Feature","properties":{"@id":"node/7007461212","crossing":"uncontrolled","crossing:markings":"surface","highway":"crossing"},"geometry":{"type":"Point","coordinates":[121.0218789,14.5547519]}},
{"type":"Feature","properties":{"@id":"node/7007461213","direction":"forward","highway":"stop"},"geometry":{"type":"Point","coordinates":[121.0224595,14.5544727]}},
{"type":"Feature","properties":{"@id":"node/7007461214","barrier":"kerb","kerb":"lowered"},"geometry":{"type":"Point","coordinates":[121.0223972,14.554584]}},
{"type":"Feature","properties":{"@id":"node/7007461215","button_operated":"no","crossing":"traffic_signals","crossing:markings":"zebra","highway":"crossing","kerb":"lowered","tactile_paving":"no"},"geometry":{"type":"Point","coordinates":[121.0223769,14.5544579]}},
{"type":"Feature","properties":{"@id":"node/7007461216","barrier":"kerb","kerb":"lowered","wheelchair":"yes"},"geometry":{"type":"Point","coordinates":[121.0223305,14.5544876]}},
{"type":"Feature","properties":{"@id":"node/7007461217","barrier":"kerb","kerb":"lowered","wheelchair":"yes"},"geometry":{"type":"Point","coordinates":[121.0224726,14.5545008]}},
{"type":"Feature","properties":{"@id":"node/7007461218","barrier":"kerb","kerb":"lowered","wheelchair":"yes"},"geometry":{"type":"Point","coordinates":[121.0224258,14.5544266]}},
{"type":"Feature","properties":{"@id":"node/7007461219","barrier":"kerb","kerb":"lowered"},"geometry":{"type":"Point","coordinates":[121.0224889,14.5545265]}},
{"type":"Feature","properties":{"@id":"node/7007753989","button_operated":"no","crossing":"traffic_signals","crossing:markings":"zebra","highway":"crossing","kerb":"lowered","mapillary":"133170705470040","source:position":"Mapillary 2016-09-30","survey:date":"2019-05-05"},"geometry":{"type":"Point","coordinates":[121.0202602,14.5558792]}},
{"type":"Feature","properties":{"@id":"node/7007753990","barrier":"kerb","kerb":"lowered","wheelchair":"yes"},"geometry":{"type":"Point","coordinates":[121.0202951,14.5557062]}},
{"type":"Feature","properties":{"@id":"node/7007753991","barrier":"kerb","kerb":"lowered","wheelchair":"yes"},"geometry":{"type":"Point","coordinates":[121.0202189,14.5558207]}},
{"type":"Feature","properties":{"@id":"node/7007753992","barrier":"kerb","kerb":"lowered","wheelchair":"yes"},"geometry":{"type":"Point","coordinates":[121.0202955,14.5559326]}},
{"type":"Feature","properties":{"@id":"node/7007753993","barrier":"kerb","kerb":"lowered","wheelchair":"yes"},"geometry":{"type":"Point","coordinates":[121.0204956,14.555589]}},
{"type":"Feature","properties":{"@id":"node/7007753994","barrier":"kerb","kerb":"lowered","wheelchair":"yes"},"geometry":{"type":"Point","coordinates":[121.0205975,14.5557344]}},
{"type":"Feature","properties":{"@id":"node/7013402395","amenity":"bicycle_parking","bicycle_parking":"informal"},"geometry":{"type":"Point","coordinates":[121.0200356,14.5543075]}},
{"type":"Feature","properties":{"@id":"node/7013402429","barrier":"kerb","kerb":"lowered","wheelchair":"yes"},"geometry":{"type":"Point","coordinates":[121.0200073,14.555964]}},
{"type":"Feature","properties":{"@id":"node/7120603985","entrance":"main"},"geometry":{"type":"Point","coordinates":[121.0200062,14.5572923]}},
{"type":"Feature","properties":{"@id":"node/7120604085","amenity":"bank","brand":"HSBC","brand:wikidata":"Q190464","name":"HSBC","wheelchair":"yes"},"geometry":{"type":"Point","coordinates":[121.0211903,14.5564216]}},
{"type":"Feature","properties":{"@id":"node/7611149037","crossing":"uncontrolled","highway":"crossing"},"geometry":{"type":"Point","coordinates":[121.0200341,14.5574288]}},
{"type":"Feature","properties":{"@id":"node/7611149040","crossing":"uncontrolled","highway":"crossing"},"geometry":{"type":"Point","coordinates":[121.0201217,14.5575497]}},
{"type":"Feature","properties":{"@id":"node/7840563581","addr:city":"Makati","addr:postcode":"1229","addr:street":"Legazpi Street","amenity":"atm","level":"0","name":"UnionBank","opening_hours":"24/7","operator":"Union Bank of the Philippines"},"geometry":{"type":"Point","coordinates":[121.0218421,14.5538161]}},
{"type":"Feature","properties":{"@id":"node/7840563582","addr:city":"Makati","addr:postcode":"1229","addr:street":"Legazpi Street","amenity":"atm","level":"0","name":"RCBC","opening_hours":"24/7","operator":"Rizal Commercial Banking Corporation"},"geometry":{"type":"Point","coordinates":[121.0220137,14.5538415]}},
{"type":"Feature","properties":{"@id":"node/7840563584","addr:city":"Makati","addr:postcode":"1229","addr:street":"Legazpi Street","amenity":"atm","level":"0","name":"PNB","opening_hours":"24/7","operator":"Philippine National Bank"},"geometry":{"type":"Point","coordinates":[121.0212627,14.5537402]}},
{"type":"Feature","properties":{"@id":"node/7893900751","cycleway":"asl","highway":"traffic_signals"},"geometry":{"type":"Point","coordinates":[121.024618,14.5546187]}},
{"type":"Feature","properties":{"@id":"node/7893900752","cycleway":"asl","highway":"traffic_signals"},"geometry":{"type":"Point","coordinates":[121.0241506,14.5547361]}},
{"type":"Feature","properties":{"@id":"node/8589535706","access":"permissive","barrier":"lift_gate","mapillary":"509628913901416"},"geometry":{"type":"Point","coordinates":[121.0245738,14.5555112]}},
{"type":"Feature","properties":{"@id":"node/8589599359","access":"permissive","barrier":"gate"},"geometry":{"type":"Point","coordinates":[121.0219735,14.5537391]}},
{"type":"Feature","properties":{"@id":"node/8589945026","amenity":"parking_entrance"},"geometry":{"type":"Point","coordinates":[121.0256765,14.5584109]}},
{"type":"Feature","properties":{"@id":"node/8589945028","access":"private","barrier":"gate"},"geometry":{"type":"Point","coordinates":[121.02563,14.558405]}},
{"type":"Feature","properties":{"@id":"node/8667815962","access":"customers","barrier":"lift_gate","barrier:personnel":"additional"},"geometry":{"type":"Point","coordinates":[121.0225515,14.5581341]}},
{"type":"Feature","properties":{"@id":"node/9558888261","addr:city":"Makati","addr:floor":"11/F","addr:housename":"Noble Square","addr:housenumber":"6762","addr:street":"Ayala Avenue","country":"PA","diplomatic":"embassy","embassy":"yes","level":"10","name":"Embassy of Panama","name:es":"Embajada de Panamá","name:fr":"Ambassade du Panama","office":"diplomatic","phone":"+63 2 8478 6495;+63 2 8892 6601","target":"PH","website":"https://mire.gob.pa/ministerio/embajada-y-consulado/manila/","wikidata":"Q111133827"},"geometry":{"type":"Point","coordinates":[121.0220969,14.5557964]}},
{"type":"Feature","properties":{"@id":"node/9645191502","amenity":"cafe","name":"Little Flour"},"geometry":{"type":"Point","coordinates":[121.022427,14.5574258]}},
{"type":"Feature","properties":{"@id":"node/9751597301","name":"Valero Grand Suites by Swiss Belhotel","tourism":"hotel","wikidata":"Q111403823"},"geometry":{"type":"Point","coordinates":[121.0238993,14.5590415]}},
{"type":"Feature","properties":{"@id":"node/9870447252","crossing":"uncontrolled","highway":"crossing"},"geometry":{"type":"Point","coordinates":[121.0227402,14.5556245]}},
{"type":"Feature","properties":{"@id":"node/9870447253","crossing":"uncontrolled","highway":"crossing"},"geometry":{"type":"Point","coordinates":[121.0227797,14.5556792]}},
{"type":"Feature","properties":{"@id":"node/9901864861","contact:facebook":"ShopsAyalaTriangle","name":"The Shops Ayala Triangle Gardens","operator":"Ayala Malls","shop":"mall"},"geometry":{"type":"Point","coordinates":[121.0249952,14.5569233]}},
{"type":"Feature","properties":{"@id":"node/9923812573","access":"destination","barrier":"gate","gate:type":"sliding"},"geometry":{"type":"Point","coordinates":[121.026313,14.554514]}},
{"type":"Feature","properties":{"@id":"node/9924606916","crossing":"marked","crossing:markings":"zebra","highway":"crossing"},"geometry":{"type":"Point","coordinates":[121.0245891,14.5554394]}},
{"type":"Feature","properties":{"@id":"node/9924644819","access":"permissive","barrier":"lift_gate","mapillary":"508176194172977"},"geometry":{"type":"Point","coordinates":[121.0245466,14.5554652]}},
{"type":"Feature","properties":{"@id":"node/10050199596","access":"yes","bicycle_parking":"rack","capacity":"11","covered":"no","second_hand":"only","shop":"car"},"geometry":{"type":"Point","coordinates":[121.0233524,14.5581498]}},
{"type":"Feature","properties":{"@id":"node/10050205103","amenity":"bicycle_parking"},"geometry":{"type":"Point","coordinates":[121.0218501,14.5579381]}},
{"type":"Feature","properties":{"@id":"node/10050205479","amenity":"bicycle_parking","bicycle_parking":"rack","capacity":"17","cargo_bike":"no","covered":"no"},"geometry":{"type":"Point","coordinates":[121.0227701,14.5568088]}},
{"type":"Feature","properties":{"@id":"node/10050205502","amenity":"bicycle_parking","bicycle_parking":"floor","capacity":"6","covered":"no"},"geometry":{"type":"Point","coordinates":[121.0259977,14.5562138]}},
{"type":"Feature","properties":{"@id":"node/10050240351","access":"yes","amenity":"bicycle_parking","bicycle_parking":"rack","capacity":"11","covered":"no"},"geometry":{"type":"Point","coordinates":[121.0208495,14.5578888]}},
{"type":"Feature","properties":{"@id":"node/10067811537","amenity":"bicycle_rental"},"geometry":{"type":"Point","coordinates":[121.022799,14.5541147]}},
{"type":"Feature","properties":{"@id":"node/10127491574","addr:city":"Makati","addr:floor":"G/F","addr:housename":"Valero Carpark 2","addr:street":"Valero Street","amenity":"fast_food","brand":"Subway","brand:wikidata":"Q244457","cuisine":"sandwich","level":"0","name":"Subway","takeaway":"yes"},"geometry":{"type":"Point","coordinates":[121.0237856,14.5584544]}},
{"type":"Feature","properties":{"@id":"node/10170281754","addr:city":"Makati","addr:floor":"G/F","addr:housename":"The Shops at Ayala Triangle","addr:street":"Paseo de Roxas","addr:street:corner":"Makati Avenue","amenity":"restaurant","contact:facebook":"rumbaphilippines","contact:instagram":"rumba_ph","cuisine":"mediterranean","email":"rumbamakati@gmail.com","level":"0","name":"Rumba","opening_hours":"Fr-Sa 11:00-23:00; Su-Th 11:00-22:00","phone":"+639158564264","website":"https://www.bistronomia.ph/location/rumba/"},"geometry":{"type":"Point","coordinates":[121.0256396,14.5576795]}},
{"type":"Feature","properties":{"@id":"node/10316490831","description":"24/7 On-Call Home/Condo and Hotel Services Mobile Massage available for you, one call away anytime within Makati, Mandaluyong, Taguig, San Juan, Pasig, Pasay, Manila, Marikina, Parañaque, Las Piñas, Muntinlupa, and Quezon City.","name":"Seven Angels Massage","website":"https://www.sevenangelsmassage.com"},"geometry":{"type":"Point","coordinates":[121.0240103,14.5590008]}},
{"type":"Feature","properties":{"@id":"node/10796669928","addr:housenumber":"116","addr:street":"Perea Street","amenity":"restaurant","check_date":"2023-04-09","level":"0","name":"Sourdough","opening_hours":"11:00-21:00","payment:mastercard":"yes","payment:visa":"yes"},"geometry":{"type":"Point","coordinates":[121.0204746,14.5544941]}},
{"type":"Feature","properties":{"@id":"node/10796689724","amenity":"atm","check_date":"2023-04-09","level":"0","operator":"Unionbank"},"geometry":{"type":"Point","coordinates":[121.0205853,14.5547309]}},
{"type":"Feature","properties":{"@id":"node/10796689725","amenity":"atm","check_date":"2023-04-09","level":"0","operator":"Chinabank"},"geometry":{"type":"Point","coordinates":[121.0209172,14.5547422]}},
{"type":"Feature","properties":{"@id":"node/10796705638","amenity":"atm","check_date":"2023-04-09","level":"0","operator":"East west unibank"},"geometry":{"type":"Point","coordinates":[121.0207192,14.5547679]}},
{"type":"Feature","properties":{"@id":"node/10796706076","amenity":"atm","brand":"Bank of Commerce","brand:wikidata":"Q4856092","check_date":"2023-04-09","level":"0","operator":"Bank of Commerce","operator:wikidata":"Q4856092"},"geometry":{"type":"Point","coordinates":[121.0215899,14.5562277]}},
{"type":"Feature","properties":{"@id":"node/10796721952","amenity":"bank","check_date":"2023-04-09","level":"0","name":"East west unibank"},"geometry":{"type":"Point","coordinates":[121.0207418,14.5547792]}},
{"type":"Feature","properties":{"@id":"node/10796731559","access":"permissive","amenity":"bicycle_parking","bicycle_parking":"rack","capacity":"18","covered":"no","fee":"no","operator:type":"public"},"geometry":{"type":"Point","coordinates":[121.0202728,14.5551053]}},
{"type":"Feature","properties":{"@id":"node/10796731560","amenity":"atm","cash_in":"yes","check_date":"2023-04-09","operator":"BPI"},"geometry":{"type":"Point","coordinates":[121.020924,14.5557428]}},
{"type":"Feature","properties":{"@id":"node/11451587302","access":"destination","barrier":"cone"},"geometry":{"type":"Point","coordinates":[121.0237333,14.5553577]}},
{"type":"Feature","properties":{"@id":"node/11806425564","building":"guardhouse","level":"1"},"geometry":{"type":"Point","coordinates":[121.02701,14.5578148]}},
{"type":"Feature","properties":{"@id":"node/11806451109","amenity":"parking_entrance","parking":"underground"},"geometry":{"type":"Point","coordinates":[121.026943,14.5582737]}},
{"type":"Feature","properties":{"@id":"node/11806451111","building":"guardhouse","level":"1"},"geometry":{"type":"Point","coordinates":[121.0267492,14.5583334]}},
{"type":"Feature","properties":{"@id":"node/11806467870","access":"destination","barrier":"lift_gate","barrier:personnel":"additional"},"geometry":{"type":"Point","coordinates":[121.0270465,14.5578266]}},
{"type":"Feature","properties":{"@id":"node/11808920262","access":"private","barrier":"lift_gate","barrier:personnel":"additional"},"geometry":{"type":"Point","coordinates":[121.0261893,14.5542183]}},
{"type":"Feature","properties":{"@id":"node/11808940297","crossing":"uncontrolled","crossing:markings":"zebra","highway":"crossing","kerb":"lowered","supervised":"no"},"geometry":{"type":"Point","coordinates":[121.0258961,14.5559055]}},
{"type":"Feature","properties":{"@id":"node/11808948082","traffic_calming":"hump"},"geometry":{"type":"Point","coordinates":[121.0218107,14.5549004]}},
{"type":"Feature","properties":{"@id":"node/11808948083","button_operated":"no","crossing":"traffic_signals","crossing:markings":"zebra","highway":"crossing","kerb":"lowered","tactile_paving":"no"},"geometry":{"type":"Point","coordinates":[121.0223633,14.5545349]}},
{"type":"Feature","properties":{"@id":"node/11808954693","button_operated":"no","crossing":"traffic_signals","crossing:markings":"zebra","crossing:signals":"yes","highway":"crossing","kerb":"raised","supervised":"no","tactile_paving":"no","wheelchair":"no"},"geometry":{"type":"Point","coordinates":[121.0215566,14.5536405]}},
{"type":"Feature","properties":{"@id":"node/11808955044","amenity":"bicycle_parking","bicycle_parking":"stands"},"geometry":{"type":"Point","coordinates":[121.0206705,14.555419]}},
{"type":"Feature","properties":{"@id":"node/11808955045","amenity":"parking_entrance"},"geometry":{"type":"Point","coordinates":[121.0207331,14.5553649]}},
{"type":"Feature","properties":{"@id":"node/11808955047","access":"private","barrier":"lift_gate"},"geometry":{"type":"Point","coordinates":[121.0205725,14.5550771]}},
{"type":"Feature","properties":{"@id":"node/11808955049","access":"private","amenity":"parking_entrance"},"geometry":{"type":"Point","coordinates":[121.0205748,14.5550817]}},
{"type":"Feature","properties":{"@id":"node/11808955051","amenity":"parking_entrance"},"geometry":{"type":"Point","coordinates":[121.0206007,14.5551505]}},
{"type":"Feature","properties":{"@id":"node/11808955052","crossing":"uncontrolled","crossing:markings":"zebra","highway":"crossing","kerb":"lowered","mapillary":"551929102843441","supervised":"no","tactile_paving":"no"},"geometry":{"type":"Point","coordinates":[121.0200916,14.5551134]}},
{"type":"Feature","properties":{"@id":"node/11882800590","addr:city":"Makati","addr:floor":"G/F","addr:housename":"Paseo Parkview Suites","addr:housenumber":"142","addr:street":"Valero Street","addr:street:corner":"Sedeño Street","amenity":"restaurant","contact:facebook":"ToshChikosValero","cuisine":"peruvian","level":"0","name":"Chikos"},"geometry":{"type":"Point","coordinates":[121.0231011,14.5588015]}},
{"type":"Feature","properties":{"@id":"node/11882800591","addr:city":"Makati","addr:floor":"G/F","addr:housename":"Valero Carpark 2","addr:housenumber":"149","addr:street":"Valero Street","amenity":"fast_food","cuisine":"asian","level":"0","name":"Emperor Express"},"geometry":{"type":"Point","coordinates":[121.0235391,14.5585775]}},
{"type":"Feature","properties":{"@id":"node/11882800592","addr:city":"Makati","addr:housename":"Ayala Triangle Gardens Tower 2","addr:postcode":"1226","addr:street":"Paseo de Roxas","amenity":"bank","atm":"yes","branch":"Paseo de Roxas","brand":"BPI","brand:wikidata":"Q2501256","name":"BPI","official_name":"Bank of the Philippine Islands"},"geometry":{"type":"Point","coordinates":[121.0255444,14.5578822]}},
{"type":"Feature","properties":{"@id":"node/11882800602","addr:city":"Makati","addr:housenumber":"7907","addr:postcode":"1200","addr:street":"Makati Avenue","email":"imessagemo@sec.gov.ph","name":"Securities and Exchange Commission","office":"government","phone":"+63 2 5322 7696","website":"https://www.sec.gov.ph","wikidata":"Q7444918","wikipedia":"en:Securities and Exchange Commission (Philippines)"},"geometry":{"type":"Point","coordinates":[121.026191,14.5589604]}},
{"type":"Feature","properties":{"@id":"node/11971794118","addr:city":"Makati","addr:floor":"G/F","addr:housename":"Allied Bank Center","addr:housenumber":"6754","addr:street":"Ayala Avenue","amenity":"cafe","branch":"PNB Building Ayala Ave.","brand":"Starbucks","brand:wikidata":"Q37158","cuisine":"coffee_shop","level":"0","name":"Starbucks","official_name":"Starbucks Coffee","opening_hours":"Su-We 07:00-24:00; Th-Sa 06:30-02:00","outdoor_seating":"no","takeaway":"yes"},"geometry":{"type":"Point","coordinates":[121.0230457,14.5552605]}},
{"type":"Feature","properties":{"@id":"node/12090300578","addr:street":"San Agustin Street","name":"It’s vintage","shop":"clothes"},"geometry":{"type":"Point","coordinates":[121.0204391,14.5591054]}},
{"type":"Feature","properties":{"@id":"node/12167675274","amenity":"restaurant","cuisine":"korean","name":"Little Jeju Resto"},"geometry":{"type":"Point","coordinates":[121.0240241,14.5591463]}},
{"type":"Feature","properties":{"@id":"node/12167675275","crossing":"uncontrolled","crossing:markings":"yes","highway":"crossing"},"geometry":{"type":"Point","coordinates":[121.0230506,14.5586479]}},
{"type":"Feature","properties":{"@id":"node/12167675276","crossing":"uncontrolled","crossing:markings":"yes","highway":"crossing"},"geometry":{"type":"Point","coordinates":[121.024215,14.5588988]}},
{"type":"Feature","properties":{"@id":"node/12167675277","crossing":"uncontrolled","crossing:markings":"yes","highway":"crossing"},"geometry":{"type":"Point","coordinates":[121.0229275,14.558612]}},
{"type":"Feature","properties":{"@id":"node/12167675278","crossing":"uncontrolled","crossing:markings":"yes","highway":"crossing","kerb":"raised"},"geometry":{"type":"Point","coordinates":[121.0229914,14.5585778]}},
{"type":"Feature","properties":{"@id":"node/12206436101","amenity":"cafe","cuisine":"coffee_shop","name":"Pickup Coffee"},"geometry":{"type":"Point","coordinates":[121.0201401,14.5590665]}},
{"type":"Feature","properties":{"@id":"node/12218332801","amenity":"cafe","name":"Publiq"},"geometry":{"type":"Point","coordinates":[121.0201729,14.555794]}},
{"type":"Feature","properties":{"@id":"node/12247840314","addr:street":"Valero","amenity":"restaurant","name":"Whistlestop","opening_hours":"24/7"},"geometry":{"type":"Point","coordinates":[121.0201652,14.5590472]}},
{"type":"Feature","properties":{"@id":"node/12387713740","amenity":"animal_boarding","name":"Puppy Daycare Center"},"geometry":{"type":"Point","coordinates":[121.0257921,14.556254]}},
{"type":"Feature","properties":{"@id":"node/12387713741","note":"access to lobby"},"geometry":{"type":"Point","coordinates":[121.0257823,14.5563039]}},
{"type":"Feature","properties":{"@id":"node/12387713742","amenity":"clinic","name":"Esthetics Science Clinic"},"geometry":{"type":"Point","coordinates":[121.0257116,14.5565221]}},
{"type":"Feature","properties":{"@id":"node/12387713743","floor":"1","note":"lobby"},"geometry":{"type":"Point","coordinates":[121.0257315,14.55633]}},
{"type":"Feature","properties":{"@id":"node/12389313668","level":"-1","shop":"pet_grooming"},"geometry":{"type":"Point","coordinates":[121.0258951,14.5564419]}},
{"type":"Feature","properties":{"@id":"node/12409434527","traffic_calming":"bump"},"geometry":{"type":"Point","coordinates":[121.021849,14.5536704]}},
{"type":"Feature","properties":{"@id":"node/12409434528","traffic_calming":"bump"},"geometry":{"type":"Point","coordinates":[121.0202649,14.5537588]}},
{"type":"Feature","properties":{"@id":"node/12564717044","amenity":"parking_entrance"},"geometry":{"type":"Point","coordinates":[121.022555,14.5547546]}},
{"type":"Feature","properties":{"@id":"node/12810676201","addr:housenumber":"124","addr:street":"Valero Street","amenity":"restaurant","name":"Mang Tootz Foodhouse Makati"},"geometry":{"type":"Point","coordinates":[121.0205622,14.559062]}},
{"type":"Feature","properties":{"@id":"node/12964140327","barrier":"lift_gate"},"geometry":{"type":"Point","coordinates":[121.0218526,14.5579037]}},
{"type":"Feature","properties":{"@id":"node/12964140328","barrier":"lift_gate"},"geometry":{"type":"Point","coordinates":[121.0209247,14.5580617]}},
{"type":"Feature","properties":{"@id":"node/12988202873","highway":"crossing"},"geometry":{"type":"Point","coordinates":[121.0236396,14.5535604]}},
{"type":"Feature","properties":{"@id":"node/13112369052","amenity":"parking"},"geometry":{"type":"Point","coordinates":[121.0253195,14.5591531]}},
{"type":"Feature","properties":{"@id":"node/13208046506","bus":"yes","highway":"bus_stop","name":"Legazpi","network":"LTFRB National Capital Region","network:short":"LTFRB NCR","network:wikidata":"Q6483998","public_transport":"platform"},"geometry":{"type":"Point","coordinates":[121.022755,14.5543031]}},
{"type":"Feature","properties":{"@id":"node/13208046507","bus":"yes","highway":"bus_stop","name":"Dela Rosa–Paseo de Roxas","network":"LTFRB National Capital Region","network:short":"LTFRB NCR","network:wikidata":"Q6483998","public_transport":"platform"},"geometry":{"type":"Point","coordinates":[121.0200499,14.5561077]}},
{"type":"Feature","properties":{"@id":"node/13273324694","addr:city":"Makati","addr:floor":"3/F","addr:housename":"The Shops at Ayala Triangle","addr:street":"Makati Avenue","amenity":"restaurant","award:michelin":"2","capacity":"24","contact:facebook":"helmmnl","contact:instagram":"helmmnl","email":"helm@bistro.com.ph","level":"2","name":"Helm","phone":"+63 915 909 8647","website":"https://www.joshboutwood.net/restaurants/helm","wikidata":"Q136799027"},"geometry":{"type":"Point","coordinates":[121.0248532,14.5569442]}},
{"type":"Feature","properties":{"@id":"node/13371057344","internet_access":"wlan","name":"Prince Plaza II","tourism":"hotel"},"geometry":{"type":"Point","coordinates":[121.0224382,14.5541276]}},
{"type":"Feature","properties":{"@id":"node/13461697345","amenity":"bicycle_parking","covered":"yes"},"geometry":{"type":"Point","coordinates":[121.0248589,14.5560524]}},
{"type":"Feature","properties":{"@id":"node/13586988063","addr:city":"Makati City","addr:housename":"GF Sikatuna Building","addr:housenumber":"6762","addr:postcode":"1226","addr:province":"Metro Manila","addr:street":"Ayala Avenue","addr:unit":"Unit 107","name":"NowWe Travel Inc.","opening_hours":"Mo-Fr 08:00-16:00","phone":"09176296643","shop":"travel_agency"},"geometry":{"type":"Point","coordinates":[121.0220337,14.5558536]}},
{"type":"Feature","properties":{"@id":"node/13644185579","name":"AllCars","opening_hours":"Mo-Sa 09:00-18:00","second_hand":"only","service:vehicle:used_car_sales":"yes","shop":"car"},"geometry":{"type":"Point","coordinates":[121.0231831,14.5583764]}},
{"type":"Feature","properties":{"@id":"node/13651074201","addr:housenumber":"88 Corporate","addr:street":"Sedeño Street","amenity":"restaurant","check_date":"2026-03-15","cuisine":"italian","name":"Mangiamo Ristorrante"},"geometry":{"type":"Point","coordinates":[121.0223547,14.5583263]}},
{"type":"Feature","properties":{"@id":"node/13744077801","amenity":"cafe","check_date":"2026-04-20","check_date:opening_hours":"2026-04-20","name":"H Proper Coffee Roasters - Ayala Triangle Garden","opening_hours":"Mo-Su 06:30-23:00","phone":"+63 917 192 0873"},"geometry":{"type":"Point","coordinates":[121.0240384,14.5563506]}},
{"type":"Feature","properties":{"@id":"node/13755154403","amenity":"bench","armrest":"no","backrest":"no","colour":"black","material":"ceramic","seats":"4","sides":"4"},"geometry":{"type":"Point","coordinates":[121.0228744,14.556464]}},
{"type":"Feature","properties":{"@id":"node/13755154404","amenity":"bench","armrest":"no","backrest":"no","colour":"black","material":"ceramic","seats":"4","sides":"4"},"geometry":{"type":"Point","coordinates":[121.0228306,14.5564043]}},
{"type":"Feature","properties":{"@id":"node/13755154405","amenity":"bench","armrest":"no","backrest":"no","colour":"black","material":"ceramic","seats":"4","sides":"4"},"geometry":{"type":"Point","coordinates":[121.0227869,14.556345]}},
{"type":"Feature","properties":{"@id":"node/13755154406","amenity":"bench","armrest":"no","backrest":"no","colour":"black","material":"ceramic","seats":"4","sides":"4"},"geometry":{"type":"Point","coordinates":[121.0227438,14.5562788]}},
{"type":"Feature","properties":{"@id":"node/13755154407","access":"permissive","door":"hinged","entrance":"main","material":"glass","surveillance":"indoor","surveillance:type":"guard"},"geometry":{"type":"Point","coordinates":[121.0226266,14.5564552]}},
{"type":"Feature","properties":{"@id":"node/13755154411","access":"permissive","door":"hinged","entrance":"exit","level":"0","material":"glass"},"geometry":{"type":"Point","coordinates":[121.0226687,14.5565158]}},
{"type":"Feature","properties":{"@id":"node/13755154429","door":"sliding","entrance":"elevator","indoor":"door","level":"0;1;2;3;4;5;6;7;8;9;10","level:ref":"G;2;3;4;5;6;7;8;9;10;11","material":"metal"},"geometry":{"type":"Point","coordinates":[121.0223714,14.556614]}},
{"type":"Feature","properties":{"@id":"node/13755154430","door":"sliding","entrance":"elevator","indoor":"door","level":"0;1;2;3;4;5;6;7;8;9;10","level:ref":"G;2;3;4;5;6;7;8;9;10;11","material":"metal"},"geometry":{"type":"Point","coordinates":[121.0223532,14.556625]}},
{"type":"Feature","properties":{"@id":"node/13755154431","door":"sliding","entrance":"elevator","indoor":"door","level":"0;1;2;3;4;5;6;7;8;9;10","level:ref":"G;2;3;4;5;6;7;8;9;10;11","material":"metal"},"geometry":{"type":"Point","coordinates":[121.0223318,14.5566379]}},
{"type":"Feature","properties":{"@id":"node/13755154437","access":"private","door":"sliding","entrance":"lobby","level":"5"},"geometry":{"type":"Point","coordinates":[121.0223381,14.5565244]}},
{"type":"Feature","properties":{"@id":"node/13755154453","colour":"white","covered":"yes","direction":"203.5","level":"5","location":"indoor","man_made":"charge_point","power":"outlet","socket:multi":"yes","socket:multi:type":"nema_5_15;typec","support":"wall"},"geometry":{"type":"Point","coordinates":[121.022333,14.5565352]}},
{"type":"Feature","properties":{"@id":"node/13755154454","colour":"white","covered":"yes","direction":"203.5","level":"5","location":"indoor","man_made":"charge_point","power":"outlet","socket:multi":"yes","socket:multi:type":"nema_5_15;typec","support":"wall"},"geometry":{"type":"Point","coordinates":[121.0223155,14.5565463]}},
{"type":"Feature","properties":{"@id":"node/13755154455","access":"private","door":"sliding","entrance":"office","level":"5"},"geometry":{"type":"Point","coordinates":[121.02231,14.5565367]}},
{"type":"Feature","properties":{"@id":"node/13755154456","amenity":"bench","armrest":"yes","backrest":"yes","direction":"203.5","level":"5","material":"cotton","seats":"2"},"geometry":{"type":"Point","coordinates":[121.0223242,14.5565404]}},
{"type":"Feature","properties":{"@id":"node/13755154459","access":"private","entrance":"shop","inscription":"Meeting Room","level":"5"},"geometry":{"type":"Point","coordinates":[121.0223014,14.5565423]}},
{"type":"Feature","properties":{"@id":"node/13755154462","access":"private","door":"hinged","entrance":"shop","level":"5","material":"glass"},"geometry":{"type":"Point","coordinates":[121.0222794,14.5565478]}},
{"type":"Feature","properties":{"@id":"node/13819719296","entrance":"main"},"geometry":{"type":"Point","coordinates":[121.0219923,14.5582235]}},
{"type":"Feature","properties":{"@id":"node/13871585986","bus":"yes","highway":"bus_stop","name":"Manila Peninsula Hotel","network":"LTFRB National Capital Region","network:short":"LTFRB NCR","network:wikidata":"Q6483998","public_transport":"platform"},"geometry":{"type":"Point","coordinates":[121.02494,14.5560352]}},
{"type":"Feature","properties":{"@id":"node/13871585987","bus":"yes","highway":"bus_stop","name":"Manila Peninsula Hotel","network":"LTFRB National Capital Region","network:short":"LTFRB NCR","network:wikidata":"Q6483998","public_transport":"platform"},"geometry":{"type":"Point","coordinates":[121.0251588,14.5559281]}},
{"type":"Feature","properties":{"@id":"node/13877481101","amenity":"public_bookcase","covered":"yes","level":"0","lit":"yes","location":"outdoor","name":"Open Book","opening_hours":"Mo-Su 06:00-24:00","operator":"Ayala Land","operator:type":"private","operator:wikidata":"Q792735","public_bookcase:type":"shelter"},"geometry":{"type":"Point","coordinates":[121.0236803,14.5573352]}},
{"type":"Feature","properties":{"@id":"node/13948974302","addr:street":"Dela Rosa Street","check_date":"2026-06-18","name":"Fortune Bakeshop Dela Rosa","shop":"pastry"},"geometry":{"type":"Point","coordinates":[121.0225852,14.5542056]}},
{"type":"Feature","properties":{"@id":"node/13962090989","addr:floor":"32F","addr:housename":"Ayala Triangle Gardens Tower 2","branch":"Head Office","brand":"Aboitiz Equity Ventures","brand:wikidata":"Q48804734","company":"conglomerate","level":"31","name":"Aboitiz Equity Ventures","office":"company","wikidata":"Q48804734"},"geometry":{"type":"Point","coordinates":[121.025346,14.5575232]}},
{"type":"Feature","properties":{"@id":"node/13962090990","addr:floor":"11F & 12F","addr:housename":"Ayala Triangle Gardens Tower 2","company":"power","level":"10;11","name":"AboitizPower","office":"company","wikidata":"Q85739464"},"geometry":{"type":"Point","coordinates":[121.0253932,14.5574713]}},
{"type":"Feature","properties":{"@id":"node/13962090991","addr:floor":"22/F","addr:housename":"Tower One & Exchange Plaza","addr:housenumber":"6767","addr:neighbourhood":"Ayala Triangle Gardens","branch":"Manila","brand":"AboitizLand","brand:wikidata":"Q138029671","level":"21","name":"AboitizLand","office":"estate_agent","wikidata":"Q138029671"},"geometry":{"type":"Point","coordinates":[121.022578,14.5566613]}},
{"type":"Feature","properties":{"@id":"node/14079190236","crossing":"unmarked","crossing:markings":"no","highway":"crossing"},"geometry":{"type":"Point","coordinates":[121.0225633,14.558137]}},
{"type":"Feature","properties":{"@id":"node/14080068403","name:en":"PWC","tourism":"camp_site"},"geometry":{"type":"Point","coordinates":[121.0219148,14.5568862]}},
{"type":"Feature","properties":{"@id":"way/4086409","highway":"tertiary","lane_markings":"yes","lanes":"3","lit":"yes","name":"Valero Street","name:es":"Calle Valero","name:fil":"Kalye Valero","name:tl":"Kalye Valero","oneway":"yes","oneway:bicycle":"yes","parking:lane:left":"marked @ (Mo-Fr 10:00-17:00;Sa 07:00-17:00)","postal_code":"1227","sidewalk":"both","surface":"asphalt"},"geometry":{"type":"LineString","coordinates":[[121.0195296,14.5593126],[121.0195545,14.5592968],[121.0200578,14.5589759],[121.0210526,14.5583195],[121.0211758,14.5582707],[121.0213117,14.5582463],[121.021462,14.5582309],[121.0215949,14.5582396],[121.0217763,14.5582787]]}},
{"type":"Feature","properties":{"@id":"way/4089442","highway":"secondary","lanes":"4","lit":"yes","name":"Paseo de Roxas","oneway":"yes","ownership":"private","postal_code":"1226","sidewalk":"right","surface":"asphalt"},"geometry":{"type":"LineString","coordinates":[[121.0195719,14.5543284],[121.0196145,14.5544204],[121.0196614,14.554506],[121.0197245,14.5546137],[121.0197936,14.5547301],[121.0200501,14.5551215]]}},
{"type":"Feature","properties":{"@id":"way/4418471","access:lanes":"||||no","bicycle:lanes":"||||designated","bus:lanes":"no|||designated|no","cycleway:right":"lane","foot":"no","highway":"secondary","lanes":"5","lit":"yes","motor_vehicle:conditional":"no @ (Su 06:00-10:00)","name":"Ayala Avenue","name:es":"Avenida Ayala","name:fil":"Abenida Ayala","name:tl":"Abenida Ayala","oneway":"yes","ownership":"private","postal_code":"1226","surface":"asphalt"},"geometry":{"type":"LineString","coordinates":[[121.0242892,14.5546447],[121.0243961,14.5545741]]}},
{"type":"Feature","properties":{"@id":"way/4940449","access":"destination","highway":"residential","lanes":"2","name":"Santo Tomas Street","name:es":"Calle Santo Tomás","name:fil":"Kalye Santo Tomas","name:tl":"Kalye Santo Tomas","postal_code":"1225","surface":"asphalt"},"geometry":{"type":"LineString","coordinates":[[121.026031,14.5558289],[121.0267424,14.5553393],[121.0275015,14.5547553],[121.0280304,14.5543085],[121.0283195,14.5540569],[121.0284955,14.5538755],[121.0285789,14.553776],[121.0287505,14.5535236],[121.0288063,14.5534039],[121.0288375,14.553283],[121.0288298,14.5531036],[121.0287997,14.5529951],[121.0287349,14.552893],[121.0285023,14.5526523]]}},
{"type":"Feature","properties":{"@id":"way/4940451","access":"destination","highway":"residential","lanes":"2","name":"Santo Domingo Street","name:es":"Calle Santo Domingo","name:fil":"Kalye Santo Domingo","name:tl":"Kalye Santo Domingo","postal_code":"1225","surface":"asphalt"},"geometry":{"type":"LineString","coordinates":[[121.0264339,14.556575],[121.0271957,14.5559755],[121.0280696,14.5553092],[121.0286319,14.5548876],[121.0289412,14.5546417],[121.029094,14.5544781],[121.0293109,14.5542175],[121.0294251,14.5540158],[121.0295172,14.5538635],[121.0296149,14.553633],[121.0296637,14.5534124],[121.0296772,14.553223],[121.0296767,14.5530704],[121.0296527,14.552901],[121.0295849,14.5526876],[121.0294963,14.5524991],[121.0294072,14.5523707],[121.02932,14.5522552],[121.0290905,14.5520444]]}},
{"type":"Feature","properties":{"@id":"way/4940470","access":"destination","highway":"residential","lanes":"2","name":"San Ignacio Street","name:es":"Calle San Ignacio","name:fil":"Kalye San Ignacio","name:tl":"Kalye San Ignacio","postal_code":"1225","surface":"asphalt"},"geometry":{"type":"LineString","coordinates":[[121.0267896,14.5572532],[121.0285266,14.5559333]]}},
{"type":"Feature","properties":{"@id":"way/5741334","landuse":"commercial"},"geometry":{"type":"Polygon","coordinates":[[[121.0265672,14.5582848],[121.0269667,14.5584197],[121.0271922,14.5584971],[121.0272253,14.5584984],[121.0272511,14.558466],[121.027399,14.5579523],[121.0273849,14.5579182],[121.0273648,14.5578982],[121.0270963,14.5578041],[121.0269982,14.5577599],[121.0269176,14.5577118],[121.0268075,14.5576364],[121.0267551,14.5575935],[121.0267137,14.5575257],[121.0263044,14.5566665],[121.025711,14.5569497],[121.026268,14.5580379],[121.0263554,14.5581332],[121.0264429,14.5581998],[121.0265672,14.5582848]]]}},
{"type":"Feature","properties":{"@id":"way/18018451","access":"destination","highway":"residential","lanes":"2","name":"Real Street","name:es":"Calle Real","name:fil":"Kalye Real","name:tl":"Kalye Real","postal_code":"1225","sidewalk":"right","surface":"asphalt"},"geometry":{"type":"LineString","coordinates":[[121.0296747,14.5514029],[121.0290905,14.5520444],[121.0285023,14.5526523],[121.0274344,14.553689],[121.0269102,14.5541222],[121.0263572,14.554567],[121.0262382,14.5546645],[121.0260692,14.554785],[121.0259948,14.5548773],[121.0259482,14.5549706],[121.0258976,14.5551278],[121.0258718,14.5553751],[121.0258854,14.5555126],[121.0259324,14.5556444],[121.026031,14.5558289],[121.0264339,14.556575],[121.0267896,14.5572532],[121.0268739,14.5574163],[121.0269436,14.5575473],[121.0270173,14.557611],[121.0271339,14.5576648],[121.0274937,14.5577704],[121.0275578,14.5577856],[121.0277554,14.5578467],[121.0282352,14.5579832],[121.0283304,14.5579952],[121.0284368,14.5579937]]}},
{"type":"Feature","properties":{"@id":"way/19683325","addr:city":"Makati","addr:housenumber":"8741","addr:postcode":"1226","addr:street":"Paseo de Roxas","building":"office","building:colour":"silver","building:levels":"2","building:material":"concrete","name":"Citi Center"},"geometry":{"type":"Polygon","coordinates":[[[121.0250727,14.5586747],[121.0252071,14.5582589],[121.0256156,14.5583826],[121.0254812,14.5587984],[121.0250727,14.5586747]]]}},
{"type":"Feature","properties":{"@id":"way/22598001","highway":"unclassified","lanes":"2","lit":"yes","name":"Gil Street","name:es":"Calle Gil","name:fil":"Kalye Gil","name:tl":"Kalye Gil","oneway":"yes","ownership":"private","postal_code":"1229","sidewalk":"both","surface":"asphalt"},"geometry":{"type":"LineString","coordinates":[[121.0188887,14.554042],[121.0189009,14.5540941],[121.0189732,14.5543696],[121.0190194,14.5544886],[121.0190802,14.5545978],[121.0199869,14.5559622],[121.0199932,14.5559728],[121.0200292,14.5560279]]}},
{"type":"Feature","properties":{"@id":"way/22598114","highway":"unclassified","lanes":"2","lit":"yes","name":"Nieva Street","name:es":"Calle Nieva","name:fil":"Kalye Nieva","name:tl":"Kalye Nieva","oneway":"yes","ownership":"private","parking:lane:left":"marked @ (Mo-Fr 10:00-17:00;Sa 07:00-17:00)","postal_code":"1229","psv":"no","sidewalk":"both","surface":"asphalt"},"geometry":{"type":"LineString","coordinates":[[121.0200501,14.5551215],[121.0200916,14.5551134],[121.0204834,14.5550372],[121.0205255,14.5550315],[121.0205484,14.5550283],[121.0209847,14.5549688],[121.0212163,14.5549353],[121.0212681,14.5549351],[121.0213211,14.5549416],[121.0213821,14.5549591],[121.0214494,14.5549984],[121.0214805,14.5550169],[121.0215571,14.5550598]]}},
{"type":"Feature","properties":{"@id":"way/22598124","highway":"unclassified","lane_markings":"yes","lanes":"2","lit":"yes","name":"Perea Street","name:es":"Calle Perea","name:fil":"Kalye Perea","name:tl":"Kalye Perea","oneway":"yes","ownership":"private","parking:lane:left":"marked @ (Mo-Fr 10:00-17:00;Sa 07:00-17:00)","postal_code":"1229","sidewalk":"both","surface":"asphalt"},"geometry":{"type":"LineString","coordinates":[[121.0219269,14.5548243],[121.0218789,14.5547519],[121.0218438,14.5547031],[121.0217683,14.5546087],[121.0217007,14.5545699],[121.0215953,14.5545378],[121.0214653,14.5545125],[121.021361,14.5544982],[121.0212288,14.5545064],[121.0210303,14.554538],[121.0207957,14.5545757],[121.0201409,14.5546678],[121.0198453,14.5547208],[121.0197936,14.5547301]]}},
{"type":"Feature","properties":{"@id":"way/22598132","highway":"unclassified","lanes":"2","lit":"yes","name":"Gallardo Street","name:es":"Calle Gallardo","name:fil":"Kalye Gallardo","name:tl":"Kalye Gallardo","oneway":"yes","oneway:conditional":"no @ (Sa-Su, PH)","ownership":"private","postal_code":"1229","sidewalk":"both","surface":"asphalt"},"geometry":{"type":"LineString","coordinates":[[121.0195719,14.5543284],[121.01966,14.5543062],[121.0200659,14.554229],[121.0206031,14.5541314],[121.0209261,14.5540856],[121.0211719,14.5540729],[121.0214527,14.5540816],[121.0217655,14.554129],[121.0218721,14.5541607],[121.0220975,14.5542364],[121.0222121,14.5542866],[121.0222977,14.5543633],[121.0223769,14.5544579],[121.0224088,14.5545055]]}},
{"type":"Feature","properties":{"@id":"way/22603996","highway":"unclassified","lit":"yes","name":"Dela Rosa Access Road 1","oneway":"yes","ownership":"private","postal_code":"1229","sidewalk":"both","surface":"asphalt"},"geometry":{"type":"LineString","coordinates":[[121.0211239,14.5553342],[121.0211843,14.5554056],[121.0213073,14.5555656],[121.0213784,14.5556672],[121.0214005,14.5556909],[121.0214297,14.5557068],[121.0214769,14.5557129],[121.0215145,14.5557009],[121.0215987,14.5556509],[121.0219158,14.5554627],[121.0226587,14.5549751],[121.0227111,14.5549424]]}},
{"type":"Feature","properties":{"@id":"way/22648528","highway":"residential","lanes":"4","lit":"yes","name":"Santo Tomas Street","name:es":"Calle Santo Tomás","name:fil":"Kalye Santo Tomas","name:tl":"Kalye Santo Tomas","ownership":"private","parking:lane:right":"marked","surface":"asphalt"},"geometry":{"type":"LineString","coordinates":[[121.0259595,14.555875],[121.0258961,14.5559055],[121.0253261,14.5561798],[121.0252311,14.5562283]]}},
{"type":"Feature","properties":{"@id":"way/22648530","addr:city":"Makati","addr:postcode":"1226","addr:street":"Ayala Avenue","addr:street:corner":"Makati Avenue","brand:wikidata":"Q1761140","building":"hotel","building:levels":"11","height":"41.1","name":"The Peninsula Manila","start_date":"1976","tourism":"hotel","website":"https://manila.peninsula.com/en/default","wikidata":"Q7756558","wikimedia_commons":"Category:The Peninsula Manila","wikipedia":"en:The Peninsula Manila"},"geometry":{"type":"Polygon","coordinates":[[[121.0252492,14.5559059],[121.0249127,14.5552624],[121.0250353,14.5551976],[121.0249554,14.5550341],[121.0250004,14.5548672],[121.0250397,14.5547214],[121.0251684,14.5546772],[121.0250825,14.5545348],[121.0257517,14.5541008],[121.0258984,14.5543031],[121.025389,14.5546391],[121.0254636,14.5547548],[121.0253413,14.5552084],[121.0251773,14.5552784],[121.0254667,14.5558022],[121.0252492,14.5559059]]]}},
{"type":"Feature","properties":{"@id":"way/22648532","building":"hotel","building:levels":"3","height":"20","layer":"1","note":"height is approximate","wikidata":"Q6738851","wikimedia_commons":"Category:Makati Shangri-La, Manila","wikipedia":"en:Makati Shangri-La, Manila"},"geometry":{"type":"Polygon","coordinates":[[[121.0242261,14.553834],[121.0241468,14.5536848],[121.0240606,14.5537282],[121.0238956,14.5533881],[121.0240886,14.5532858],[121.0240586,14.5532346],[121.0242149,14.5531556],[121.0242413,14.5532051],[121.0244351,14.5531026],[121.0246037,14.5534104],[121.0247576,14.5534533],[121.0251187,14.5532608],[121.0252859,14.5535494],[121.0253771,14.5535208],[121.0255059,14.5536896],[121.0250501,14.5540002],[121.02499,14.5539088],[121.0248097,14.5540085],[121.024681,14.553967],[121.0246638,14.5540168],[121.0243377,14.5539254],[121.0243548,14.5538673],[121.0242261,14.553834]]]}},
{"type":"Feature","properties":{"@id":"way/22674287","highway":"steps"},"geometry":{"type":"LineString","coordinates":[[121.0208989,14.5567668],[121.0209937,14.5567107]]}},
{"type":"Feature","properties":{"@id":"way/22674291","highway":"footway","layer":"-1","tunnel":"yes"},"geometry":{"type":"LineString","coordinates":[[121.0211229,14.5566302],[121.0215012,14.5567543],[121.0217088,14.556693]]}},
{"type":"Feature","properties":{"@id":"way/22674299","foot":"yes","highway":"steps"},"geometry":{"type":"LineString","coordinates":[[121.0210754,14.5570231],[121.0211551,14.556989],[121.0211962,14.5569809],[121.0212506,14.5569811]]}},
{"type":"Feature","properties":{"@id":"way/22674507","highway":"footway"},"geometry":{"type":"LineString","coordinates":[[121.0236641,14.5547632],[121.0234428,14.5545418],[121.023133,14.5542741]]}},
{"type":"Feature","properties":{"@id":"way/22697402","highway":"residential","lane_markings":"yes","lanes":"2","lit":"yes","name":"Apartment Ridge Road","name:es":"Calzada de Apartment Ridge","name:fil":"Daang Apartment Ridge","name:tl":"Daang Apartment Ridge","oneway":"yes","ownership":"private","parking:lane:right":"marked","sidewalk":"both","surface":"asphalt"},"geometry":{"type":"LineString","coordinates":[[121.0274907,14.55791],[121.0274827,14.5578872],[121.0274643,14.5578723],[121.027414,14.5578483],[121.0270839,14.5577367],[121.0270307,14.5577178],[121.0269735,14.5576901],[121.0269517,14.5576796],[121.0268882,14.5576377],[121.0268096,14.5575525],[121.0263402,14.5566219],[121.0259595,14.555875],[121.0258572,14.5556714],[121.0258124,14.5555231],[121.0258057,14.5554063],[121.0258206,14.5551065],[121.0258786,14.5549117],[121.0259336,14.5548161],[121.026017,14.5547157],[121.0261712,14.5545963],[121.0263019,14.5544983]]}},
{"type":"Feature","properties":{"@id":"way/22729442","highway":"tertiary","lane_markings":"yes","lanes":"4","lanes:backward":"1","lanes:forward":"3","lit":"yes","name":"Dela Rosa Street","name:es":"Calle de la Rosa","name:etymology":"Fabián Cueto de la Rosa","name:etymology:wikidata":"Q1888557","name:fil":"Kalye de la Rosa","name:tl":"Kalye de la Rosa","ownership":"private","postal_code":"1229","sidewalk":"both","surface":"asphalt"},"geometry":{"type":"LineString","coordinates":[[121.023468,14.5536559],[121.0232714,14.5537817],[121.023127,14.5538988]]}},
{"type":"Feature","properties":{"@id":"way/22788749","highway":"service","name":"Valero Access Road 2","oneway":"yes","postal_code":"1227"},"geometry":{"type":"LineString","coordinates":[[121.0241898,14.5589782],[121.024215,14.5588988],[121.0242457,14.5588019],[121.0243587,14.558445],[121.0231568,14.5580839]]}},
{"type":"Feature","properties":{"@id":"way/22788808","addr:city":"Makati","addr:housenumber":"8767","addr:street":"Paseo de Roxas","building":"commercial","building:levels":"47","height":"200","name":"Philamlife Tower","postal_code":"1226","wikidata":"Q3327393"},"geometry":{"type":"Polygon","coordinates":[[[121.0214042,14.5575141],[121.0215191,14.5571488],[121.0221267,14.5573279],[121.0220118,14.5576932],[121.0214042,14.5575141]]]}},
{"type":"Feature","properties":{"@id":"way/22788814","addr:city":"Makati","addr:housenumber":"6781","addr:street":"Ayala Avenue","addr:street:corner":"Paseo de Roxas","building":"office","building:levels":"12","height":"44.9","name":"Insular Life Building","postal_code":"1226","wikidata":"Q65557476"},"geometry":{"type":"Polygon","coordinates":[[[121.0209065,14.5575311],[121.020823,14.5574153],[121.0208073,14.5574304],[121.0207346,14.5573205],[121.0210246,14.5571351],[121.021092,14.5571021],[121.0211516,14.5570803],[121.0212134,14.5570678],[121.0212616,14.5570662],[121.0213128,14.5570693],[121.0213559,14.5570761],[121.0215181,14.5571253],[121.0214625,14.5572972],[121.0213726,14.5572709],[121.0213052,14.5572545],[121.0212592,14.5572546],[121.0212167,14.5572613],[121.0211807,14.5572722],[121.0211448,14.5572884],[121.0211671,14.5573243],[121.021194,14.5573583],[121.0212334,14.5573904],[121.0212079,14.5574252],[121.0211733,14.5574533],[121.021131,14.5574785],[121.0210917,14.5574941],[121.02107,14.5574483],[121.0210414,14.5574068],[121.0210085,14.5573776],[121.020946,14.5574223],[121.0209852,14.5574763],[121.0209065,14.5575311]]]}},
{"type":"Feature","properties":{"@id":"way/22927854","addr:city":"Makati","addr:street":"Makati Avenue","addr:street:corner":"Santo Tomas","landuse":"residential","name":"Somerset Olympia","tourism":"apartment"},"geometry":{"type":"Polygon","coordinates":[[[121.0255979,14.5566494],[121.0254009,14.5562606],[121.0259435,14.5560031],[121.0261404,14.556392],[121.0255979,14.5566494]]]}},
{"type":"Feature","properties":{"@id":"way/22927860","addr:city":"Makati","addr:postcode":"1226","landuse":"construction"},"geometry":{"type":"Polygon","coordinates":[[[121.0257534,14.5568936],[121.0256411,14.5566722],[121.0261237,14.5564584],[121.0262288,14.5566658],[121.0257534,14.5568936]]]}},
{"type":"Feature","properties":{"@id":"way/22927862","addr:city":"Makati","addr:postcode":"1226","addr:street":"Makati Avenue","building":"yes","building:levels":"14","name":"The Atrium of Makati"},"geometry":{"type":"Polygon","coordinates":[[[121.026153,14.5577156],[121.0257837,14.5569627],[121.0262674,14.5567403],[121.0266368,14.5574931],[121.026153,14.5577156]]]}},
{"type":"Feature","properties":{"@id":"way/23457238","highway":"residential","lanes":"2","lit":"yes","name":"Valero Access Road 1","oneway":"yes","oneway:bicycle":"yes","oneway:conditional":"no @ (Sa-Su, PH)","postal_code":"1227","surface":"asphalt"},"geometry":{"type":"LineString","coordinates":[[121.0263849,14.5597353],[121.0263817,14.5597139],[121.0262066,14.5594601],[121.0261356,14.5593595],[121.0259444,14.5591453],[121.0258104,14.559031],[121.0255569,14.5588766],[121.0255355,14.5588764]]}},
{"type":"Feature","properties":{"@id":"way/24063751","landuse":"residential","name":"Urdaneta Village","residential":"detached"},"geometry":{"type":"Polygon","coordinates":[[[121.025844,14.5553781],[121.0258525,14.5555381],[121.0259798,14.555836],[121.0268591,14.5575226],[121.0269203,14.5576065],[121.027008,14.5576642],[121.0271166,14.5577161],[121.0275427,14.5578373],[121.0275813,14.5578492],[121.0273902,14.558483],[121.0273917,14.5585161],[121.0274132,14.5585551],[121.0274548,14.558581],[121.0304311,14.5594546],[121.0305645,14.5594887],[121.0306215,14.5595078],[121.0306972,14.5595075],[121.0307612,14.55947],[121.0309509,14.559306],[121.0310896,14.5592123],[121.031106,14.5592261],[121.0320237,14.5582133],[121.0324489,14.5577188],[121.0328659,14.557206],[121.0345187,14.5551041],[121.034549,14.5550524],[121.0345643,14.5550211],[121.0345693,14.5550027],[121.0345718,14.5549868],[121.0345705,14.5549718],[121.0345627,14.5549565],[121.0345517,14.5549449],[121.0305846,14.5516671],[121.0303658,14.5519094],[121.029913,14.5515466],[121.0298967,14.5515828],[121.0296439,14.5513692],[121.0295945,14.5514265],[121.029054,14.5520094],[121.0284685,14.5526057],[121.0274053,14.5536488],[121.0268886,14.5540985],[121.0263523,14.5545304],[121.0262241,14.5546384],[121.0260437,14.554765],[121.0259721,14.5548661],[121.0259251,14.5549623],[121.0258656,14.5551456],[121.025844,14.5553781]]]}},
{"type":"Feature","properties":{"@id":"way/25784325","highway":"unclassified","lit":"yes","name":"Legazpi Street","name:es":"Calle Legazpi","name:fil":"Kalye Legazpi","name:tl":"Kalye Legazpi","ownership":"private","sidewalk:left":"separate","surface":"asphalt"},"geometry":{"type":"LineString","coordinates":[[121.0229936,14.554053],[121.0232557,14.5542633],[121.0235058,14.554475],[121.0236767,14.5546541],[121.0237553,14.554684]]}},
{"type":"Feature","properties":{"@id":"way/25945011","highway":"secondary","lanes":"3","lit":"yes","motor_vehicle:conditional":"no @ (Su 06:00-10:00)","name":"Makati Avenue","name:es":"Avenida de Macati","name:fil":"Abenida Makati","name:tl":"Abenida Makati","oneway":"yes","ownership":"private","sidewalk:right":"separate","surface":"asphalt"},"geometry":{"type":"LineString","coordinates":[[121.0251235,14.5562838],[121.0248858,14.5558135],[121.0248571,14.5557589],[121.024817,14.5556825]]}},
{"type":"Feature","properties":{"@id":"way/27274658","building":"parking","disused:amenity":"parking","disused:parking":"multi-storey","end_date":"2024-05-31","fixme":"survey if building and POIs within still exist","name":"Dela Rosa Carpark 2"},"geometry":{"type":"Polygon","coordinates":[[[121.0201115,14.5566051],[121.0190217,14.5573163],[121.0187871,14.5569795],[121.0194413,14.5565526],[121.019877,14.5562683],[121.0201115,14.5566051]]]}},
{"type":"Feature","properties":{"@id":"way/27274671","addr:city":"Makati","addr:street":"Dela Rosa Street","amenity":"parking","building":"parking","name":"Dela Rosa Carpark 1"},"geometry":{"type":"Polygon","coordinates":[[[121.0212439,14.5553894],[121.0213459,14.5555335],[121.0214377,14.5556581],[121.022632,14.5549228],[121.0225257,14.5547719],[121.0224156,14.5546123],[121.02239,14.554629],[121.0212439,14.5553894]]]}},
{"type":"Feature","properties":{"@id":"way/27649876","addr:city":"Makati","addr:housenumber":"6766","addr:postcode":"1200","addr:street":"Ayala Avenue","addr:street:corner":"Paseo de Roxas","building":"office","building:colour":"gray","building:levels":"2","height":"18","name":"Enterprise Center","wikidata":"Q3055059","wikimedia_commons":"Category:The Enterprise Center","wikipedia":"en:The Enterprise Center Tower 1"},"geometry":{"type":"Polygon","coordinates":[[[121.0210688,14.5563935],[121.0209898,14.556278],[121.0210095,14.5561034],[121.0209763,14.5560441],[121.0208154,14.556015],[121.0207225,14.5559047],[121.0207465,14.5557039],[121.0209983,14.5555475],[121.0214905,14.5562832],[121.0212583,14.5564255],[121.0210688,14.5563935]]]}},
{"type":"Feature","properties":{"@id":"way/27661350","addr:city":"Makati","addr:housenumber":"6750","addr:postcode":"1226","addr:street":"Ayala Avenue","building":"office","building:levels":"24","height":"12","name":"6750 Ayala Avenue","note":"24 floors and 2 basement levels"},"geometry":{"type":"Polygon","coordinates":[[[121.02568,14.552744],[121.0261104,14.5532705],[121.0256578,14.5536245],[121.0255173,14.5534405],[121.0255215,14.5534036],[121.0255154,14.5533556],[121.0254977,14.5533165],[121.0254727,14.5532863],[121.0254448,14.553269],[121.0254165,14.5532604],[121.0253825,14.5532639],[121.0252407,14.553078],[121.0253212,14.5530168],[121.0255955,14.5528082],[121.0256386,14.5527754],[121.02568,14.552744]]]}},
{"type":"Feature","properties":{"@id":"way/27661373","alt_name":"Rizal Drive","highway":"residential","lanes":"2","name":"West Street","old_name":"Rizal Drive","postal_code":"1224","sidewalk":"both","surface":"asphalt","turn:lanes:backward":"through","turn:lanes:forward":"right"},"geometry":{"type":"LineString","coordinates":[[121.0254285,14.5534724],[121.0256066,14.5536824],[121.0256588,14.553744]]}},
{"type":"Feature","properties":{"@id":"way/27663639","addr:city":"Makati","addr:housenumber":"6751","addr:street":"Ayala Avenue","building":"residential","building:levels":"25","height":"95","name":"The Makati Tuscany","note":"height based on wiki","wikidata":"Q30634589","wikipedia":"en:Makati Tuscany"},"geometry":{"type":"Polygon","coordinates":[[[121.0260566,14.5539037],[121.0263923,14.553642],[121.0264996,14.553771],[121.0264579,14.5538035],[121.0264709,14.5538191],[121.026512,14.5537871],[121.0265756,14.5538636],[121.0262398,14.5541254],[121.0261312,14.553995],[121.0261812,14.553956],[121.0261691,14.5539416],[121.02612,14.5539799],[121.0260566,14.5539037]]]}},
{"type":"Feature","properties":{"@id":"way/27663664","addr:city":"Makati","addr:street":"Ayala Avenue","landuse":"commercial","name":"Discovery Primea","website":"https://www.discoveryprimea.com/"},"geometry":{"type":"Polygon","coordinates":[[[121.0267881,14.5540406],[121.0263437,14.5535315],[121.0267742,14.5531817],[121.0271931,14.5536863],[121.0267881,14.5540406]]]}},
{"type":"Feature","properties":{"@id":"way/27787196","addr:city":"Makati","addr:housenumber":"6764","addr:postcode":"1229","addr:street":"Ayala Avenue","building":"office","building:levels":"12","height":"44.9","name":"STI Holdings Center","old_name":"PhilFirst Building; Banker's Center"},"geometry":{"type":"Polygon","coordinates":[[[121.0217624,14.5558539],[121.0218919,14.5560423],[121.021517,14.5562791],[121.0213895,14.5560913],[121.0214761,14.5560356],[121.021455,14.5560048],[121.0216529,14.5558774],[121.0216753,14.55591],[121.0217624,14.5558539]]]}},
{"type":"Feature","properties":{"@id":"way/27787251","addr:city":"Makati","addr:street":"Makati Avenue","building":"office","building:levels":"15","height":"56.1","name":"Ramon Cojuangco Building","wikidata":"Q125545504"},"geometry":{"type":"Polygon","coordinates":[[[121.0236575,14.5537303],[121.023708,14.5538011],[121.0236896,14.5538134],[121.0237369,14.5538797],[121.0237121,14.5538963],[121.0237673,14.5539737],[121.0237397,14.5539922],[121.0237874,14.554059],[121.0237747,14.5540675],[121.0237884,14.5540867],[121.0238012,14.5540781],[121.0238942,14.5542084],[121.023546,14.5544411],[121.0234463,14.5543014],[121.0234599,14.5542923],[121.0234466,14.5542735],[121.0234338,14.554282],[121.023406,14.554243],[121.0233824,14.5542588],[121.0233448,14.5542061],[121.0233224,14.5542211],[121.0232644,14.5541398],[121.0232431,14.5541541],[121.0231721,14.5540547],[121.0236575,14.5537303]]]}},
{"type":"Feature","properties":{"@id":"way/27787306","addr:city":"Makati","addr:housenumber":"777","addr:street":"Paseo de Roxas","addr:street:corner":"Sedeño Street","building":"office","building:levels":"30","height":"112","name":"PSBank Center","postal_code":"1226"},"geometry":{"type":"Polygon","coordinates":[[[121.0222815,14.5579001],[121.022345,14.557679],[121.0222847,14.5575639],[121.0220847,14.5575032],[121.0221366,14.55733],[121.022504,14.5574443],[121.0225338,14.5574641],[121.0225536,14.557486],[121.0225682,14.5575108],[121.0225726,14.5575384],[121.0225707,14.5575712],[121.0224514,14.5579563],[121.0222815,14.5579001]]]}},
{"type":"Feature","properties":{"@id":"way/27789139","admin_level":"10","boundary":"administrative"},"geometry":{"type":"LineString","coordinates":[[121.0243772,14.5546799],[121.0238508,14.555037],[121.0200783,14.5574865],[121.0188855,14.5582712],[121.0164754,14.559839],[121.0162988,14.5599765],[121.0161986,14.5600614],[121.0160143,14.5602194],[121.0158571,14.5603962],[121.015735,14.5605773],[121.0156141,14.5608158],[121.0155245,14.5610882],[121.0155022,14.5612911]]}},
{"type":"Feature","properties":{"@id":"way/27890400","foot":"yes","handrail":"yes","highway":"steps","incline":"up"},"geometry":{"type":"LineString","coordinates":[[121.023133,14.5542741],[121.0230362,14.5541985]]}},
{"type":"Feature","properties":{"@id":"way/28618136","addr:city":"Makati","addr:housenumber":"6776","addr:postcode":"1226","addr:street":"Ayala Avenue","building":"office","building:colour":"slategray","building:levels":"20","height":"74.8","name":"Security Bank Centre"},"geometry":{"type":"Polygon","coordinates":[[[121.0197119,14.5570776],[121.0197745,14.5571664],[121.0197154,14.5572055],[121.0197246,14.5572186],[121.0197026,14.5572332],[121.0198282,14.5574113],[121.0200062,14.5572923],[121.0201905,14.557172],[121.020069,14.5569997],[121.0200443,14.557016],[121.0200351,14.557003],[121.0199699,14.557046],[121.0199031,14.5569514],[121.0197119,14.5570776]]]}},
{"type":"Feature","properties":{"@id":"way/28808341","addr2:street":"Dela Rosa Street","addr:city":"Makati","addr:street":"Legazpi Street","building":"retail","building:levels":"5","layer":"1","name":"Greenbelt 5","postal_code":"1228","shop":"mall"},"geometry":{"type":"Polygon","coordinates":[[[121.0202467,14.552651],[121.020278,14.5526171],[121.0202927,14.5526012],[121.0203536,14.5525497],[121.0204276,14.5525041],[121.0205081,14.5524692],[121.0205797,14.5524486],[121.0206394,14.5524369],[121.0206929,14.5524325],[121.0207611,14.5524637],[121.0207665,14.5526166],[121.0207967,14.55262],[121.0208281,14.5526242],[121.0209022,14.5524515],[121.0209788,14.5524763],[121.0210315,14.5525005],[121.0210845,14.5525306],[121.0211252,14.5525615],[121.0211723,14.5526012],[121.0212333,14.5526524],[121.021222,14.5526633],[121.0212691,14.552698],[121.0213294,14.5527326],[121.0213948,14.5527637],[121.0214627,14.5527916],[121.0215287,14.5528119],[121.021585,14.5528224],[121.0217906,14.5528228],[121.0218309,14.5528466],[121.021896,14.5528952],[121.0219271,14.5529186],[121.0219848,14.55296],[121.0220469,14.5530007],[121.0220958,14.5530333],[121.0221191,14.5529942],[121.0223482,14.5531801],[121.0228183,14.5535571],[121.0228432,14.5536985],[121.0228772,14.5537519],[121.0229464,14.5538609],[121.0229211,14.5538837],[121.0228913,14.5538728],[121.0228831,14.5538826],[121.0228667,14.553904],[121.0224595,14.5537212],[121.0224698,14.5536962],[121.0220253,14.5535188],[121.0217923,14.5535441],[121.0217847,14.5534735],[121.0215204,14.5535001],[121.0214914,14.553223],[121.0214633,14.5532256],[121.0213976,14.5532317],[121.0213468,14.5532364],[121.0213532,14.5532435],[121.0212948,14.553249],[121.0212797,14.5530972],[121.0209055,14.553132],[121.020878,14.5528257],[121.0203747,14.5528829],[121.0203611,14.5527473],[121.0202774,14.5527524],[121.020275,14.5526969],[121.0202467,14.552651]]]}},
{"type":"Feature","properties":{"@id":"way/28808343","addr2:street":"Dela Rosa Street","addr:city":"Makati","addr:street":"Makati Avenue","building":"retail","building:levels":"2","height":"15","layer":"1","name":"Greenbelt 4","postal_code":"1228","shop":"mall"},"geometry":{"type":"Polygon","coordinates":[[[121.0231657,14.5535105],[121.0231931,14.5534607],[121.0232368,14.5533813],[121.0231939,14.553293],[121.023094,14.5533313],[121.0230886,14.5532943],[121.0230242,14.5533073],[121.0229974,14.5531561],[121.0229753,14.5531704],[121.0227983,14.5528445],[121.0228211,14.5527725],[121.0229351,14.5526914],[121.0229518,14.5527271],[121.0230457,14.5526868],[121.023104,14.5526635],[121.0231624,14.5527803],[121.0231926,14.5528393],[121.0232757,14.5529951],[121.0233535,14.5531444],[121.0233535,14.5531989],[121.0233347,14.5532275],[121.0234232,14.5534053],[121.0233656,14.5534287],[121.0233387,14.5535195],[121.0233253,14.5535585],[121.0233548,14.5536169],[121.0232858,14.5536506],[121.0231899,14.5537],[121.0231322,14.553748],[121.023045,14.5538194],[121.0229672,14.5536909],[121.0229223,14.5536026],[121.0231121,14.5534975],[121.0231657,14.5535105]]]}},
{"type":"Feature","properties":{"@id":"way/28955054","addr:city":"Makati","addr:housenumber":"130","addr:postcode":"1227","addr:street":"L. P. Leviste Street","building":"residential","building:levels":"24","name":"LPL Center"},"geometry":{"type":"Polygon","coordinates":[[[121.0218771,14.558936],[121.0218405,14.5592456],[121.0216268,14.5592219],[121.0216635,14.5589123],[121.0218771,14.558936]]]}},
{"type":"Feature","properties":{"@id":"way/29018268","addr:city":"Makati","addr:housenumber":"6767","addr:street":"Ayala Avenue","addr:street:corner":"Paseo de Roxas","building":"yes","building:colour":"royalblue","building:levels":"35","building:material":"glass","height":"160","name":"Tower One & Exchange Plaza","official_name":"Tower One & Exchange Plaza","old_name":"Ayala Tower One","postal_code":"1226","start_date":"1996","website":"https://www.ayalaland.com.ph/office/tower-one-exchange-plaza/","wikidata":"Q4830875","wikimedia_commons":"Category:Ayala Tower One","wikipedia":"en:Tower One & Exchange Plaza"},"geometry":{"type":"Polygon","coordinates":[[[121.0224057,14.5563523],[121.0221677,14.5565037],[121.0221856,14.55653],[121.022252,14.5565433],[121.0222593,14.5565542],[121.0222736,14.5565745],[121.0222733,14.5565752],[121.0222549,14.5565863],[121.0222364,14.5565982],[121.0222136,14.5566127],[121.0222312,14.5566386],[121.0222512,14.5566681],[121.0225904,14.5567703],[121.0226665,14.5567219],[121.0226513,14.5566995],[121.0226762,14.5566837],[121.022695,14.5567114],[121.0227318,14.556688],[121.022755,14.5566732],[121.0227181,14.556619],[121.0227335,14.5566092],[121.0226687,14.5565158],[121.0226266,14.5564552],[121.0225731,14.5563781],[121.0225587,14.5563872],[121.0225183,14.5563278],[121.0224281,14.5563852],[121.0224057,14.5563523]]]}},
{"type":"Feature","properties":{"@id":"way/29018285","foot":"no","highway":"secondary_link","lanes":"1","lit":"yes","motor_vehicle:conditional":"no @ (Su 06:00-10:00)","oneway":"yes","postal_code":"1226","surface":"asphalt"},"geometry":{"type":"LineString","coordinates":[[121.0217068,14.5565322],[121.0216595,14.5566415],[121.0216598,14.5567006],[121.0216666,14.5567514],[121.0216799,14.5567844],[121.0217159,14.5568327],[121.021808,14.5569494]]}},
{"type":"Feature","properties":{"@id":"way/29018300","addr:city":"Makati","addr:housenumber":"6754","addr:street":"Ayala Avenue","building":"office","building:levels":"14","height":"52.4","name":"Allied Bank Center","start_date":"1982"},"geometry":{"type":"Polygon","coordinates":[[[121.0233388,14.5545428],[121.0232228,14.5546158],[121.0233688,14.5548505],[121.0230595,14.5550431],[121.0230753,14.555068],[121.0227884,14.5552438],[121.0227474,14.5552708],[121.0228614,14.5554341],[121.0236106,14.5549422],[121.0236209,14.5549198],[121.0236092,14.5548813],[121.0233388,14.5545428]]]}},
{"type":"Feature","properties":{"@id":"way/29086937","access":"permissive","highway":"service","oneway":"yes","service":"driveway","sidewalk":"right"},"geometry":{"type":"LineString","coordinates":[[121.0258057,14.5554063],[121.0257045,14.5553823],[121.0256121,14.555348],[121.0255699,14.555304],[121.0255269,14.555218],[121.0255114,14.555137],[121.0255408,14.5550287],[121.0255583,14.5549397],[121.0255887,14.5548761],[121.025639,14.5548465],[121.0257031,14.5548128],[121.0258198,14.5547956],[121.0259336,14.5548161]]}},
{"type":"Feature","properties":{"@id":"way/29103538","addr:city":"Makati","addr:housenumber":"6752","addr:street":"Ayala Avenue","alt_name":"Leandro V. Locsin Building","building":"office","building:levels":"20","height":"74.8","name":"L.V. Locsin Building","wikidata":"Q28403725","wikipedia":"en:L. V. Locsin Building"},"geometry":{"type":"Polygon","coordinates":[[[121.0238224,14.5547033],[121.0238071,14.5546807],[121.0238023,14.5546838],[121.0237108,14.5545492],[121.0237193,14.5545438],[121.0237002,14.5545157],[121.0237364,14.5544927],[121.0237153,14.5544616],[121.023738,14.5544472],[121.0237583,14.554477],[121.023774,14.554467],[121.0237205,14.5543883],[121.0238222,14.5543235],[121.0238757,14.5544023],[121.0238887,14.554394],[121.0238685,14.5543642],[121.0238915,14.5543496],[121.0239125,14.5543806],[121.0239386,14.554364],[121.0239388,14.5543643],[121.0239591,14.5543941],[121.0239684,14.5543882],[121.0240534,14.5545133],[121.0240499,14.5545155],[121.0240699,14.5545449],[121.0240347,14.5545673],[121.0240384,14.5545727],[121.0240324,14.5545765],[121.0240566,14.5546121],[121.0238881,14.5547193],[121.023866,14.5546869],[121.023858,14.554692],[121.0238526,14.5546841],[121.0238224,14.5547033]]]}},
{"type":"Feature","properties":{"@id":"way/31091046","highway":"unclassified","lanes":"2","name":"Greenbelt Drive","oneway":"yes","postal_code":"1228","surface":"asphalt"},"geometry":{"type":"LineString","coordinates":[[121.0214372,14.5536371],[121.0214224,14.5535293],[121.0214057,14.5532997],[121.0213999,14.5532194]]}},
{"type":"Feature","properties":{"@id":"way/31659543","leisure":"park","name":"Greenbelt Park"},"geometry":{"type":"Polygon","coordinates":[[[121.0213869,14.552437],[121.0213686,14.5524276],[121.0212853,14.5524217],[121.0210992,14.5522018],[121.0210693,14.5521708],[121.0210427,14.5521296],[121.0210369,14.5521094],[121.0211136,14.552104],[121.0211552,14.5521151],[121.0212299,14.5521392],[121.0215127,14.5521445],[121.0215282,14.5521925],[121.021562,14.5522299],[121.0216189,14.5522559],[121.0216761,14.5522574],[121.0217285,14.5522432],[121.0217617,14.5522208],[121.0217855,14.5521896],[121.0218315,14.5522119],[121.0219045,14.5522781],[121.0219654,14.5523201],[121.0219817,14.552324],[121.0220527,14.55236],[121.022147,14.5523745],[121.0222549,14.5523679],[121.022356,14.5523404],[121.0224549,14.5522833],[121.0224132,14.5522319],[121.022497,14.5521616],[121.0225294,14.5521981],[121.0226395,14.5523005],[121.022682,14.5522653],[121.0227568,14.5523437],[121.0227999,14.552399],[121.0228405,14.5524568],[121.0228731,14.5525139],[121.0228975,14.5525662],[121.0226886,14.5526772],[121.0227023,14.5527008],[121.0231074,14.5534812],[121.0229096,14.553587],[121.0219435,14.5528025],[121.02193,14.552638],[121.0217948,14.5526496],[121.0217746,14.5526521],[121.0217767,14.5526772],[121.021583,14.552696],[121.021509,14.5526778],[121.0214943,14.552675],[121.0214913,14.5525779],[121.0213869,14.552437]]]}},
{"type":"Feature","properties":{"@id":"way/31661136","bridge":"yes","highway":"footway","layer":"1","name":"Ayala Center Pedestrian Link Bridge"},"geometry":{"type":"LineString","coordinates":[[121.0228772,14.5537519],[121.0229267,14.5537197],[121.0229672,14.5536909]]}},
{"type":"Feature","properties":{"@id":"way/31661773","alt_name":"Legaspi Street","highway":"tertiary","lane_markings":"yes","lanes":"4","lit":"yes","name":"Legazpi Street","name:es":"Calle Legazpi","name:fil":"Kalye Legazpi","name:tl":"Kalye Legazpi","oneway":"yes","ownership":"private","postal_code":"1229","sidewalk":"both","surface":"asphalt"},"geometry":{"type":"LineString","coordinates":[[121.019489,14.553908],[121.0195527,14.5538972],[121.0202493,14.5537614],[121.0202649,14.5537588],[121.0205811,14.5537064],[121.0206375,14.5537001],[121.0210815,14.5536503]]}},
{"type":"Feature","properties":{"@id":"way/32483271","admin_level":"10","boundary":"administrative"},"geometry":{"type":"LineString","coordinates":[[121.0243772,14.5546799],[121.0251008,14.5542053],[121.0257268,14.5537831],[121.0263737,14.5532695],[121.0264742,14.5531866],[121.0268497,14.5528549],[121.0273868,14.5523583],[121.0280747,14.5516673],[121.029005,14.5506496],[121.0293468,14.5502484]]}},
{"type":"Feature","properties":{"@id":"way/32484112","admin_level":"10","boundary":"administrative"},"geometry":{"type":"LineString","coordinates":[[121.0349152,14.554912],[121.034686,14.5551528],[121.0330318,14.5573145],[121.0324439,14.5580173],[121.0318223,14.5586877],[121.031429,14.5590764],[121.0310374,14.5594259],[121.030939,14.5595069],[121.0308076,14.5596243],[121.0307075,14.5597115],[121.0305942,14.5597926],[121.0302063,14.560096],[121.0298172,14.5603636],[121.0292333,14.5607369],[121.0287643,14.5610022],[121.0281228,14.5613057],[121.0278169,14.5614435],[121.0275951,14.5610079],[121.0274153,14.56063],[121.0271467,14.5601072],[121.0262661,14.5583429],[121.0243772,14.5546799]]}},
{"type":"Feature","properties":{"@id":"way/32946572","highway":"secondary","lanes":"3","lit":"yes","name":"Makati Avenue","name:es":"Avenida de Macati","name:fil":"Abenida Makati","name:tl":"Abenida Makati","oneway":"yes","ownership":"private","sidewalk":"right","surface":"asphalt"},"geometry":{"type":"LineString","coordinates":[[121.0265646,14.558806],[121.0271359,14.5599386],[121.0271765,14.5600191],[121.0272118,14.5600885],[121.0273678,14.5603983],[121.0274105,14.5604831]]}},
{"type":"Feature","properties":{"@id":"way/32946689","highway":"residential","lane_markings":"yes","lanes":"3","name":"Sedeño Street","name:es":"Calle Sedeño","name:fil":"Kalye Sedeño","name:tl":"Kalye Sedeño","oneway":"yes","oneway:bicycle":"yes","ownership":"private","postal_code":"1227","sidewalk":"both","surface":"asphalt"},"geometry":{"type":"LineString","coordinates":[[121.0223954,14.5584534],[121.0224312,14.5583406],[121.0225007,14.5581209]]}},
{"type":"Feature","properties":{"@id":"way/32946692","highway":"secondary","lane_markings":"yes","lanes":"3","lit":"yes","motor_vehicle:conditional":"no @ (Su 06:00-10:00)","name":"Paseo de Roxas","oneway":"yes","ownership":"private","postal_code":"1226","surface":"asphalt"},"geometry":{"type":"LineString","coordinates":[[121.0259199,14.5582976],[121.0257265,14.5582416],[121.025682,14.5582288],[121.0254593,14.5581648]]}},
{"type":"Feature","properties":{"@id":"way/32947216","addr:city":"Makati","addr:housenumber":"142","addr:postcode":"1200","addr:street":"Valero Street","building":"yes","building:levels":"8","name":"Paseo Parkview Suites","website":"http://www.paseoparkview.com/"},"geometry":{"type":"Polygon","coordinates":[[[121.0223851,14.5589013],[121.022495,14.5585703],[121.0225679,14.5585925],[121.0231411,14.5587673],[121.0230322,14.5590992],[121.0223851,14.5589013]]]}},
{"type":"Feature","properties":{"@id":"way/32947219","addr:city":"Makati","addr:housenumber":"146","addr:postcode":"1227","addr:street":"Valero Street","building":"office","building:colour":"lightblue","building:levels":"21","height":"78.5","name":"Pearl Bank Centre"},"geometry":{"type":"Polygon","coordinates":[[[121.0231499,14.5587511],[121.0232525,14.5587801],[121.023355,14.5588091],[121.0232543,14.5591426],[121.0230492,14.5590846],[121.0231499,14.5587511]]]}},
{"type":"Feature","properties":{"@id":"way/32947698","addr:city":"Makati","addr:housenumber":"8757","addr:street":"Paseo de Roxas","addr:street:corner":"Sedeño Street","building":"retail","building:levels":"2","name":"Paseo Center","postal_code":"1226"},"geometry":{"type":"Polygon","coordinates":[[[121.0228495,14.557541],[121.023223,14.5576533],[121.0231096,14.5579895],[121.0227361,14.5578815],[121.0227558,14.5578223],[121.0228495,14.557541]]]}},
{"type":"Feature","properties":{"@id":"way/32947939","addr:city":"Makati","addr:housenumber":"138","addr:street":"Valero Street","building":"residential","building:levels":"14","height":"52.4","name":"Cordova"},"geometry":{"type":"Polygon","coordinates":[[[121.0222491,14.5584693],[121.0221524,14.5588096],[121.0220345,14.558781],[121.0220211,14.5587447],[121.0220586,14.5586097],[121.0220156,14.5585993],[121.0220425,14.5585031],[121.0220855,14.5585162],[121.0221096,14.5584357],[121.0222491,14.5584693]]]}},
{"type":"Feature","properties":{"@id":"way/32947981","addr:city":"Makati","addr:housenumber":"134","addr:street":"Valero Street","building":"residential","building:levels":"16","height":"59.8","name":"Cosmopolitan Tower"},"geometry":{"type":"Polygon","coordinates":[[[121.0214879,14.5586389],[121.0214718,14.5583377],[121.0217776,14.5583689],[121.0217132,14.5586596],[121.0214879,14.5586389]]]}},
{"type":"Feature","properties":{"@id":"way/32947982","addr:city":"Makati","addr:postcode":"1227","addr:street":"San Agustin Street","building":"residential","building:levels":"5","name":"The Stratosphere"},"geometry":{"type":"Polygon","coordinates":[[[121.0217079,14.5587374],[121.0217901,14.558355],[121.0220464,14.5584072],[121.0219659,14.5587857],[121.0217079,14.5587374]]]}},
{"type":"Feature","properties":{"@id":"way/32947984","addr:city":"Makati","addr:postcode":"1227","addr:street":"San Agustin Street","amenity":"parking","barrier":"fence","name":"Metro Parking"},"geometry":{"type":"Polygon","coordinates":[[[121.0211002,14.5584067],[121.0211769,14.5583691],[121.0212746,14.5583339],[121.0214354,14.5583094],[121.0214613,14.5587152],[121.0213698,14.5587301],[121.0212552,14.5587487],[121.0211002,14.5584067]]]}},
{"type":"Feature","properties":{"@id":"way/32948076","addr:city":"Makati","addr:housenumber":"132","addr:postcode":"1227","addr:street":"L. P. Leviste Street","building":"residential","building:levels":"30","height":"100","name":"One Lafayette Square"},"geometry":{"type":"Polygon","coordinates":[[[121.0221666,14.5589539],[121.0221415,14.5590919],[121.0221149,14.5590874],[121.022102,14.559158],[121.0221243,14.5591618],[121.0221059,14.5592628],[121.0220742,14.5592574],[121.0220671,14.5592967],[121.021964,14.5592791],[121.0219679,14.5592576],[121.0218737,14.5592416],[121.0219333,14.5589141],[121.0221666,14.5589539]]]}},
{"type":"Feature","properties":{"@id":"way/32948109","access":"yes","addr:city":"Makati","addr:housenumber":"149","addr:postcode":"1227","addr:street":"Valero Street","amenity":"parking","building":"yes","fee":"yes","name":"Valero Carpark 2","parking":"multi-storey"},"geometry":{"type":"Polygon","coordinates":[[[121.0231021,14.5585169],[121.0232197,14.5581507],[121.0242894,14.5584808],[121.0241865,14.5588275],[121.0231021,14.5585169]]]}},
{"type":"Feature","properties":{"@id":"way/32948317","landuse":"commercial"},"geometry":{"type":"Polygon","coordinates":[[[121.0195486,14.5592598],[121.0190023,14.5584561],[121.0189915,14.5584158],[121.0190109,14.5583913],[121.0209989,14.5570712],[121.0211727,14.5570217],[121.0212127,14.5570162],[121.0212691,14.5570229],[121.0225431,14.5574197],[121.0225869,14.5574391],[121.0226077,14.5574655],[121.0226175,14.5574853],[121.0226276,14.5575312],[121.0223895,14.5583033],[121.0223542,14.5583467],[121.022308,14.5583608],[121.0218356,14.5582292],[121.0219913,14.557701],[121.0216193,14.5576071],[121.021425,14.5576071],[121.021203,14.5576331],[121.0209905,14.557709],[121.0207241,14.557855],[121.0197046,14.5585384],[121.0199999,14.5589553],[121.0195486,14.5592598]]]}},
{"type":"Feature","properties":{"@id":"way/33513919","highway":"residential","lanes":"2","lit":"yes","name":"Apartment Ridge Road","name:es":"Calzada de Apartment Ridge","name:fil":"Daang Apartment Ridge","name:tl":"Daang Apartment Ridge","ownership":"private","sidewalk":"both","surface":"asphalt"},"geometry":{"type":"LineString","coordinates":[[121.0263019,14.5544983],[121.0263658,14.5544457],[121.0268439,14.5540695],[121.0273375,14.5536519],[121.0276509,14.5533409],[121.0281069,14.5528884],[121.028287,14.5527147],[121.0285148,14.5524863],[121.0290341,14.5519654],[121.0291447,14.5518523]]}},
{"type":"Feature","properties":{"@id":"way/33545934","landuse":"commercial"},"geometry":{"type":"Polygon","coordinates":[[[121.0206046,14.5557639],[121.0210836,14.5554521],[121.0213664,14.555843],[121.0227384,14.5549383],[121.0224625,14.5545361],[121.0229521,14.5542085],[121.0231001,14.5540448],[121.0232185,14.5539248],[121.0233507,14.5538264],[121.0234637,14.5537546],[121.0236742,14.5536337],[121.0241553,14.5545766],[121.0241459,14.5546154],[121.0211523,14.5565596],[121.0206046,14.5557639]]]}},
{"type":"Feature","properties":{"@id":"way/34128536","landuse":"commercial"},"geometry":{"type":"Polygon","coordinates":[[[121.0225329,14.5570146],[121.0219525,14.5568155],[121.0218933,14.5567846],[121.0218378,14.5567377],[121.0218088,14.5566772],[121.0218101,14.5566032],[121.0218621,14.5565478],[121.0219669,14.5564802],[121.0238771,14.555312],[121.0242714,14.5558848],[121.0243476,14.556],[121.0234462,14.5565491],[121.0233989,14.5564734],[121.0225329,14.5570146]]]}},
{"type":"Feature","properties":{"@id":"way/34128544","addr:city":"Makati","addr:housenumber":"6767","addr:street":"Ayala Avenue","building":"roof","layer":"2","name":"Stock Exchange Plaza"},"geometry":{"type":"Polygon","coordinates":[[[121.0232144,14.5563272],[121.0231732,14.5562679],[121.0231624,14.5562749],[121.0230241,14.5560756],[121.0230488,14.5560596],[121.023018,14.5560151],[121.0225409,14.5563252],[121.0225785,14.5563794],[121.0226298,14.5564533],[121.0226718,14.5565139],[121.0227389,14.5566105],[121.0227512,14.5566283],[121.0232144,14.5563272]]]}},
{"type":"Feature","properties":{"@id":"way/34128558","addr:city":"Makati","addr:housenumber":"6760","addr:street":"Ayala Avenue","building":"yes","building:levels":"14","height":"52.4","name":"SGV I"},"geometry":{"type":"Polygon","coordinates":[[[121.022286,14.5554816],[121.0221042,14.5555913],[121.0222507,14.5558189],[121.0224325,14.5557092],[121.022286,14.5554816]]]}},
{"type":"Feature","properties":{"@id":"way/34128569","addr:city":"Makati","addr:housenumber":"6762","addr:postcode":"1200","addr:street":"Ayala Avenue","building":"office","building:levels":"12","height":"44.9","name":"Noble Square","old_name":"National Life Insurance"},"geometry":{"type":"Polygon","coordinates":[[[121.0218155,14.5559116],[121.0219408,14.5558342],[121.0218668,14.5557219],[121.0219825,14.5556504],[121.0220575,14.5557643],[121.0221671,14.5556966],[121.0222489,14.5558206],[121.0218984,14.5560372],[121.0218155,14.5559116]]]}},
{"type":"Feature","properties":{"@id":"way/34128573","addr:city":"Makati","addr:housenumber":"6756","addr:street":"Ayala Avenue","building":"yes","building:levels":"14","height":"52.4","name":"Bankmer"},"geometry":{"type":"Polygon","coordinates":[[[121.0226369,14.5555817],[121.0228564,14.5554452],[121.0227601,14.5553],[121.0225406,14.5554365],[121.0226369,14.5555817]]]}},
{"type":"Feature","properties":{"@id":"way/34205369","addr:city":"Makati","addr:housenumber":"6772","addr:postcode":"1200","addr:street":"Ayala Avenue","building":"commercial","building:colour":"lightslategray","building:levels":"13","height":"48.6","name":"VGP Center","old_name":"Manila Bankers Life Insurance"},"geometry":{"type":"Polygon","coordinates":[[[121.0203626,14.5567331],[121.0204234,14.5568187],[121.0205214,14.5569565],[121.0201952,14.5571737],[121.0200365,14.5569503],[121.0203626,14.5567331]]]}},
{"type":"Feature","properties":{"@id":"way/34205655","landuse":"commercial"},"geometry":{"type":"Polygon","coordinates":[[[121.0204106,14.5559231],[121.0209644,14.5566856],[121.0187843,14.5581043],[121.0182369,14.5572976],[121.01867,14.5570062],[121.0189532,14.5574248],[121.0202235,14.5565835],[121.0199616,14.5562061],[121.0204106,14.5559231]]]}},
{"type":"Feature","properties":{"@id":"way/34901954","addr:city":"Makati","addr:postcode":"1227","addr:street":"Valero Access Road 1","construction":"residential","landuse":"construction","name":"The Gentry"},"geometry":{"type":"Polygon","coordinates":[[[121.0200528,14.5588732],[121.0209644,14.558313],[121.0207082,14.5579624],[121.0198476,14.5585331],[121.0200528,14.5588732]]]}},
{"type":"Feature","properties":{"@id":"way/34901956","addr:city":"Makati","addr:postcode":"1227","addr:street":"Valero Access Road 1","amenity":"parking","fee":"yes","name":"Valero Carpark 1 Building","park_ride":"no","supervised":"yes"},"geometry":{"type":"Polygon","coordinates":[[[121.0210901,14.5582448],[121.0211384,14.5582208],[121.0212335,14.5581864],[121.0213798,14.5581557],[121.0215829,14.5581477],[121.0217642,14.5581924],[121.0218843,14.5577705],[121.0216086,14.557714],[121.0212555,14.5577327],[121.0210523,14.5577971],[121.0208369,14.5579267],[121.0210901,14.5582448]]]}},
{"type":"Feature","properties":{"@id":"way/35117809","addr:city":"Makati","building":"office","building:levels":"8","height":"29.9","name":"Peninsula Court","postal_code":"1226"},"geometry":{"type":"Polygon","coordinates":[[[121.0262413,14.5587012],[121.0262067,14.5586371],[121.0261697,14.5585855],[121.0261229,14.5585468],[121.0260907,14.5585191],[121.0260478,14.5584938],[121.0259586,14.5584569],[121.0258549,14.5584188],[121.0258069,14.5585501],[121.0258827,14.5585764],[121.025914,14.5585939],[121.0259839,14.5586369],[121.025961,14.5586715],[121.0259113,14.5586372],[121.0258585,14.558736],[121.0259539,14.5588079],[121.0260391,14.5587394],[121.0259982,14.5587002],[121.0260195,14.5586737],[121.0260835,14.5587308],[121.0261604,14.5586839],[121.0261913,14.5587248],[121.0262413,14.5587012]]]}},
{"type":"Feature","properties":{"@id":"way/35117819","addr:city":"Makati","addr:housenumber":"7907","addr:postcode":"1200","addr:street":"Makati Avenue","building":"office","building:levels":"18","height":"67.3","name":"SEC Headquarters"},"geometry":{"type":"Polygon","coordinates":[[[121.0261234,14.5592295],[121.0263648,14.5591077],[121.0261616,14.5587304],[121.0259203,14.5588521],[121.0261234,14.5592295]]]}},
{"type":"Feature","properties":{"@id":"way/35166203","addr:city":"Makati","addr:housenumber":"8737","addr:street":"Paseo de Roxas","building":"office","building:colour":"slategray","building:levels":"24","building:material":"glass","height":"74.8","name":"BDO Plaza","postal_code":"1226"},"geometry":{"type":"Polygon","coordinates":[[[121.0255492,14.5587756],[121.0256804,14.5588136],[121.0257057,14.5587991],[121.0257273,14.5587296],[121.0257376,14.558733],[121.0257835,14.5586014],[121.0257687,14.5585965],[121.0258001,14.5584947],[121.0257874,14.558469],[121.0256582,14.5584315],[121.0256302,14.5584458],[121.0256004,14.5585415],[121.0255897,14.558538],[121.0255438,14.5586696],[121.0255592,14.5586747],[121.0255356,14.5587513],[121.0255492,14.5587756]]]}},
{"type":"Feature","properties":{"@id":"way/35344927","addr:city":"Makati","addr:housenumber":"134","addr:postcode":"1227","addr:street":"L. P. Leviste Street","addr:street:corner":"Sedeño","building":"apartments","building:levels":"12","height":"44.9","name":"Liroville Apartments"},"geometry":{"type":"Polygon","coordinates":[[[121.0223778,14.5590951],[121.0225462,14.5591415],[121.0224999,14.5592994],[121.0224714,14.5592916],[121.0224495,14.5593663],[121.0223885,14.5593495],[121.0223977,14.5593183],[121.0223186,14.5592965],[121.0223778,14.5590951]]]}},
{"type":"Feature","properties":{"@id":"way/35344928","addr:city":"Makati","addr:housenumber":"136","addr:postcode":"1209","addr:street":"L. P. Leviste Street","building":"condominium","building:levels":"7","name":"Paseo Heights","operator":"Megaworld","start_date":"2017"},"geometry":{"type":"Polygon","coordinates":[[[121.0228035,14.5591496],[121.0225767,14.5590914],[121.0224913,14.5594032],[121.0227181,14.5594615],[121.0228035,14.5591496]]]}},
{"type":"Feature","properties":{"@id":"way/35344929","addr:city":"Makati","addr:postcode":"1227","addr:street":"San Agustin Street","amenity":"parking","barrier":"fence"},"geometry":{"type":"Polygon","coordinates":[[[121.0227231,14.5594515],[121.0229019,14.5595036],[121.022984,14.5592091],[121.0228087,14.5591629],[121.0227231,14.5594515]]]}},
{"type":"Feature","properties":{"@id":"way/35394225","addr:city":"Makati","addr:housenumber":"8741","addr:postcode":"1227","addr:street":"Paseo de Roxas","building":"office","building:levels":"33","height":"118.6","name":"BDO Towers Valero","old_name":"Citi Tower"},"geometry":{"type":"Polygon","coordinates":[[[121.0254196,14.5589145],[121.0254344,14.5588692],[121.0249772,14.5587297],[121.024965,14.5587671],[121.0249501,14.5587625],[121.0248734,14.5589979],[121.0249491,14.559021],[121.0249369,14.5590584],[121.0252769,14.559162],[121.025289,14.5591249],[121.0253772,14.5591518],[121.0254513,14.5589241],[121.0254196,14.5589145]]]}},
{"type":"Feature","properties":{"@id":"way/35394231","addr:city":"Makati","addr:postcode":"1227","addr:street":"Valero Access Road 2","building":"construction","construction":"commercial","old_name":"Valero Access Road 2 Parking"},"geometry":{"type":"Polygon","coordinates":[[[121.0242823,14.5588963],[121.0243039,14.5588236],[121.0243879,14.5585572],[121.0248302,14.5586789],[121.0247416,14.5589665],[121.0247256,14.5589913],[121.0247049,14.5590105],[121.0246781,14.5590155],[121.0246419,14.5590083],[121.0242823,14.5588963]]]}},
{"type":"Feature","properties":{"@id":"way/35423001","addr:city":"Makati","addr:housenumber":"156","addr:postcode":"1227","addr:street":"Valero Street","addr:street:corner":"Villar","building":"office","building:levels":"12","height":"44.9","name":"BDO Salcedo Tower","old_name":"Shell House","start_date":"2009"},"geometry":{"type":"Polygon","coordinates":[[[121.0244799,14.5594378],[121.0244867,14.5594244],[121.0245363,14.559388],[121.0245632,14.5593842],[121.0245846,14.5593102],[121.0245655,14.5592923],[121.0245685,14.5592803],[121.0245227,14.5592021],[121.0242911,14.559133],[121.0242842,14.559157],[121.0242681,14.5591505],[121.0242118,14.5591985],[121.0241863,14.5591882],[121.0241595,14.5592725],[121.0241877,14.5592803],[121.0241769,14.5593218],[121.0242131,14.5593231],[121.0242013,14.5593596],[121.0244799,14.5594378]]]}},
{"type":"Feature","properties":{"@id":"way/35423073","addr:city":"Makati","addr:housenumber":"148","addr:postcode":"1227","addr:street":"Valero Street","building":"yes","internet_access":"wlan","name":"Citadines Salcedo Makati","operator":"The Ascott Limited","swimming_pool":"yes","tourism":"hotel","website":"http://www2.citadines.com/en/philippines/manila/salcedo_makati.html","wikidata":"Q111403822"},"geometry":{"type":"Polygon","coordinates":[[[121.0232539,14.5591534],[121.0234724,14.5592189],[121.0235805,14.5588812],[121.0235407,14.5588693],[121.0233619,14.5588157],[121.0232539,14.5591534]]]}},
{"type":"Feature","properties":{"@id":"way/35423075","addr:city":"Makati","addr:housename":"Centrum II","addr:housenumber":"150","addr:postcode":"1227","addr:street":"Valero Street","building":"office","building:levels":"4","name":"Centrum II"},"geometry":{"type":"Polygon","coordinates":[[[121.0234788,14.5592148],[121.0236847,14.5592786],[121.0237893,14.5589624],[121.0235835,14.5588986],[121.0234788,14.5592148]]]}},
{"type":"Feature","properties":{"@id":"way/35423080","addr:city":"Makati","addr:housenumber":"152","addr:postcode":"1227","addr:street":"Valero Street","building":"hotel","building:levels":"31","height":"115.9","name":"Valero Grand Suites","start_date":"2017","wikidata":"Q111403823"},"geometry":{"type":"Polygon","coordinates":[[[121.0237124,14.5592662],[121.0238065,14.5589841],[121.0239832,14.5590393],[121.0238891,14.5593214],[121.0237124,14.5592662]]]}},
{"type":"Feature","properties":{"@id":"way/35423083","addr:city":"Makati","addr:housename":"Antel Platinum Tower","addr:housenumber":"154","addr:postcode":"1227","addr:street":"Valero Street","building":"residential","building:levels":"26","height":"97.2","name":"Antel Platinum Tower"},"geometry":{"type":"Polygon","coordinates":[[[121.0239236,14.5593338],[121.0240997,14.5593891],[121.0241943,14.5591071],[121.0241146,14.5590821],[121.0240182,14.5590518],[121.0239236,14.5593338]]]}},
{"type":"Feature","properties":{"@id":"way/35423176","highway":"footway","layer":"-1","start_date":"2005-12-07","tunnel":"yes"},"geometry":{"type":"LineString","coordinates":[[121.024413,14.5543776],[121.0241468,14.554549],[121.02373,14.5548354],[121.0239707,14.5551676]]}},
{"type":"Feature","properties":{"@id":"way/35608148","addr:city":"Makati","addr:housenumber":"8755","addr:postcode":"1226","addr:street":"Paseo de Roxas","building":"office","building:levels":"10","height":"37.4","name":"Philcom Building"},"geometry":{"type":"Polygon","coordinates":[[[121.0232348,14.557634],[121.0234399,14.5577002],[121.0233062,14.5580882],[121.0231011,14.558022],[121.0232348,14.557634]]]}},
{"type":"Feature","properties":{"@id":"way/35608149","landuse":"brownfield"},"geometry":{"type":"Polygon","coordinates":[[[121.0236723,14.5577296],[121.0235319,14.5581651],[121.0233123,14.5580987],[121.0234528,14.5576632],[121.0236723,14.5577296]]]}},
{"type":"Feature","properties":{"@id":"way/35608150","addr:city":"Makati","addr:housenumber":"8751","addr:street":"Paseo de Roxas","building":"office","building:colour":"dodgerblue","building:levels":"3","name":"BDO-Equitable Tower","postal_code":"1226"},"geometry":{"type":"Polygon","coordinates":[[[121.0236748,14.5577271],[121.0240922,14.5578581],[121.0239711,14.5582367],[121.0235537,14.5581057],[121.0236748,14.5577271]]]}},
{"type":"Feature","properties":{"@id":"way/35608151","addr:city":"Makati","addr:housenumber":"8747","addr:postcode":"1226","addr:street":"Paseo de Roxas","building":"office","building:levels":"20","height":"74.8","name":"B. A . Lepanto","wikidata":"Q28447786","wikimedia_commons":"Category:Lepanto Building","wikipedia":"en:Lepanto Building"},"geometry":{"type":"Polygon","coordinates":[[[121.0239903,14.5582094],[121.0240585,14.5579939],[121.0241661,14.5580258],[121.0241927,14.5579418],[121.024448,14.5580174],[121.0243963,14.5581811],[121.0244293,14.5581908],[121.024399,14.5582864],[121.024366,14.5582767],[121.0243318,14.5583848],[121.0240919,14.5583137],[121.0241133,14.5582458],[121.0239903,14.5582094]]]}},
{"type":"Feature","properties":{"@id":"way/35608152","addr:city":"Makati","addr:housenumber":"8745","addr:postcode":"1226","addr:street":"Paseo de Roxas","addr:street:corner":"Villar Street","alt_name":"CBC Building","building":"office","building:levels":"2","name":"China Bank Building"},"geometry":{"type":"Polygon","coordinates":[[[121.0244991,14.5584534],[121.0246436,14.5580271],[121.0249718,14.5581313],[121.0248273,14.5585576],[121.0244991,14.5584534]]]}},
{"type":"Feature","properties":{"@id":"way/35677014","addr:city":"Makati","addr:postcode":"1229","addr:street":"Paseo de Roxas","building":"office","building:levels":"10","height":"37.4","name":"Salustiana D. Ty Tower"},"geometry":{"type":"Polygon","coordinates":[[[121.0200837,14.5550226],[121.0204747,14.5549658],[121.0204699,14.5549349],[121.0205315,14.5549259],[121.0204947,14.5546888],[121.0204413,14.5546966],[121.0204381,14.554676],[121.0200389,14.5547341],[121.0200837,14.5550226]]]}},
{"type":"Feature","properties":{"@id":"way/35677015","addr:city":"Makati","addr:housenumber":"106","addr:postcode":"1228","addr:street":"Paseo de Roxas","addr:street:corner":"Perea","building":"yes","building:levels":"7","name":"Universal RE Building"},"geometry":{"type":"Polygon","coordinates":[[[121.0198724,14.5546357],[121.0201134,14.5545947],[121.0200619,14.5543109],[121.019734,14.5543667],[121.0197534,14.554473],[121.0197887,14.554467],[121.019803,14.5545458],[121.0198306,14.5545411],[121.019843,14.5546094],[121.0198669,14.5546054],[121.0198724,14.5546357]]]}},
{"type":"Feature","properties":{"@id":"way/35677016","addr:city":"Makati","addr:housenumber":"108","addr:postcode":"1229","addr:street":"Paseo de Roxas","addr:street:corner":"Legazpi","building":"retail","building:levels":"8","name":"Pioneer House"},"geometry":{"type":"Polygon","coordinates":[[[121.0196342,14.5541975],[121.0200427,14.5541259],[121.0200028,14.5539131],[121.0195944,14.5539847],[121.0196342,14.5541975]]]}},
{"type":"Feature","properties":{"@id":"way/35677017","addr:city":"Makati","addr:housenumber":"102","addr:street":"Paseo de Roxas","addr:street:corner":"Dela Rosa","amenity":"bank","building":"commercial","name":"BPI Family Bank Center"},"geometry":{"type":"Polygon","coordinates":[[[121.0204387,14.5555449],[121.0206072,14.5555395],[121.0206686,14.555397],[121.0205185,14.5551659],[121.0203479,14.5551515],[121.0202764,14.5553109],[121.0204387,14.5555449]]]}},
{"type":"Feature","properties":{"@id":"way/35677018","abandoned:amenity":"bank","addr:city":"Makati","addr:housenumber":"101","addr:postcode":"1229","addr:street":"Paseo de Roxas","addr:street:corner":"Dela Rosa","building":"yes","building:levels":"8","name":"Banco Filipino"},"geometry":{"type":"Polygon","coordinates":[[[121.0200585,14.5559093],[121.0202421,14.5557885],[121.0202727,14.5557004],[121.0201416,14.5555229],[121.0198992,14.5556735],[121.0200585,14.5559093]]]}},
{"type":"Feature","properties":{"@id":"way/35775471","addr:city":"Makati","addr:housenumber":"139","addr:street":"Valero Street","building":"commercial","building:levels":"30","height":"112","name":"139 Corporate Center"},"geometry":{"type":"Polygon","coordinates":[[[121.0218603,14.5581864],[121.0219923,14.5582235],[121.0221242,14.5582606],[121.0222638,14.557795],[121.022,14.5577209],[121.0218603,14.5581864]]]}},
{"type":"Feature","properties":{"@id":"way/35775473","addr:city":"Makati","addr:housenumber":"141","addr:street":"Sedeño Street","addr:street:corner":"Valero","building":"office","building:levels":"22","height":"82.3","name":"88 Corporate Center"},"geometry":{"type":"Polygon","coordinates":[[[121.0221343,14.5582619],[121.0222268,14.5579565],[121.0224375,14.5580163],[121.022345,14.5583217],[121.0221343,14.5582619]]]}},
{"type":"Feature","properties":{"@id":"way/35799386","handrail":"yes","highway":"steps","incline":"down"},"geometry":{"type":"LineString","coordinates":[[121.0204352,14.5559418],[121.0204818,14.5560049],[121.0205333,14.5560714]]}},
{"type":"Feature","properties":{"@id":"way/35799388","highway":"steps"},"geometry":{"type":"LineString","coordinates":[[121.0206311,14.5557898],[121.0206667,14.5558404],[121.0206874,14.5558251]]}},
{"type":"Feature","properties":{"@id":"way/35838209","highway":"footway"},"geometry":{"type":"LineString","coordinates":[[121.0217732,14.5525316],[121.0217625,14.5525576],[121.0217892,14.5526045],[121.0217948,14.5526496],[121.0217997,14.5526962],[121.0218189,14.5528768],[121.0218493,14.5531628],[121.0218901,14.5535472],[121.0218952,14.5535959]]}},
{"type":"Feature","properties":{"@id":"way/35892976","bridge":"yes","highway":"steps","layer":"1"},"geometry":{"type":"LineString","coordinates":[[121.0229526,14.5537604],[121.0229182,14.5537813],[121.0229307,14.5538021]]}},
{"type":"Feature","properties":{"@id":"way/35893548","addr:city":"Makati","addr:housenumber":"6789","addr:street":"Ayala Avenue","building":"office","building:colour":"royalblue","building:levels":"33","building:material":"glass","height":"169.7","name":"Tower 6789","wikidata":"Q17062993","wikipedia":"en:Tower 6789"},"geometry":{"type":"Polygon","coordinates":[[[121.0200229,14.5581925],[121.019822,14.5579215],[121.020119,14.5577152],[121.0203199,14.5579861],[121.0200229,14.5581925]]]}},
{"type":"Feature","properties":{"@id":"way/35893549","addr:city":"Makati","addr:housenumber":"6787","addr:postcode":"1226","addr:street":"Ayala Avenue","building":"office","building:levels":"12","height":"40","name":"The KPMG Center","website":"https://kpmg.com/ph/en/pages/default.aspx"},"geometry":{"type":"Polygon","coordinates":[[[121.020146,14.5577055],[121.0203466,14.557991],[121.0206426,14.5577963],[121.0204419,14.5575107],[121.020146,14.5577055]]]}},
{"type":"Feature","properties":{"@id":"way/35893550","addr:city":"Makati","addr:housenumber":"6783","addr:street":"Ayala Avenue","building":"office","building:levels":"10","height":"54.4","name":"Robinsons Summit Center","wikidata":"Q2238980","wikimedia_commons":"Category:Robinsons Summit Center","wikipedia":"en:Robinsons Summit Center"},"geometry":{"type":"Polygon","coordinates":[[[121.0204574,14.5575029],[121.0206936,14.5578499],[121.0209585,14.5576713],[121.020724,14.5573271],[121.0204574,14.5575029]]]}},
{"type":"Feature","properties":{"@id":"way/35893825","handrail":"yes","highway":"steps","incline":"up","layer":"-1","start_date":"2005-12-07","tunnel":"yes"},"geometry":{"type":"LineString","coordinates":[[121.02373,14.5548354],[121.0237181,14.5548224]]}},
{"type":"Feature","properties":{"@id":"way/35893826","handrail":"yes","highway":"steps","incline":"down","start_date":"2005-12-07"},"geometry":{"type":"LineString","coordinates":[[121.0241307,14.5550651],[121.0240349,14.555125]]}},
{"type":"Feature","properties":{"@id":"way/35893829","handrail":"yes","highway":"steps","incline":"down","ramp":"yes","ramp:bicycle":"yes","surface":"paving_stones"},"geometry":{"type":"LineString","coordinates":[[121.0263187,14.5535283],[121.0264042,14.5534585]]}},
{"type":"Feature","properties":{"@id":"way/35893855","leisure":"park","name":"Ninoy Aquino Monument","postal_code":"1226","tourism":"attraction","wheelchair":"no"},"geometry":{"type":"Polygon","coordinates":[[[121.021466,14.5567551],[121.0214624,14.5567726],[121.021471,14.5567891],[121.0216464,14.5568421],[121.0216031,14.5567792],[121.021598,14.5567206],[121.0216104,14.5566577],[121.021466,14.5567551]]]}},
{"type":"Feature","properties":{"@id":"way/35893912","highway":"secondary_link","lanes":"1","lit":"yes","motor_vehicle:conditional":"no @ (Su 06:00-10:00)","oneway":"yes","sidewalk:right":"separate","surface":"asphalt","turn:lanes":"right"},"geometry":{"type":"LineString","coordinates":[[121.0256685,14.558112],[121.0257219,14.5580986],[121.0257715,14.5580752],[121.0258152,14.5580426],[121.0258513,14.5580022],[121.0258901,14.5579242],[121.025901,14.5578123]]}},
{"type":"Feature","properties":{"@id":"way/35893913","name":"Sultan Kudarat Monument","postal_code":"1226","tourism":"attraction"},"geometry":{"type":"Polygon","coordinates":[[[121.0258173,14.558068],[121.0258559,14.5580304],[121.0258896,14.5579735],[121.0259041,14.5579239],[121.0260015,14.5581169],[121.0258173,14.558068]]]}},
{"type":"Feature","properties":{"@id":"way/35894009","highway":"footway","layer":"-1","start_date":"2005-12-07","tunnel":"yes"},"geometry":{"type":"LineString","coordinates":[[121.0240349,14.555125],[121.0239707,14.5551676],[121.0238816,14.5552265]]}},
{"type":"Feature","properties":{"@id":"way/35894010","handrail":"yes","highway":"steps","incline":"up","start_date":"2005-12-07"},"geometry":{"type":"LineString","coordinates":[[121.0238816,14.5552265],[121.023752,14.5553038]]}},
{"type":"Feature","properties":{"@id":"way/35894013","highway":"steps"},"geometry":{"type":"LineString","coordinates":[[121.0217088,14.556693],[121.0217152,14.5566601],[121.0217391,14.5566328],[121.0218094,14.5565809]]}},
{"type":"Feature","properties":{"@id":"way/35894014","highway":"footway","layer":"-1","tunnel":"yes"},"geometry":{"type":"LineString","coordinates":[[121.0212506,14.5569811],[121.0215012,14.5567543]]}},
{"type":"Feature","properties":{"@id":"way/35894015","highway":"steps"},"geometry":{"type":"LineString","coordinates":[[121.0211791,14.5566002],[121.0212306,14.5565669]]}},
{"type":"Feature","properties":{"@id":"way/35894016","highway":"footway","layer":"-1","tunnel":"yes"},"geometry":{"type":"LineString","coordinates":[[121.0209937,14.5567107],[121.0211229,14.5566302],[121.0211791,14.5566002]]}},
{"type":"Feature","properties":{"@id":"way/35895371","addr:city":"Makati","addr:housenumber":"6758","addr:street":"Ayala Avenue","building":"yes","building:levels":"14","height":"52.4","name":"SGV II"},"geometry":{"type":"Polygon","coordinates":[[[121.0226323,14.5555858],[121.0224504,14.5556985],[121.022302,14.5554739],[121.0224841,14.5553612],[121.0226323,14.5555858]]]}},
{"type":"Feature","properties":{"@id":"way/35905100","highway":"footway","layer":"-1","tunnel":"yes"},"geometry":{"type":"LineString","coordinates":[[121.0226392,14.5574228],[121.0228294,14.5574818],[121.0229184,14.5571771]]}},
{"type":"Feature","properties":{"@id":"way/35907739","addr:city":"Makati","addr:housenumber":"105","addr:postcode":"1226","addr:street":"Paseo de Roxas","alt_name":"Sycip, Salazar, Hernandez & Gatmaitan","building":"office","building:levels":"12","height":"44.9","name":"SSHG Law Center"},"geometry":{"type":"Polygon","coordinates":[[[121.0198808,14.555656],[121.020127,14.5555024],[121.0198652,14.5551092],[121.019619,14.5552628],[121.0198808,14.555656]]]}},
{"type":"Feature","properties":{"@id":"way/35909190","foot":"yes","highway":"steps"},"geometry":{"type":"LineString","coordinates":[[121.0228388,14.5574787],[121.0228597,14.5574717],[121.0229095,14.5574887]]}},
{"type":"Feature","properties":{"@id":"way/35909191","addr:city":"Makati","addr:housenumber":"124","addr:street":"Valero Street","building":"yes","building:levels":"6","name":"Valero Plaza"},"geometry":{"type":"Polygon","coordinates":[[[121.0210049,14.558811],[121.0208469,14.5585754],[121.0202792,14.5589322],[121.0204372,14.5591678],[121.0210049,14.558811]]]}},
{"type":"Feature","properties":{"@id":"way/35909193","addr:city":"Makati","addr:housenumber":"130","addr:street":"Valero Street","building":"yes","building:levels":"12","name":"Le Grand Condominium"},"geometry":{"type":"Polygon","coordinates":[[[121.0210841,14.5588168],[121.0212141,14.5587391],[121.0211684,14.5586674],[121.0211989,14.5586492],[121.0211574,14.5585841],[121.0211751,14.5585735],[121.0211042,14.5584623],[121.0210121,14.5585173],[121.0210003,14.5584988],[121.0209142,14.5585503],[121.0210841,14.5588168]]]}},
{"type":"Feature","properties":{"@id":"way/35909195","addr:city":"Makati","addr:housenumber":"120","addr:street":"Valero Street","building":"residential","building:levels":"22","height":"82.3","name":"Ponte Salcedo"},"geometry":{"type":"Polygon","coordinates":[[[121.0200396,14.5594371],[121.0202473,14.5593025],[121.0200732,14.5590508],[121.0198655,14.5591854],[121.0200396,14.5594371]]]}},
{"type":"Feature","properties":{"@id":"way/35909198","addr:city":"Makati","addr:housenumber":"122","addr:street":"Valero Street","building":"office","building:levels":"14","height":"52.4","name":"The Valero Tower"},"geometry":{"type":"Polygon","coordinates":[[[121.020248,14.5592968],[121.0204348,14.5591775],[121.0202748,14.5589429],[121.020088,14.5590622],[121.020248,14.5592968]]]}},
{"type":"Feature","properties":{"@id":"way/35915680","addr:city":"Makati","addr:housenumber":"122","addr:postcode":"1227","addr:street":"L. P. Leviste Street","building":"residential","building:levels":"12","height":"44.9","name":"LPL Mansion"},"geometry":{"type":"Polygon","coordinates":[[[121.0208345,14.5593884],[121.0207058,14.5591807],[121.0209032,14.5590644],[121.0210233,14.5592887],[121.0208345,14.5593884]]]}},
{"type":"Feature","properties":{"@id":"way/35915681","addr:city":"Makati","addr:housenumber":"124","addr:postcode":"1227","addr:street":"L. P. Leviste Street","building":"residential","building:levels":"15","height":"56.1","name":"LPL Plaza"},"geometry":{"type":"Polygon","coordinates":[[[121.0210294,14.5592862],[121.0209471,14.5590762],[121.0211264,14.5590103],[121.0211841,14.5591575],[121.0211587,14.5591668],[121.0211833,14.5592296],[121.0210294,14.5592862]]]}},
{"type":"Feature","properties":{"@id":"way/35915682","addr:city":"Makati","addr:housenumber":"126","addr:postcode":"1227","addr:street":"L. P. Leviste Street","building":"office","building:levels":"11","height":"41.1","name":"Philam Life","start_date":"1983"},"geometry":{"type":"Polygon","coordinates":[[[121.0212097,14.5592357],[121.0211629,14.5589828],[121.0212253,14.558972],[121.0212339,14.5590185],[121.0213862,14.5589921],[121.0214244,14.5591984],[121.0212097,14.5592357]]]}},
{"type":"Feature","properties":{"@id":"way/35915684","addr:city":"Makati","addr:housenumber":"128","addr:postcode":"1227","addr:street":"L. P. Leviste Street","building":"office","building:levels":"12","height":"44.9","name":"Vernida 4"},"geometry":{"type":"Polygon","coordinates":[[[121.021414,14.5591205],[121.0216297,14.559121],[121.0216302,14.5588982],[121.0214481,14.5588978],[121.0214478,14.5590376],[121.0214425,14.5590376],[121.0214424,14.5590788],[121.0214141,14.5590788],[121.021414,14.5591205]]]}},
{"type":"Feature","properties":{"@id":"way/35927605","addr:city":"Makati","addr:street":"Ayala Avenue","building":"yes","building:levels":"7","name":"Makati Stock Exchange Building","wikidata":"Q1526647"},"geometry":{"type":"Polygon","coordinates":[[[121.0232199,14.5560669],[121.023152,14.5559691],[121.0232062,14.5559337],[121.023157,14.5558628],[121.0236366,14.5555507],[121.0236842,14.5556192],[121.0238581,14.5555059],[121.0239276,14.5556059],[121.0238683,14.5556444],[121.0239179,14.5557158],[121.0234441,14.5560242],[121.0233947,14.5559531],[121.0232199,14.5560669]]]}},
{"type":"Feature","properties":{"@id":"way/35927606","addr:city":"Makati","building":"yes"},"geometry":{"type":"Polygon","coordinates":[[[121.0235483,14.5563373],[121.0235906,14.5563103],[121.0236737,14.5564321],[121.0238259,14.5563347],[121.0237712,14.5562547],[121.0237645,14.5562448],[121.0237896,14.5562288],[121.0237646,14.5561923],[121.0237826,14.5561808],[121.0236112,14.5559259],[121.0233711,14.5560778],[121.0235483,14.5563373]]]}},
{"type":"Feature","properties":{"@id":"way/35963018","addr:city":"Makati","addr:housename":"Asian Mansion II","addr:housenumber":"107","addr:postcode":"1229","addr:street":"Dela Rosa Street","building":"yes","building:levels":"16","name":"Asian Mansion I"},"geometry":{"type":"Polygon","coordinates":[[[121.020787,14.5554316],[121.0205638,14.5550827],[121.0205748,14.5550817],[121.0208385,14.5550578],[121.0209844,14.555307],[121.020787,14.5554316]]]}},
{"type":"Feature","properties":{"@id":"way/35963019","addr:city":"Makati","addr:housename":"Asian Mansion II","addr:housenumber":"107","addr:postcode":"1229","addr:street":"Dela Rosa Street","addr:street:corner":"Nieva","building":"yes","building:levels":"5","height":"17.5","name":"Asian Mansion II"},"geometry":{"type":"Polygon","coordinates":[[[121.0210209,14.5552847],[121.0208835,14.5550521],[121.0212843,14.5549723],[121.0213453,14.5549977],[121.021391,14.5550419],[121.0210209,14.5552847]]]}},
{"type":"Feature","properties":{"@id":"way/35972570","addr:city":"Makati","building":"yes","name":"PLDT MGO Building"},"geometry":{"type":"Polygon","coordinates":[[[121.0233371,14.5545324],[121.0230808,14.5543164],[121.0230392,14.554284],[121.0230193,14.5542705],[121.0229959,14.5542616],[121.022971,14.5542593],[121.0229522,14.5542611],[121.0229332,14.554267],[121.0225359,14.5545183],[121.0225204,14.5545329],[121.0225121,14.5545483],[121.0225086,14.5545727],[121.0225113,14.5545902],[121.0226106,14.5547196],[121.0229568,14.5544958],[121.0230536,14.5545891],[121.0231358,14.5545066],[121.023241,14.5545939],[121.0233371,14.5545324]]]}},
{"type":"Feature","properties":{"@id":"way/35982635","addr:city":"Makati","addr:housenumber":"106","addr:postcode":"1229","addr:street":"Perea Street","building":"yes","name":"Greenbelt Mansion"},"geometry":{"type":"Polygon","coordinates":[[[121.020529,14.554891],[121.0207704,14.5548559],[121.02078,14.5549177],[121.0209944,14.5548864],[121.0209621,14.5546785],[121.0207458,14.55471],[121.0207368,14.5546521],[121.0204973,14.5546869],[121.020529,14.554891]]]}},
{"type":"Feature","properties":{"@id":"way/35982644","addr2:street":"Perea Street","addr:city":"Makati","addr:postcode":"1229","addr:street":"Dela Rosa Street","building":"residential","building:levels":"46","height":"180","name":"The Shang Grand Tower","wikidata":"Q2436539","wikimedia_commons":"Category:The Shang Grand Tower","wikipedia":"en:The Shang Grand Tower"},"geometry":{"type":"Polygon","coordinates":[[[121.0211934,14.5546841],[121.0213224,14.5547157],[121.0213691,14.5545371],[121.0217172,14.5546225],[121.0216648,14.5548222],[121.0215372,14.5547909],[121.0214968,14.5549452],[121.0211474,14.5548595],[121.0211934,14.5546841]]]}},
{"type":"Feature","properties":{"@id":"way/35982654","addr:city":"Makati","addr:housenumber":"116","addr:postcode":"1229","addr:street":"Perea Street","building":"yes","building:levels":"8","name":"Mayfair Mansion"},"geometry":{"type":"Polygon","coordinates":[[[121.0202097,14.5545666],[121.0201646,14.554342],[121.0203688,14.5543036],[121.0204139,14.5545282],[121.0202097,14.5545666]]]}},
{"type":"Feature","properties":{"@id":"way/35982659","addr:city":"Makati","addr:housename":"118","addr:postcode":"1229","addr:street":"Perea Street","building":"yes","building:levels":"8","name":"L.T.A. Building"},"geometry":{"type":"Polygon","coordinates":[[[121.0204286,14.5545423],[121.0203949,14.5543341],[121.0206163,14.5543006],[121.02065,14.5545088],[121.0204286,14.5545423]]]}},
{"type":"Feature","properties":{"@id":"way/35982664","addr:city":"Makati","addr:housenumber":"120","addr:postcode":"1229","addr:street":"Perea Street","building":"yes","building:levels":"8","name":"Century Plaza"},"geometry":{"type":"Polygon","coordinates":[[[121.0206684,14.5545062],[121.0206334,14.5542779],[121.0210347,14.5542203],[121.0210697,14.5544486],[121.0206684,14.5545062]]]}},
{"type":"Feature","properties":{"@id":"way/35982665","addr:city":"Makati","addr:housenumber":"109","addr:postcode":"1229","addr:street":"Perea Street","building":"yes","name":"Maripola Building"},"geometry":{"type":"Polygon","coordinates":[[[121.0210758,14.5544586],[121.0210699,14.5542846],[121.0212957,14.5542774],[121.0213017,14.5544514],[121.0210758,14.5544586]]]}},
{"type":"Feature","properties":{"@id":"way/35982666","addr:city":"Makati","addr:housenumber":"107","addr:postcode":"1229","addr:street":"Perea Street","building":"yes","building:levels":"34","name":"The Palisades"},"geometry":{"type":"Polygon","coordinates":[[[121.021304,14.5544518],[121.0213407,14.554179],[121.0215264,14.5542023],[121.0214897,14.5544752],[121.021304,14.5544518]]]}},
{"type":"Feature","properties":{"@id":"way/35982667","addr:city":"Makati","addr:housenumber":"100","addr:postcode":"1229","addr:street":"Perea Street","building":"yes","name":"Sunrise Terrace Apartments"},"geometry":{"type":"Polygon","coordinates":[[[121.0217123,14.5545075],[121.0217066,14.5545341],[121.021488,14.554484],[121.0215473,14.5542417],[121.0217668,14.5542933],[121.0217123,14.5545075]]]}},
{"type":"Feature","properties":{"@id":"way/35982674","addr:city":"Makati","addr:postcode":"1229","addr:street":"Legazpi Street","building":"residential","building:levels":"39","height":"145.9","name":"The Eton Residences"},"geometry":{"type":"Polygon","coordinates":[[[121.0201232,14.5541383],[121.0205375,14.5540642],[121.0204896,14.5538131],[121.0200753,14.5538873],[121.0201232,14.5541383]]]}},
{"type":"Feature","properties":{"@id":"way/35982679","addr:city":"Makati","addr:postcode":"1229","addr:street":"Legazpi Street","building":"apartments","building:levels":"28","height":"106.8","name":"Makati Diamond Residences","tourism":"hotel","wikidata":"Q111403815"},"geometry":{"type":"Polygon","coordinates":[[[121.0205625,14.5540562],[121.0212363,14.5539742],[121.0212048,14.5537321],[121.020531,14.5538141],[121.0205625,14.5540562]]]}},
{"type":"Feature","properties":{"@id":"way/35982692","addr:city":"Makati","addr:housenumber":"114","addr:postcode":"1229","addr:street":"Legazpi Street","building":"yes","building:levels":"8","name":"The Charter House","wikidata":"Q111864180"},"geometry":{"type":"Polygon","coordinates":[[[121.0212421,14.5539935],[121.0214691,14.5539911],[121.021466,14.5537137],[121.021239,14.5537161],[121.0212421,14.5539935]]]}},
{"type":"Feature","properties":{"@id":"way/35982701","addr:city":"Makati","addr:housenumber":"112","addr:postcode":"1229","addr:street":"Legazpi Street","building":"yes","name":"LPL Suites"},"geometry":{"type":"Polygon","coordinates":[[[121.0214787,14.5539997],[121.0216657,14.5540184],[121.0216938,14.5537442],[121.0215069,14.5537255],[121.0214787,14.5539997]]]}},
{"type":"Feature","properties":{"@id":"way/35982706","addr:city":"Makati","addr:housenumber":"110","addr:postcode":"1229","addr:street":"Legazpi Street","alt_name":"Aboitiz Building","building":"yes","name":"Twin Cities Condominium"},"geometry":{"type":"Polygon","coordinates":[[[121.0216786,14.5540357],[121.0218845,14.5540752],[121.0219395,14.5537902],[121.0217277,14.5537537],[121.0216786,14.5540357]]]}},
{"type":"Feature","properties":{"@id":"way/35982715","addr:city":"Makati","addr:housenumber":"108","addr:postcode":"1229","addr:street":"Legazpi Street","building":"office","building:levels":"6","height":"22.5","name":"BSA Tower","start_date":"1998","wikidata":"Q4836567"},"geometry":{"type":"Polygon","coordinates":[[[121.0219043,14.5541183],[121.0219982,14.5538192],[121.022208,14.5538809],[121.0222008,14.5539037],[121.022114,14.55418],[121.0219043,14.5541183]]]}},
{"type":"Feature","properties":{"@id":"way/35982721","addr:city":"Makati","addr:housenumber":"106","addr:postcode":"1229","addr:street":"Legazpi Street","building":"office","building:levels":"12","height":"44.9","name":"Prince Plaza I"},"geometry":{"type":"Polygon","coordinates":[[[121.0221381,14.5541591],[121.022225,14.5538829],[121.0222322,14.5538601],[121.0224732,14.5539509],[121.022428,14.5540341],[121.0223545,14.5541692],[121.0223158,14.5542406],[121.0221381,14.5541591]]]}},
{"type":"Feature","properties":{"@id":"way/35982725","addr2:street":"Legazpi Street","addr:city":"Makati","addr:housenumber":"101","addr:postcode":"1229","addr:street":"Dela Rosa Street","building":"hotel","building:levels":"24","height":"89.8","name":"Prince Plaza II","wikidata":"Q111403814"},"geometry":{"type":"Polygon","coordinates":[[[121.0223158,14.5542406],[121.0223545,14.5541692],[121.0223696,14.5541769],[121.0224431,14.5540418],[121.022428,14.5540341],[121.0224732,14.5539509],[121.0226862,14.5540594],[121.0226983,14.5540699],[121.022706,14.5540825],[121.0227085,14.5540987],[121.0227046,14.554116],[121.0226552,14.5542068],[121.0224699,14.5541124],[121.0224444,14.5541591],[121.022515,14.5542634],[121.0225194,14.5542742],[121.0225202,14.5542863],[121.022515,14.5543],[121.0225059,14.5543093],[121.0224645,14.5543355],[121.0224487,14.5543122],[121.0224021,14.5543418],[121.0223384,14.5542477],[121.0223259,14.5542556],[121.0223158,14.5542406]]]}},
{"type":"Feature","properties":{"@id":"way/36099365","highway":"secondary_link","lane_markings":"yes","lanes":"2","lit":"yes","oneway":"yes","sidewalk":"right","surface":"asphalt","turn:lanes":"right|right"},"geometry":{"type":"LineString","coordinates":[[121.0267761,14.5585329],[121.0267309,14.5585488],[121.026689,14.5585719],[121.0266517,14.5586014],[121.0266201,14.5586365],[121.0265889,14.5586887],[121.0265702,14.5587461],[121.0265646,14.558806]]}},
{"type":"Feature","properties":{"@id":"way/38062536","access":"destination","highway":"service","name":"Drop Off","oneway":"yes","postal_code":"1228","service":"driveway"},"geometry":{"type":"LineString","coordinates":[[121.02172,14.553653],[121.0217723,14.5536156],[121.0218952,14.5535959],[121.0219985,14.5535985],[121.0222538,14.5536727],[121.0223248,14.5537224],[121.0223644,14.5538125]]}},
{"type":"Feature","properties":{"@id":"way/38343250","highway":"unclassified","lanes":"2","name":"Greenbelt Drive","oneway":"yes","surface":"asphalt"},"geometry":{"type":"LineString","coordinates":[[121.0214643,14.5532165],[121.0214958,14.5535305],[121.0215017,14.5535862],[121.0215071,14.5536367]]}},
{"type":"Feature","properties":{"@id":"way/39077073","highway":"tertiary","lane_markings":"yes","lanes":"4","lit":"yes","name":"Legazpi Street","name:es":"Calle Legazpi","name:fil":"Kalye Legazpi","name:tl":"Kalye Legazpi","oneway":"yes","ownership":"private","postal_code":"1229","sidewalk":"both","surface":"asphalt","turn:lanes":"through|through|through;right|right"},"geometry":{"type":"LineString","coordinates":[[121.0214372,14.5536371],[121.0215071,14.5536367],[121.0215566,14.5536405],[121.02172,14.553653],[121.021849,14.5536704],[121.0219856,14.5536889],[121.0221792,14.5537499],[121.0223644,14.5538125]]}},
{"type":"Feature","properties":{"@id":"way/40260059","footway":"sidewalk","highway":"footway"},"geometry":{"type":"LineString","coordinates":[[121.0237612,14.5553174],[121.0241441,14.5550807],[121.0242091,14.5550444],[121.0242574,14.5550396],[121.0243177,14.5550474],[121.024366,14.5550668],[121.0244068,14.5550947],[121.0245891,14.5554394],[121.0246119,14.5554852],[121.0247346,14.5557212],[121.0248038,14.5558533],[121.0249102,14.5560566],[121.025097,14.5564136],[121.0251143,14.5564461],[121.0258071,14.5578155],[121.0258413,14.5578972],[121.0258332,14.5579395],[121.0258186,14.5579745],[121.0257849,14.558014],[121.0257326,14.5580341],[121.0256501,14.5580284],[121.0255442,14.5579924],[121.0254757,14.557942],[121.0252999,14.5578884],[121.0252301,14.5578672],[121.0240799,14.5575187],[121.0235555,14.5573651],[121.0230495,14.5572021],[121.0224475,14.557009],[121.0217831,14.5567959]]}},
{"type":"Feature","properties":{"@id":"way/40260129","footway":"sidewalk","highway":"footway"},"geometry":{"type":"LineString","coordinates":[[121.0217831,14.5567959],[121.0217527,14.5567311],[121.0217544,14.5566811],[121.0217686,14.5566298]]}},
{"type":"Feature","properties":{"@id":"way/40260139","footway":"sidewalk","highway":"footway","tactile_paving":"no","wheelchair":"yes"},"geometry":{"type":"LineString","coordinates":[[121.0210754,14.5570231],[121.0206642,14.5572802],[121.0201661,14.5576111],[121.019782,14.5578662]]}},
{"type":"Feature","properties":{"@id":"way/40260140","foot":"no","highway":"secondary","lanes":"2","lit":"yes","motor_vehicle:conditional":"no @ (Su 06:00-10:00)","name":"Paseo de Roxas","oneway":"yes","ownership":"private","postal_code":"1226","surface":"asphalt"},"geometry":{"type":"LineString","coordinates":[[121.0211634,14.5568774],[121.0210734,14.5567444]]}},
{"type":"Feature","properties":{"@id":"way/40260171","foot":"no","highway":"secondary","lanes":"3","lit":"yes","motor_vehicle:conditional":"no @ (Su 06:00-10:00)","name":"Paseo de Roxas","oneway":"yes","ownership":"private","postal_code":"1226","surface":"asphalt"},"geometry":{"type":"LineString","coordinates":[[121.0211467,14.5566963],[121.0212084,14.5567589],[121.0212886,14.556799]]}},
{"type":"Feature","properties":{"@id":"way/40260187","footway":"sidewalk","highway":"footway","surface":"paving_stones","tactile_paving":"no","wheelchair":"yes"},"geometry":{"type":"LineString","coordinates":[[121.0208989,14.5567668],[121.020464,14.5570635]]}},
{"type":"Feature","properties":{"@id":"way/40260188","foot":"no","highway":"residential","lanes":"3","name":"Sedeño Street","name:es":"Calle Sedeño","name:fil":"Kalye Sedeño","name:tl":"Kalye Sedeño","oneway":"yes","ownership":"private","postal_code":"1226","surface":"asphalt"},"geometry":{"type":"LineString","coordinates":[[121.0227395,14.5573553],[121.0227765,14.5572353]]}},
{"type":"Feature","properties":{"@id":"way/40260192","highway":"footway"},"geometry":{"type":"LineString","coordinates":[[121.0229095,14.5574887],[121.0229399,14.5574858]]}},
{"type":"Feature","properties":{"@id":"way/40260195","foot":"yes","highway":"path"},"geometry":{"type":"LineString","coordinates":[[121.0206874,14.5558251],[121.0205854,14.5556741]]}},
{"type":"Feature","properties":{"@id":"way/45319426","highway":"footway"},"geometry":{"type":"LineString","coordinates":[[121.0205333,14.5560714],[121.0205752,14.5560451]]}},
{"type":"Feature","properties":{"@id":"way/48345250","footway":"sidewalk","highway":"footway","tactile_paving":"no","wheelchair":"yes"},"geometry":{"type":"LineString","coordinates":[[121.0260065,14.5533855],[121.0256066,14.5536824],[121.0244666,14.5543789]]}},
{"type":"Feature","properties":{"@id":"way/48345255","footway":"sidewalk","highway":"footway","surface":"paving_stones","tactile_paving":"no","wheelchair":"yes"},"geometry":{"type":"LineString","coordinates":[[121.0258424,14.5539425],[121.0259382,14.5538439],[121.0263187,14.5535283]]}},
{"type":"Feature","properties":{"@id":"way/48839099","highway":"footway"},"geometry":{"type":"LineString","coordinates":[[121.0219081,14.5526866],[121.0219287,14.5528663],[121.0219615,14.5531532],[121.0220053,14.5535355],[121.0219985,14.5535985]]}},
{"type":"Feature","properties":{"@id":"way/48839105","highway":"footway"},"geometry":{"type":"LineString","coordinates":[[121.0218189,14.5528768],[121.0219287,14.5528663],[121.0219801,14.552862],[121.0219932,14.5528709],[121.0221375,14.5529887],[121.0228283,14.553541],[121.0228616,14.5535677],[121.0230311,14.5538665],[121.022986,14.5538939]]}},
{"type":"Feature","properties":{"@id":"way/48839164","handrail":"yes","highway":"steps","incline":"up"},"geometry":{"type":"LineString","coordinates":[[121.0221947,14.5547046],[121.0223048,14.55463]]}},
{"type":"Feature","properties":{"@id":"way/48839189","foot":"yes","highway":"path"},"geometry":{"type":"LineString","coordinates":[[121.0221947,14.5547046],[121.0221637,14.5546639]]}},
{"type":"Feature","properties":{"@id":"way/53571819","highway":"footway"},"geometry":{"type":"LineString","coordinates":[[121.0230545,14.5533883],[121.0229905,14.5534251],[121.0229232,14.5533063],[121.0227993,14.5533723],[121.0228666,14.553485],[121.0228616,14.5535677]]}},
{"type":"Feature","properties":{"@id":"way/53571821","foot":"no","highway":"service","lanes":"1","name":"Greenbelt 5 Parking","oneway":"yes","ramp":"down","surface":"paving_stones"},"geometry":{"type":"LineString","coordinates":[[121.022907,14.5538941],[121.0229235,14.5539304],[121.0229252,14.5539594],[121.0229029,14.5539892],[121.0228585,14.5540016],[121.0227836,14.5540147]]}},
{"type":"Feature","properties":{"@id":"way/53571830","foot":"no","highway":"service","lanes":"1","name":"Greenbelt 5 Parking","oneway":"yes","ramp":"down","surface":"paving_stones"},"geometry":{"type":"LineString","coordinates":[[121.0230481,14.5539868],[121.0230155,14.5539625],[121.0229711,14.5539313],[121.022907,14.5538941]]}},
{"type":"Feature","properties":{"@id":"way/54030371","access:lanes":"|no","bicycle:lanes":"no|designated","bus:lanes":"designated|no","change:lanes":"no|no","cycleway:right":"lane","highway":"secondary","lanes":"2","lanes:bus":"1","lit":"yes","motor_vehicle:conditional":"no @ (Su 06:00-10:00)","name":"Ayala Avenue","name:es":"Avenida Ayala","name:fil":"Abenida Ayala","name:tl":"Abenida Ayala","oneway":"yes","ownership":"private","postal_code":"1226","surface":"asphalt","turn:lanes":"through|"},"geometry":{"type":"LineString","coordinates":[[121.0214869,14.5564729],[121.0215988,14.5563615],[121.0227402,14.5556245],[121.0228698,14.5555408],[121.0230766,14.5554503]]}},
{"type":"Feature","properties":{"@id":"way/73850882","addr:city":"Makati","addr:postcode":"1226","addr:street":"Makati Avenue","addr:street:corner":"Paseo de Roxas","construction":"residential","landuse":"construction","name":"Park Central Towers","note":"will have 69 floors","operator":"Ayala Land;Makati Development Corporation"},"geometry":{"type":"Polygon","coordinates":[[[121.0275227,14.5604566],[121.0273342,14.5600943],[121.0267031,14.5588225],[121.0266842,14.5587805],[121.0266842,14.55874],[121.0266931,14.5587121],[121.0267142,14.5586789],[121.026745,14.5586573],[121.0267859,14.5586444],[121.026827,14.5586532],[121.0276629,14.5588604],[121.0283354,14.559067],[121.028018,14.5594679],[121.0278839,14.5596912],[121.0276278,14.5603767],[121.0276056,14.5604125],[121.0275744,14.5604399],[121.0275227,14.5604566]]]}},
{"type":"Feature","properties":{"@id":"way/80173950","landuse":"commercial"},"geometry":{"type":"Polygon","coordinates":[[[121.0193297,14.5540232],[121.0193954,14.5543672],[121.0194508,14.5545255],[121.0195001,14.5545969],[121.0196708,14.5548825],[121.0203056,14.555749],[121.0181445,14.5571639],[121.0173503,14.5560547],[121.0170606,14.5557484],[121.0168943,14.5556393],[121.0167334,14.5555614],[121.0165725,14.5555147],[121.0167098,14.5548182],[121.0167665,14.5546942],[121.0168826,14.5545986],[121.0171739,14.554486],[121.0178946,14.5543295],[121.0193297,14.5540232]]]}},
{"type":"Feature","properties":{"@id":"way/80173952","landuse":"commercial"},"geometry":{"type":"Polygon","coordinates":[[[121.019587,14.5539711],[121.0196261,14.5542989],[121.0197282,14.5545108],[121.0198331,14.554728],[121.0204777,14.5556367],[121.0226633,14.5542498],[121.0226996,14.5542255],[121.0227254,14.5541902],[121.0227396,14.5541653],[121.0227458,14.5541326],[121.0227449,14.5540965],[121.0227281,14.5540517],[121.0226881,14.5540113],[121.0225549,14.5539414],[121.0224126,14.5538823],[121.0222408,14.5538306],[121.0219776,14.5537532],[121.0217303,14.5537401],[121.0214981,14.5537159],[121.0211912,14.553724],[121.021073,14.5537272],[121.020345,14.5538202],[121.019587,14.5539711]]]}},
{"type":"Feature","properties":{"@id":"way/80173953","highway":"footway"},"geometry":{"type":"LineString","coordinates":[[121.0213468,14.5532364],[121.0213592,14.5533691],[121.0213861,14.5533682],[121.0213663,14.5536354]]}},
{"type":"Feature","properties":{"@id":"way/87892908","highway":"service","service":"driveway","surface":"paving_stones"},"geometry":{"type":"LineString","coordinates":[[121.0234716,14.5533727],[121.0235446,14.5535066],[121.0235882,14.553589]]}},
{"type":"Feature","properties":{"@id":"way/92000392","highway":"footway"},"geometry":{"type":"LineString","coordinates":[[121.0233695,14.5567983],[121.0235287,14.5568423],[121.0237228,14.5568959],[121.0240733,14.5569927],[121.0242059,14.5570119]]}},
{"type":"Feature","properties":{"@id":"way/92000393","highway":"footway"},"geometry":{"type":"LineString","coordinates":[[121.0244794,14.5562561],[121.0247459,14.5566435]]}},
{"type":"Feature","properties":{"@id":"way/92000394","highway":"footway"},"geometry":{"type":"LineString","coordinates":[[121.0230403,14.5572129],[121.0230495,14.5572021],[121.0231616,14.557042],[121.0231985,14.5570051],[121.0233695,14.5567983],[121.0233959,14.5567347]]}},
{"type":"Feature","properties":{"@id":"way/92000395","highway":"footway","lit":"yes","surface":"paved"},"geometry":{"type":"LineString","coordinates":[[121.0235555,14.5573651],[121.0241959,14.5570558],[121.0242059,14.5570119],[121.0244039,14.5568671],[121.0247459,14.5566435],[121.025097,14.5564136]]}},
{"type":"Feature","properties":{"@id":"way/92000396","highway":"footway","lit":"yes","surface":"paved"},"geometry":{"type":"LineString","coordinates":[[121.0244039,14.5568671],[121.024118,14.5568327],[121.0237388,14.5567825],[121.0235442,14.5567567],[121.0233959,14.5567347],[121.023969,14.5564815],[121.0244794,14.5562561],[121.0249102,14.5560566]]}},
{"type":"Feature","properties":{"@id":"way/92001682","foot":"yes","highway":"steps"},"geometry":{"type":"LineString","coordinates":[[121.0229184,14.5571771],[121.0230403,14.5572129]]}},
{"type":"Feature","properties":{"@id":"way/92356738","highway":"footway"},"geometry":{"type":"LineString","coordinates":[[121.0231985,14.5570051],[121.0229293,14.5566174],[121.0228021,14.5564324],[121.0227585,14.5563691],[121.0225737,14.5561004],[121.0225585,14.5560782]]}},
{"type":"Feature","properties":{"@id":"way/92356739","highway":"footway"},"geometry":{"type":"LineString","coordinates":[[121.0228409,14.5559012],[121.0228559,14.5559231],[121.0232093,14.5564392],[121.0233959,14.5567347]]}},
{"type":"Feature","properties":{"@id":"way/92356740","highway":"footway"},"geometry":{"type":"LineString","coordinates":[[121.0229293,14.5566174],[121.022875,14.5566591],[121.0227983,14.5567126],[121.0228496,14.5567141],[121.0228551,14.5567489],[121.0228724,14.556791],[121.0228786,14.5568249],[121.0228965,14.5568612],[121.022919,14.5569132],[121.0229377,14.5569506],[121.0229736,14.5569711],[121.0230351,14.5569772],[121.0231026,14.5569942],[121.0231616,14.557042]]}},
{"type":"Feature","properties":{"@id":"way/92356741","highway":"footway"},"geometry":{"type":"LineString","coordinates":[[121.0229293,14.5566174],[121.0232093,14.5564392]]}},
{"type":"Feature","properties":{"@id":"way/92356998","foot":"no","highway":"secondary","lanes":"3","lit":"yes","motor_vehicle:conditional":"no @ (Su 06:00-10:00)","name":"Paseo de Roxas","oneway":"yes","ownership":"private","postal_code":"1226","surface":"asphalt"},"geometry":{"type":"LineString","coordinates":[[121.0227395,14.5573553],[121.0225452,14.5573005]]}},
{"type":"Feature","properties":{"@id":"way/92356999","highway":"secondary","lanes":"3","lit":"yes","motor_vehicle:conditional":"no @ (Su 06:00-10:00)","name":"Paseo de Roxas","oneway":"yes","ownership":"private","postal_code":"1226","surface":"asphalt"},"geometry":{"type":"LineString","coordinates":[[121.0227765,14.5572353],[121.0230451,14.557316]]}},
{"type":"Feature","properties":{"@id":"way/92357001","foot":"yes","highway":"secondary","lanes":"3","lit":"yes","motor_vehicle:conditional":"no @ (Su 06:00-10:00)","name":"Paseo de Roxas","oneway":"yes","ownership":"private","postal_code":"1226","surface":"asphalt"},"geometry":{"type":"LineString","coordinates":[[121.0212886,14.556799],[121.021808,14.5569494]]}},
{"type":"Feature","properties":{"@id":"way/92357002","highway":"secondary","lanes":"4","lit":"yes","motor_vehicle:conditional":"no @ (Su 06:00-10:00)","name":"Paseo de Roxas","oneway":"yes","ownership":"private","postal_code":"1226","surface":"asphalt","turn:lanes":"left|through|through|right"},"geometry":{"type":"LineString","coordinates":[[121.0223562,14.5572437],[121.0212794,14.556926],[121.0212151,14.5569016],[121.0211634,14.5568774]]}},
{"type":"Feature","properties":{"@id":"way/92357005","highway":"secondary","lane_markings":"yes","lanes":"3","lit":"yes","motor_vehicle:conditional":"no @ (Su 06:00-10:00)","name":"Paseo de Roxas","oneway":"yes","ownership":"private","postal_code":"1226","sidewalk:right":"separate","surface":"asphalt"},"geometry":{"type":"LineString","coordinates":[[121.0251573,14.557958],[121.0254855,14.5580599]]}},
{"type":"Feature","properties":{"@id":"way/92357007","highway":"secondary","lanes":"3","lit":"yes","motor_vehicle:conditional":"no @ (Su 06:00-10:00)","name":"Paseo de Roxas","oneway":"yes","ownership":"private","postal_code":"1226","surface":"asphalt"},"geometry":{"type":"LineString","coordinates":[[121.0230086,14.5574371],[121.0227395,14.5573553]]}},
{"type":"Feature","properties":{"@id":"way/92357275","bicycle:lanes":"|||designated","bus:lanes":"||designated|no","cycleway:right":"lane","foot":"yes","highway":"secondary","lanes":"4","lit":"yes","motor_vehicle:conditional":"no @ (Su 06:00-10:00)","name":"Ayala Avenue","name:es":"Avenida Ayala","name:fil":"Abenida Ayala","name:tl":"Abenida Ayala","oneway":"yes","ownership":"private","postal_code":"1226","surface":"asphalt","turn:lanes":"through|through|through|right"},"geometry":{"type":"LineString","coordinates":[[121.0209392,14.5568325],[121.0210734,14.5567444]]}},
{"type":"Feature","properties":{"@id":"way/107394191","building":"yes"},"geometry":{"type":"Polygon","coordinates":[[[121.0268525,14.5567056],[121.0267173,14.5565514],[121.026636,14.5566183],[121.0266168,14.5565964],[121.0265524,14.5566494],[121.0266432,14.5567529],[121.0266186,14.5567731],[121.0266718,14.5568336],[121.0267116,14.5568009],[121.026722,14.5568128],[121.0268525,14.5567056]]]}},
{"type":"Feature","properties":{"@id":"way/107394197","building":"yes"},"geometry":{"type":"Polygon","coordinates":[[[121.0270408,14.5549322],[121.0269171,14.5547756],[121.0267962,14.5548651],[121.0269199,14.5550217],[121.0270408,14.5549322]]]}},
{"type":"Feature","properties":{"@id":"way/107394205","building":"yes"},"geometry":{"type":"Polygon","coordinates":[[[121.027255,14.5553402],[121.0272159,14.5552906],[121.0271405,14.5553464],[121.0270608,14.5552455],[121.027129,14.5551951],[121.0271062,14.5551662],[121.0271758,14.5551147],[121.0273174,14.555294],[121.027255,14.5553402]]]}},
{"type":"Feature","properties":{"@id":"way/107394208","building":"yes"},"geometry":{"type":"Polygon","coordinates":[[[121.02706,14.5548784],[121.0270817,14.5548618],[121.0271304,14.5549212],[121.0271691,14.5548914],[121.0271848,14.5549105],[121.0272481,14.554862],[121.0272319,14.5548423],[121.0272099,14.5548154],[121.0272621,14.5547753],[121.0271897,14.5546871],[121.0271139,14.5547454],[121.0270298,14.5546428],[121.0269298,14.5547197],[121.02706,14.5548784]]]}},
{"type":"Feature","properties":{"@id":"way/107394209","building":"yes"},"geometry":{"type":"Polygon","coordinates":[[[121.0264552,14.5560858],[121.0263371,14.5561759],[121.0264412,14.5563037],[121.0264104,14.5563271],[121.026489,14.5564237],[121.0267262,14.5562426],[121.026644,14.5561417],[121.0265557,14.5562092],[121.0264552,14.5560858]]]}},
{"type":"Feature","properties":{"@id":"way/107394212","building":"yes"},"geometry":{"type":"Polygon","coordinates":[[[121.0274216,14.5542222],[121.0273455,14.5541421],[121.027268,14.554211],[121.0272007,14.5541401],[121.0272754,14.5540736],[121.0271946,14.5539885],[121.0270415,14.5541247],[121.0272656,14.5543608],[121.0274216,14.5542222]]]}},
{"type":"Feature","properties":{"@id":"way/119980276","access":"private","description":"Manila Peninsula Underground Parking","highway":"service","layer":"-1","oneway":"yes","tunnel":"yes"},"geometry":{"type":"LineString","coordinates":[[121.0257586,14.5549466],[121.0257152,14.5549812],[121.0256684,14.554982],[121.0254473,14.5549008],[121.0254065,14.5550709],[121.0255696,14.5550882],[121.0256509,14.5551069]]}},
{"type":"Feature","properties":{"@id":"way/119980278","access":"private","highway":"service","oneway":"yes"},"geometry":{"type":"LineString","coordinates":[[121.0257031,14.5548128],[121.025764,14.5548654],[121.0257782,14.554902],[121.0257586,14.5549466]]}},
{"type":"Feature","properties":{"@id":"way/119980279","leisure":"swimming_pool","source":"Bing"},"geometry":{"type":"Polygon","coordinates":[[[121.0255871,14.5555975],[121.0255154,14.5556302],[121.0256054,14.5558152],[121.0256771,14.5557825],[121.0255871,14.5555975]]]}},
{"type":"Feature","properties":{"@id":"way/119980281","access":"private","highway":"service","oneway":"yes"},"geometry":{"type":"LineString","coordinates":[[121.0256509,14.5551069],[121.025681,14.5551278],[121.0256935,14.5551828],[121.0256796,14.5552255],[121.0255699,14.555304]]}},
{"type":"Feature","properties":{"@id":"way/119980283","building":"yes","source":"Bing"},"geometry":{"type":"Polygon","coordinates":[[[121.0273911,14.5572063],[121.0272499,14.557037],[121.0270861,14.5571649],[121.0272426,14.5573526],[121.0272973,14.5573099],[121.027282,14.5572915],[121.0273911,14.5572063]]]}},
{"type":"Feature","properties":{"@id":"way/126978641","bicycle:lanes":"|||designated","bus:lanes":"||designated|no","cycleway:right":"lane","foot":"no","highway":"secondary","lanes":"4","lit":"yes","motor_vehicle:conditional":"no @ (Su 06:00-10:00)","name":"Ayala Avenue","name:es":"Avenida Ayala","name:fil":"Abenida Ayala","name:tl":"Abenida Ayala","oneway":"yes","ownership":"private","postal_code":"1226","surface":"asphalt"},"geometry":{"type":"LineString","coordinates":[[121.0210734,14.5567444],[121.0211467,14.5566963]]}},
{"type":"Feature","properties":{"@id":"way/126978642","highway":"secondary","lanes":"2","lit":"yes","name":"Paseo de Roxas","oneway":"yes","ownership":"private","postal_code":"1226","sidewalk":"right","surface":"asphalt"},"geometry":{"type":"LineString","coordinates":[[121.0204022,14.5557907],[121.0203254,14.5556802],[121.0199732,14.5551588]]}},
{"type":"Feature","properties":{"@id":"way/126978646","highway":"secondary","lanes":"4","lit":"yes","name":"Paseo de Roxas","oneway":"yes","ownership":"private","postal_code":"1226","sidewalk":"right","surface":"asphalt"},"geometry":{"type":"LineString","coordinates":[[121.020478,14.555741],[121.0208196,14.5562348]]}},
{"type":"Feature","properties":{"@id":"way/126978647","highway":"secondary","lanes":"2","lit":"yes","name":"Paseo de Roxas","oneway":"yes","ownership":"private","postal_code":"1226","sidewalk":"right","surface":"asphalt"},"geometry":{"type":"LineString","coordinates":[[121.0210734,14.5567444],[121.0205752,14.5560451],[121.0204022,14.5557907]]}},
{"type":"Feature","properties":{"@id":"way/132684521","foot":"no","highway":"tertiary","lane_markings":"yes","lanes":"4","lit":"yes","name":"Dela Rosa Street","name:es":"Calle de la Rosa","name:etymology":"Fabián Cueto de la Rosa","name:etymology:wikidata":"Q1888557","name:fil":"Kalye de la Rosa","name:tl":"Kalye de la Rosa","oneway":"yes","ownership":"private","postal_code":"1229","sidewalk":"both","surface":"asphalt"},"geometry":{"type":"LineString","coordinates":[[121.020478,14.555741],[121.0204022,14.5557907]]}},
{"type":"Feature","properties":{"@id":"way/132684522","foot":"no","highway":"secondary","lanes":"4","lit":"yes","motor_vehicle:conditional":"no @ (Su 06:00-10:00)","name":"Ayala Avenue","name:es":"Avenida Ayala","name:fil":"Abenida Ayala","name:tl":"Abenida Ayala","oneway":"yes","ownership":"private","postal_code":"1226","surface":"asphalt"},"geometry":{"type":"LineString","coordinates":[[121.0212886,14.556799],[121.0211634,14.5568774]]}},
{"type":"Feature","properties":{"@id":"way/132684528","access:lanes":"|||no","bicycle:lanes":"|||designated","bus:lanes":"no|no|designated|no","cycleway:right":"lane","foot":"yes","highway":"secondary","lanes":"4","lit":"yes","motor_vehicle:conditional":"no @ (Su 06:00-10:00)","name":"Ayala Avenue","name:es":"Avenida Ayala","name:fil":"Abenida Ayala","name:tl":"Abenida Ayala","oneway":"yes","ownership":"private","postal_code":"1226","surface":"asphalt"},"geometry":{"type":"LineString","coordinates":[[121.0211634,14.5568774],[121.0206336,14.5572157]]}},
{"type":"Feature","properties":{"@id":"way/132684531","highway":"secondary","lanes":"4","lit":"yes","name":"Paseo de Roxas","oneway":"yes","ownership":"private","postal_code":"1226","sidewalk":"right","surface":"asphalt"},"geometry":{"type":"LineString","coordinates":[[121.0200501,14.5551215],[121.0202728,14.5554606]]}},
{"type":"Feature","properties":{"@id":"way/144850884","highway":"residential","lane_markings":"yes","lanes":"2","lit":"yes","name":"San Agustin Street","name:es":"Calle San Agustín","name:fil":"Kalye San Agustin","name:tl":"Kalye San Agustin","oneway":"yes","oneway:bicycle":"yes","ownership":"private","parking:condition:left":"disc","parking:condition:left:maxstay":"3 h","parking:condition:left:time_interval":"Mo-Sa 07:00-17:00","parking:lane:left":"marked","postal_code":"1227","sidewalk":"both","surface":"asphalt"},"geometry":{"type":"LineString","coordinates":[[121.0242047,14.559469],[121.0223108,14.5589502],[121.0222523,14.5589322]]}},
{"type":"Feature","properties":{"@id":"way/155775865","access":"yes","addr:city":"Makati","addr:street":"Sedeño Street","addr:street:corner":"Valero Street","amenity":"parking","name":"Paseo Center Parking","parking":"surface"},"geometry":{"type":"Polygon","coordinates":[[[121.0226519,14.5578839],[121.0229216,14.5579689],[121.0228609,14.558184],[121.0230451,14.5582391],[121.0229621,14.5585104],[121.0225394,14.5583814],[121.0225249,14.5583533],[121.022518,14.5583177],[121.0226519,14.5578839]]]}},
{"type":"Feature","properties":{"@id":"way/156723775","addr2:street":"Perea Street","addr:city":"Makati","addr:housenumber":"103","addr:postcode":"1229","addr:street":"Dela Rosa Street","building":"yes","name":"Tropical Palms Condominium"},"geometry":{"type":"Polygon","coordinates":[[[121.0217668,14.5542933],[121.0222234,14.5544021],[121.0221936,14.5545193],[121.022165,14.5545125],[121.0221566,14.5545453],[121.0220758,14.554526],[121.0220508,14.5546243],[121.021895,14.5545871],[121.0219037,14.5545531],[121.0217123,14.5545075],[121.0217668,14.5542933]]]}},
{"type":"Feature","properties":{"@id":"way/156723776","access":"private","foot":"yes","highway":"service","service":"driveway"},"geometry":{"type":"LineString","coordinates":[[121.0201409,14.5546678],[121.0200659,14.554229]]}},
{"type":"Feature","properties":{"@id":"way/156723777","access":"private","foot":"yes","highway":"service","service":"driveway"},"geometry":{"type":"LineString","coordinates":[[121.0208115,14.5555361],[121.0204834,14.5550372]]}},
{"type":"Feature","properties":{"@id":"way/156723778","bicycle":"no","bridge":"yes","highway":"footway","layer":"1","motor_vehicle":"no","name":"Ayala Center Pedestrian Link Bridge"},"geometry":{"type":"LineString","coordinates":[[121.0206043,14.5557518],[121.0211595,14.5554062],[121.0223796,14.5546176]]}},
{"type":"Feature","properties":{"@id":"way/156723779","bridge":"yes","highway":"footway","layer":"1","name":"Ayala Center Pedestrian Link Bridge"},"geometry":{"type":"LineString","coordinates":[[121.0230974,14.5539897],[121.0230572,14.5540355],[121.0230615,14.5540616],[121.0229864,14.5541596],[121.0229306,14.5542176],[121.0223587,14.5545935]]}},
{"type":"Feature","properties":{"@id":"way/157161355","highway":"residential","lane_markings":"yes","lanes":"3","lanes:backward":"1","lanes:forward":"2","lit":"yes","name":"Sedeño Street","name:es":"Calle Sedeño","name:fil":"Kalye Sedeño","name:tl":"Kalye Sedeño","oneway":"no","ownership":"private","postal_code":"1227","sidewalk":"both","surface":"asphalt","turn:lanes:backward":"left"},"geometry":{"type":"LineString","coordinates":[[121.0221195,14.559396],[121.0221309,14.5593562],[121.0221872,14.5591595]]}},
{"type":"Feature","properties":{"@id":"way/157161356","highway":"service","lanes":"2","lit":"yes","name":"Valero Access Road 3","oneway":"yes","oneway:bicycle":"yes","ownership":"private","postal_code":"1227","surface":"asphalt"},"geometry":{"type":"LineString","coordinates":[[121.0197552,14.5585479],[121.0207584,14.5579052],[121.0208577,14.5578421],[121.0210279,14.5577641],[121.0212559,14.5577044],[121.021429,14.5576786],[121.021602,14.5576837],[121.0219155,14.5577508],[121.0219289,14.557774]]}},
{"type":"Feature","properties":{"@id":"way/157161358","highway":"service","lit":"yes","postal_code":"1227","surface":"asphalt"},"geometry":{"type":"LineString","coordinates":[[121.0210526,14.5583195],[121.0208858,14.5580859],[121.0207584,14.5579052]]}},
{"type":"Feature","properties":{"@id":"way/164699675","bicycle":"no","bridge":"yes","highway":"footway","layer":"1","motor_vehicle":"no","name":"Ayala Center Pedestrian Link Bridge"},"geometry":{"type":"LineString","coordinates":[[121.0182139,14.5572728],[121.0182676,14.5572381],[121.0187817,14.5569058],[121.0187998,14.5569308],[121.0198638,14.5562345],[121.0203981,14.5558916]]}},
{"type":"Feature","properties":{"@id":"way/164699682","bicycle":"no","bridge":"yes","highway":"footway","layer":"1","motor_vehicle":"no","name":"Ayala Center Pedestrian Link Bridge"},"geometry":{"type":"LineString","coordinates":[[121.0203981,14.5558916],[121.0206043,14.5557518]]}},
{"type":"Feature","properties":{"@id":"way/165723973","footway":"sidewalk","highway":"footway","surface":"paving_stones","tactile_paving":"no","wheelchair":"yes"},"geometry":{"type":"LineString","coordinates":[[121.0187802,14.5581058],[121.0189467,14.5580697],[121.0199948,14.5573746],[121.020464,14.5570635]]}},
{"type":"Feature","properties":{"@id":"way/165724343","highway":"footway"},"geometry":{"type":"LineString","coordinates":[[121.0235058,14.554475],[121.0234428,14.5545418]]}},
{"type":"Feature","properties":{"@id":"way/165724345","highway":"footway","public_transport":"platform"},"geometry":{"type":"LineString","coordinates":[[121.0232811,14.5556186],[121.0237043,14.5553531],[121.0237612,14.5553174]]}},
{"type":"Feature","properties":{"@id":"way/165724639","highway":"footway","surface":"paving_stones"},"geometry":{"type":"LineString","coordinates":[[121.0234716,14.5533727],[121.0233736,14.553476],[121.023468,14.5536559]]}},
{"type":"Feature","properties":{"@id":"way/165724792","highway":"footway"},"geometry":{"type":"LineString","coordinates":[[121.02282,14.5539197],[121.0224419,14.553728],[121.0224519,14.5537051],[121.0220258,14.5535335],[121.0220053,14.5535355],[121.0218901,14.5535472],[121.0215017,14.5535862]]}},
{"type":"Feature","properties":{"@id":"way/184842504","destination:lanes":"|||Tower One","highway":"secondary","lanes":"4","lit":"yes","motor_vehicle:conditional":"no @ (Su 06:00-10:00)","name":"Paseo de Roxas","oneway":"yes","ownership":"private","postal_code":"1226","surface":"asphalt","turn:lanes":"|||right"},"geometry":{"type":"LineString","coordinates":[[121.021808,14.5569494],[121.0223175,14.5571018]]}},
{"type":"Feature","properties":{"@id":"way/218400615","access":"customers","addr:city":"Makati","addr:street":"Makati Avenue","addr:street:corner":"Ayala Avenue","amenity":"parking","fee":"yes","name":"Gabriela Silang Parking","previously":"node:255056183"},"geometry":{"type":"Polygon","coordinates":[[[121.0246644,14.5556606],[121.0242714,14.5558848],[121.0238771,14.555312],[121.0241936,14.5551132],[121.0242637,14.5550853],[121.024318,14.5550911],[121.0243583,14.5551014],[121.0243941,14.555129],[121.0246644,14.5556606]]]}},
{"type":"Feature","properties":{"@id":"way/218400616","amenity":"fountain","fountain":"decorative","name":"Manila Pen Fountain","previously":"node:307944397"},"geometry":{"type":"Polygon","coordinates":[[[121.0246942,14.5548857],[121.0247019,14.554911],[121.0247281,14.5549428],[121.0248879,14.5549676],[121.024909,14.5548491],[121.0249305,14.554728],[121.0248135,14.5546974],[121.0247903,14.5546974],[121.0247409,14.5547233],[121.0246988,14.554775],[121.024689,14.5548423],[121.0246942,14.5548857]]]}},
{"type":"Feature","properties":{"@id":"way/218400618","building":"yes"},"geometry":{"type":"Polygon","coordinates":[[[121.0264961,14.5559297],[121.02636,14.5557302],[121.0264294,14.5556859],[121.0264342,14.555693],[121.0264806,14.5556633],[121.0264637,14.5556386],[121.0265386,14.5555907],[121.0266442,14.5557454],[121.0265242,14.5558221],[121.0265667,14.5558845],[121.0264961,14.5559297]]]}},
{"type":"Feature","properties":{"@id":"way/218400619","building":"yes"},"geometry":{"type":"Polygon","coordinates":[[[121.0264777,14.5550716],[121.0265429,14.5551554],[121.0264694,14.555209],[121.0265053,14.5552551],[121.0265829,14.5551985],[121.0266573,14.5552942],[121.0264928,14.5554142],[121.026459,14.5553707],[121.0264178,14.5554008],[121.0263561,14.5553216],[121.0263973,14.5552915],[121.0263172,14.5551886],[121.0264777,14.5550716]]]}},
{"type":"Feature","properties":{"@id":"way/218400620","building":"yes"},"geometry":{"type":"Polygon","coordinates":[[[121.0239764,14.5558105],[121.0237056,14.5559883],[121.0238492,14.5561932],[121.02412,14.5560154],[121.0239764,14.5558105]]]}},
{"type":"Feature","properties":{"@id":"way/218400621","building":"yes"},"geometry":{"type":"Polygon","coordinates":[[[121.0260515,14.5550048],[121.0262516,14.5550477],[121.0262453,14.5550752],[121.0263308,14.5550935],[121.0262918,14.5552642],[121.0261993,14.5552444],[121.0261955,14.5552612],[121.0260024,14.5552199],[121.0260515,14.5550048]]]}},
{"type":"Feature","properties":{"@id":"way/218400622","building":"yes"},"geometry":{"type":"Polygon","coordinates":[[[121.0262082,14.5552766],[121.0262443,14.5553243],[121.0262736,14.5553035],[121.02642,14.5554969],[121.0261735,14.5556717],[121.0260239,14.5554741],[121.026095,14.5554236],[121.0260621,14.5553801],[121.0262082,14.5552766]]]}},
{"type":"Feature","properties":{"@id":"way/218400623","building":"yes"},"geometry":{"type":"Polygon","coordinates":[[[121.026273,14.5547305],[121.0263778,14.5548603],[121.0263944,14.5548478],[121.0264737,14.5549459],[121.0265328,14.5549011],[121.026445,14.5547924],[121.0265296,14.5547285],[121.0264332,14.5546092],[121.026273,14.5547305]]]}},
{"type":"Feature","properties":{"@id":"way/218400624","building":"yes"},"geometry":{"type":"Polygon","coordinates":[[[121.0262579,14.5547681],[121.0264364,14.5549716],[121.0263407,14.5550502],[121.0263091,14.5550142],[121.0262702,14.5550462],[121.0262128,14.5549807],[121.0261835,14.5550047],[121.026094,14.5549027],[121.0262579,14.5547681]]]}},
{"type":"Feature","properties":{"@id":"way/218400625","building":"yes"},"geometry":{"type":"Polygon","coordinates":[[[121.026708,14.5549224],[121.0268785,14.5551171],[121.0267078,14.5552573],[121.0266277,14.5551658],[121.0267027,14.5551042],[121.0266868,14.5550862],[121.02663,14.5551328],[121.0265554,14.5550476],[121.026708,14.5549224]]]}},
{"type":"Feature","properties":{"@id":"way/218400626","highway":"service","oneway":"yes","service":"driveway"},"geometry":{"type":"LineString","coordinates":[[121.0243215,14.5551497],[121.0243727,14.5552383],[121.0244328,14.5553511],[121.0245107,14.555486],[121.0245466,14.5554652]]}},
{"type":"Feature","properties":{"@id":"way/218400627","highway":"service","oneway":"yes","service":"parking_aisle"},"geometry":{"type":"LineString","coordinates":[[121.0244328,14.5553511],[121.0241409,14.5555397]]}},
{"type":"Feature","properties":{"@id":"way/218400628","highway":"service","maxspeed":"15","oneway":"yes","service":"parking_aisle"},"geometry":{"type":"LineString","coordinates":[[121.0242209,14.5556689],[121.0245107,14.555486]]}},
{"type":"Feature","properties":{"@id":"way/218400629","highway":"service","oneway":"yes","service":"parking_aisle"},"geometry":{"type":"LineString","coordinates":[[121.0240763,14.5554316],[121.0243727,14.5552383]]}},
{"type":"Feature","properties":{"@id":"way/218400631","highway":"service","oneway":"yes","service":"driveway"},"geometry":{"type":"LineString","coordinates":[[121.0246892,14.5554398],[121.0246119,14.5554852],[121.0245738,14.5555112],[121.0245642,14.5555282]]}},
{"type":"Feature","properties":{"@id":"way/218400632","highway":"service","oneway":"yes","service":"driveway"},"geometry":{"type":"LineString","coordinates":[[121.0242989,14.5557854],[121.0242209,14.5556689],[121.0241773,14.5555972],[121.0241409,14.5555397],[121.0240763,14.5554316],[121.0240121,14.5553276],[121.0240008,14.5553092]]}},
{"type":"Feature","properties":{"@id":"way/229922382","highway":"secondary","lanes":"3","lit":"yes","name":"Makati Avenue","name:es":"Avenida de Macati","name:fil":"Abenida Makati","name:tl":"Abenida Makati","oneway":"yes","ownership":"private","surface":"asphalt"},"geometry":{"type":"LineString","coordinates":[[121.0235661,14.5529734],[121.0237145,14.5532602],[121.023738,14.5533056],[121.0237849,14.5533962],[121.0240684,14.553944]]}},
{"type":"Feature","properties":{"@id":"way/235925439","addr:housenumber":"6749","addr:postcode":"1226","addr:street":"Ayala Avenue","building":"hotel","building:levels":"2","height":"14","name":"Discovery Primea","tourism":"hotel","website":"https://www.discoveryprimea.com/","wikidata":"Q16249050","wikipedia":"en:Discovery Primea"},"geometry":{"type":"Polygon","coordinates":[[[121.0267901,14.5532376],[121.0267986,14.5532451],[121.0270073,14.5534835],[121.0270301,14.553513],[121.0269959,14.5535429],[121.0271005,14.5536831],[121.0271381,14.5536727],[121.0271595,14.5536909],[121.0269235,14.5538285],[121.0267175,14.5539215],[121.0266274,14.553795],[121.0264188,14.5535566],[121.0264708,14.553514],[121.0264486,14.5534887],[121.0265225,14.5534417],[121.0264957,14.5534079],[121.026638,14.5533256],[121.0267901,14.5532376]]]}},
{"type":"Feature","properties":{"@id":"way/235929366","building:levels":"30","building:part":"yes","height":"112"},"geometry":{"type":"Polygon","coordinates":[[[121.0243539,14.5534464],[121.0244279,14.5535683],[121.0247576,14.5536561],[121.0249028,14.5535804],[121.0250067,14.5537413],[121.0247911,14.5538603],[121.0247206,14.5538414],[121.0247168,14.5538546],[121.0243761,14.5537636],[121.0243799,14.5537504],[121.0243074,14.5537311],[121.0241902,14.5535362],[121.0243539,14.5534464]]]}},
{"type":"Feature","properties":{"@id":"way/241951590","addr:city":"Makati","addr:street":"Makati Avenue","alt_name":"Manila International Air Terminal","building":"yes","building:levels":"3","name":"Nielson Tower","wikidata":"Q23423304","wikimedia_commons":"Category:Nielson Tower","wikipedia":"en:Nielson Tower"},"geometry":{"type":"Polygon","coordinates":[[[121.0244541,14.5560146],[121.0244293,14.5559688],[121.0244125,14.5559749],[121.0243998,14.5559733],[121.0243901,14.555966],[121.0243837,14.5559552],[121.0243829,14.5559431],[121.0243894,14.5559276],[121.0244039,14.5559191],[121.024381,14.5558771],[121.0245011,14.5558159],[121.0245172,14.555845],[121.0246073,14.5558009],[121.0246151,14.5558174],[121.024627,14.5558128],[121.0246388,14.5558116],[121.0246499,14.5558132],[121.0246597,14.555821],[121.0246668,14.5558352],[121.0246658,14.5558465],[121.0246621,14.5558545],[121.024654,14.5558632],[121.0246436,14.5558686],[121.024652,14.5558858],[121.0245584,14.5559296],[121.0245718,14.5559547],[121.0244541,14.5560146]]]}},
{"type":"Feature","properties":{"@id":"way/241951591","building":"yes"},"geometry":{"type":"Polygon","coordinates":[[[121.0234989,14.5566332],[121.0234724,14.5565918],[121.0234581,14.5565696],[121.0236792,14.5564368],[121.0237306,14.5565168],[121.0234989,14.5566332]]]}},
{"type":"Feature","properties":{"@id":"way/241951592","building":"yes"},"geometry":{"type":"Polygon","coordinates":[[[121.0242098,14.5563479],[121.0241021,14.5561803],[121.0243126,14.5560536],[121.0244203,14.5562213],[121.0242098,14.5563479]]]}},
{"type":"Feature","properties":{"@id":"way/241951593","building":"yes"},"geometry":{"type":"Polygon","coordinates":[[[121.0237682,14.556556],[121.0236918,14.5564295],[121.0238496,14.5563402],[121.023926,14.5564667],[121.0237682,14.556556]]]}},
{"type":"Feature","properties":{"@id":"way/241951594","building":"yes"},"geometry":{"type":"Polygon","coordinates":[[[121.0239623,14.5564538],[121.0238759,14.5563164],[121.0240971,14.556186],[121.0241836,14.5563235],[121.0239623,14.5564538]]]}},
{"type":"Feature","properties":{"@id":"way/262470316","building":"yes"},"geometry":{"type":"Polygon","coordinates":[[[121.0269569,14.5557051],[121.0268828,14.5557605],[121.0269322,14.5558223],[121.0268763,14.5558641],[121.026827,14.5558024],[121.0267772,14.5558396],[121.0269665,14.5560765],[121.0270132,14.5560415],[121.0269777,14.5559971],[121.0270227,14.5559634],[121.0270422,14.5559879],[121.0271303,14.555922],[121.0269569,14.5557051]]]}},
{"type":"Feature","properties":{"@id":"way/262470317","building":"yes"},"geometry":{"type":"Polygon","coordinates":[[[121.0269815,14.5556772],[121.0271568,14.5558965],[121.0272258,14.5558448],[121.0271959,14.5558074],[121.0272705,14.5557516],[121.0273004,14.5557889],[121.027356,14.5557473],[121.0271999,14.5555519],[121.0271448,14.5555932],[121.0271592,14.5556112],[121.0270897,14.5556632],[121.0270561,14.5556212],[121.0269815,14.5556772]]]}},
{"type":"Feature","properties":{"@id":"way/262470319","building":"yes"},"geometry":{"type":"Polygon","coordinates":[[[121.0269527,14.5556317],[121.0270886,14.5555341],[121.0270158,14.555439],[121.0270776,14.5553947],[121.0269902,14.5552806],[121.0267925,14.5554224],[121.0269527,14.5556317]]]}},
{"type":"Feature","properties":{"@id":"way/262470325","building":"yes"},"geometry":{"type":"Polygon","coordinates":[[[121.0269099,14.5556585],[121.02684,14.5555673],[121.0267706,14.555617],[121.0266745,14.5554915],[121.0266031,14.5555427],[121.0267442,14.5557269],[121.0267943,14.5556911],[121.0268192,14.5557236],[121.0269099,14.5556585]]]}},
{"type":"Feature","properties":{"@id":"way/262484504","building":"yes"},"geometry":{"type":"Polygon","coordinates":[[[121.0271326,14.556898],[121.0271936,14.5568505],[121.0271659,14.5568173],[121.0271872,14.5568007],[121.027199,14.5568148],[121.0272827,14.5567496],[121.0271279,14.5565633],[121.0270557,14.5566195],[121.0271022,14.5566754],[121.0270083,14.5567485],[121.0271326,14.556898]]]}},
{"type":"Feature","properties":{"@id":"way/262484505","building":"yes"},"geometry":{"type":"Polygon","coordinates":[[[121.0275173,14.5561663],[121.0273845,14.5559991],[121.0271988,14.5561374],[121.0272674,14.5562236],[121.0272956,14.5562026],[121.0273217,14.5562354],[121.0273626,14.556205],[121.0273858,14.5562341],[121.0274446,14.5561903],[121.0274597,14.5562093],[121.0275173,14.5561663]]]}},
{"type":"Feature","properties":{"@id":"way/262484506","building":"yes"},"geometry":{"type":"Polygon","coordinates":[[[121.0268654,14.557106],[121.0270773,14.5569482],[121.0269231,14.5567542],[121.0267217,14.5569042],[121.0267868,14.5569861],[121.0268406,14.5569461],[121.026823,14.5569239],[121.0268845,14.5568781],[121.0269245,14.5569285],[121.0267988,14.5570222],[121.0268654,14.557106]]]}},
{"type":"Feature","properties":{"@id":"way/262484512","building":"yes"},"geometry":{"type":"Polygon","coordinates":[[[121.027109,14.5564599],[121.0272909,14.5563245],[121.0271619,14.5561622],[121.02698,14.5562976],[121.027109,14.5564599]]]}},
{"type":"Feature","properties":{"@id":"way/262484514","building":"yes"},"geometry":{"type":"Polygon","coordinates":[[[121.0269133,14.5572948],[121.0270899,14.5575],[121.0271747,14.5574316],[121.0271533,14.5574068],[121.0272062,14.5573641],[121.027051,14.5571838],[121.0269133,14.5572948]]]}},
{"type":"Feature","properties":{"@id":"way/262484521","building":"yes"},"geometry":{"type":"Polygon","coordinates":[[[121.0269435,14.5563612],[121.026769,14.5564911],[121.0269071,14.5566648],[121.026967,14.5566202],[121.0269203,14.5565615],[121.0269641,14.5565289],[121.0269799,14.5565488],[121.0270507,14.5564961],[121.0269435,14.5563612]]]}},
{"type":"Feature","properties":{"@id":"way/262484800","building":"yes"},"geometry":{"type":"Polygon","coordinates":[[[121.0265815,14.5560084],[121.0267544,14.5562206],[121.0268627,14.556138],[121.0268738,14.5561516],[121.0269502,14.5560932],[121.0267929,14.5559002],[121.0267499,14.555933],[121.0267355,14.5559153],[121.0266846,14.5559542],[121.0266723,14.5559391],[121.0265815,14.5560084]]]}},
{"type":"Feature","properties":{"@id":"way/262484802","building":"yes"},"geometry":{"type":"Polygon","coordinates":[[[121.0271747,14.5575699],[121.0272545,14.5576068],[121.0272774,14.5576148],[121.0273746,14.5576097],[121.0274211,14.5575998],[121.0274729,14.5575574],[121.0274152,14.5574819],[121.0273687,14.5575073],[121.0273028,14.5575088],[121.027223,14.5574719],[121.0271747,14.5575699]]]}},
{"type":"Feature","properties":{"@id":"way/262485774","building":"yes"},"geometry":{"type":"Polygon","coordinates":[[[121.0268601,14.5542827],[121.0269198,14.5543449],[121.0269363,14.5543301],[121.0269511,14.5543455],[121.0270121,14.5542905],[121.0270843,14.5543657],[121.0270233,14.5544206],[121.0270381,14.5544361],[121.0270217,14.5544509],[121.0270779,14.5545094],[121.0272307,14.5543718],[121.0270129,14.5541451],[121.0268601,14.5542827]]]}},
{"type":"Feature","properties":{"@id":"way/262485782","building":"yes"},"geometry":{"type":"Polygon","coordinates":[[[121.0271244,14.5545666],[121.0272111,14.5546724],[121.0272292,14.5546586],[121.0273164,14.5547649],[121.0274803,14.554639],[121.0273063,14.5544269],[121.0271244,14.5545666]]]}},
{"type":"Feature","properties":{"@id":"way/262485785","building":"yes"},"geometry":{"type":"Polygon","coordinates":[[[121.0268686,14.5546768],[121.0270352,14.5545535],[121.0269811,14.554485],[121.0269641,14.5544976],[121.0268713,14.5543801],[121.0268882,14.5543675],[121.0268408,14.5543075],[121.0266743,14.5544308],[121.0268686,14.5546768]]]}},
{"type":"Feature","properties":{"@id":"way/262485787","building":"yes"},"geometry":{"type":"Polygon","coordinates":[[[121.0266677,14.5548424],[121.0268438,14.554712],[121.0266378,14.5544513],[121.0264617,14.5545816],[121.0265245,14.5546611],[121.026563,14.5546326],[121.0266482,14.5547404],[121.0266097,14.5547689],[121.0266677,14.5548424]]]}},
{"type":"Feature","properties":{"@id":"way/290653119","layer":"1","leisure":"pitch","sport":"tennis"},"geometry":{"type":"Polygon","coordinates":[[[121.0250894,14.5537514],[121.0252539,14.5536614],[121.0252063,14.55358],[121.0250418,14.55367],[121.0250894,14.5537514]]]}},
{"type":"Feature","properties":{"@id":"way/290653330","aeroway":"helipad","layer":"1"},"geometry":{"type":"LineString","coordinates":[[121.0234439,14.5550199],[121.0235909,14.5549292],[121.0235034,14.5547963],[121.0233564,14.5548869],[121.0234439,14.5550199]]}},
{"type":"Feature","properties":{"@id":"way/323736616","highway":"footway"},"geometry":{"type":"LineString","coordinates":[[121.0241773,14.5555972],[121.0240585,14.555665],[121.0242358,14.5559075],[121.0244794,14.5562561]]}},
{"type":"Feature","properties":{"@id":"way/367012583","architect":"Skidmore, Owings & Merrill","landuse":"commercial","name":"Ayala Triangle Gardens North"},"geometry":{"type":"Polygon","coordinates":[[[121.0241609,14.5574927],[121.0242992,14.5569897],[121.0245162,14.5568283],[121.0251109,14.5564647],[121.0257889,14.5578377],[121.0258006,14.557884],[121.0257628,14.5579326],[121.0257272,14.5579536],[121.0256793,14.5579592],[121.0241609,14.5574927]]]}},
{"type":"Feature","properties":{"@id":"way/368385871","addr:city":"Makati","addr:street":"Makati Avenue","addr:street:corner":"Paseo de Roxas","architect":"Skidmore, Owings & Merrill","building":"office","building:colour":"dodgerblue","building:levels":"31","building:material":"glass","height":"145.9","name":"Zuellig Building"},"geometry":{"type":"Polygon","coordinates":[[[121.026443,14.558149],[121.0262907,14.5579963],[121.0266529,14.5576619],[121.0267551,14.5577532],[121.0267381,14.5577747],[121.026862,14.5578527],[121.0266224,14.5582735],[121.0264305,14.5581649],[121.026443,14.558149]]]}},
{"type":"Feature","properties":{"@id":"way/374114344","access:lanes":"||||no","bicycle:lanes":"||||designated","bus:lanes":"no|||designated|no","cycleway:right":"lane","foot":"no","highway":"secondary","lanes":"5","lit":"yes","motor_vehicle:conditional":"no @ (Su 06:00-10:00)","name":"Ayala Avenue","name:es":"Avenida Ayala","name:fil":"Abenida Ayala","name:tl":"Abenida Ayala","oneway":"yes","ownership":"private","postal_code":"1226","surface":"asphalt"},"geometry":{"type":"LineString","coordinates":[[121.024467,14.5547192],[121.024367,14.5547889]]}},
{"type":"Feature","properties":{"@id":"way/374114345","access:lanes":"|||no","bicycle:lanes":"|||designated","bus:lanes":"no|no|designated|no","cycleway:right":"lane","foot":"yes","highway":"secondary","lanes":"4","lit":"yes","motor_vehicle:conditional":"no @ (Su 06:00-10:00)","name":"Ayala Avenue","name:es":"Avenida Ayala","name:fil":"Abenida Ayala","name:tl":"Abenida Ayala","oneway":"yes","ownership":"private","postal_code":"1226","surface":"asphalt"},"geometry":{"type":"LineString","coordinates":[[121.0228575,14.5557843],[121.0224252,14.5560634],[121.0223853,14.5560892]]}},
{"type":"Feature","properties":{"@id":"way/374114347","foot":"no","highway":"secondary","lanes":"4","lit":"yes","motor_vehicle:conditional":"no @ (Su 06:00-10:00)","name":"Makati Avenue","name:es":"Avenida de Macati","name:fil":"Abenida Makati","name:tl":"Abenida Makati","oneway":"yes","ownership":"private","surface":"asphalt"},"geometry":{"type":"LineString","coordinates":[[121.0243961,14.5545741],[121.024467,14.5547192]]}},
{"type":"Feature","properties":{"@id":"way/374114348","foot":"no","highway":"secondary","lanes":"3","lit":"yes","motor_vehicle:conditional":"no @ (Su 06:00-10:00)","name":"Makati Avenue","name:es":"Avenida de Macati","name:fil":"Abenida Makati","name:tl":"Abenida Makati","oneway":"yes","ownership":"private","surface":"asphalt"},"geometry":{"type":"LineString","coordinates":[[121.024367,14.5547889],[121.0242892,14.5546447]]}},
{"type":"Feature","properties":{"@id":"way/374114349","highway":"secondary","lanes":"4","lit":"yes","motor_vehicle:conditional":"no @ (Su 06:00-10:00)","name":"Makati Avenue","name:es":"Avenida de Macati","name:fil":"Abenida Makati","name:tl":"Abenida Makati","oneway":"yes","ownership":"private","surface":"asphalt"},"geometry":{"type":"LineString","coordinates":[[121.024467,14.5547192],[121.0247919,14.5553559]]}},
{"type":"Feature","properties":{"@id":"way/379328823","highway":"footway"},"geometry":{"type":"LineString","coordinates":[[121.0241959,14.5570558],[121.0240799,14.5575187]]}},
{"type":"Feature","properties":{"@id":"way/387701853","building":"yes"},"geometry":{"type":"Polygon","coordinates":[[[121.0228782,14.5581755],[121.0230376,14.5582217],[121.0231073,14.5579964],[121.0229479,14.5579503],[121.0228782,14.5581755]]]}},
{"type":"Feature","properties":{"@id":"way/396538036","addr:city":"Makati","addr:postcode":"1200","addr:street":"Valero Access Road 1","amenity":"parking","name":"109 Two Central Condominium","parking":"surface","previously":"node:255064974"},"geometry":{"type":"Polygon","coordinates":[[[121.025563,14.5589228],[121.0257935,14.5590511],[121.0259327,14.5591536],[121.026157,14.559435],[121.0263309,14.5597179],[121.0260257,14.5598745],[121.0259126,14.5596823],[121.0257567,14.5594646],[121.0256844,14.5593939],[121.0255717,14.5593167],[121.0254664,14.5592642],[121.025563,14.5589228]]]}},
{"type":"Feature","properties":{"@id":"way/405241933","highway":"service","oneway":"yes","service":"driveway"},"geometry":{"type":"LineString","coordinates":[[121.024817,14.5556825],[121.0247346,14.5557212],[121.0246901,14.5557428],[121.0246727,14.5557556],[121.0246601,14.5557765],[121.0246565,14.5558011],[121.0246642,14.5558274],[121.0246811,14.5558557],[121.0247045,14.5558732],[121.0247321,14.555879],[121.0247592,14.5558749],[121.0248038,14.5558533],[121.0248858,14.5558135]]}},
{"type":"Feature","properties":{"@id":"way/454189817","highway":"service","oneway":"yes","service":"parking_aisle"},"geometry":{"type":"LineString","coordinates":[[121.0225257,14.5547719],[121.022555,14.5547546],[121.0225728,14.5547441]]}},
{"type":"Feature","properties":{"@id":"way/454189818","covered":"yes","highway":"service","service":"parking_aisle"},"geometry":{"type":"LineString","coordinates":[[121.0213459,14.5555335],[121.0225257,14.5547719]]}},
{"type":"Feature","properties":{"@id":"way/454189819","highway":"service","oneway":"yes","service":"parking_aisle"},"geometry":{"type":"LineString","coordinates":[[121.0213073,14.5555656],[121.0213459,14.5555335]]}},
{"type":"Feature","properties":{"@id":"way/480560033","highway":"footway","lit":"yes","surface":"paved","width":"3"},"geometry":{"type":"LineString","coordinates":[[121.0240585,14.555665],[121.0239684,14.5557339],[121.023638,14.5559445],[121.0236725,14.5559951],[121.0237927,14.5561711],[121.0238249,14.5562178],[121.0238134,14.5562307],[121.023969,14.5564815]]}},
{"type":"Feature","properties":{"@id":"way/480560034","highway":"footway","surface":"paved","width":"1"},"geometry":{"type":"LineString","coordinates":[[121.0227983,14.5567126],[121.022754,14.5567497],[121.0227224,14.5566997],[121.022581,14.556782],[121.0222418,14.5566798],[121.0222042,14.5566244],[121.0221762,14.5565417],[121.0221583,14.5565154],[121.0221061,14.556426],[121.0217686,14.5566298]]}},
{"type":"Feature","properties":{"@id":"way/480972428","highway":"footway","lit":"yes","surface":"paved","width":"4"},"geometry":{"type":"LineString","coordinates":[[121.023638,14.5559445],[121.0236226,14.55592],[121.0239504,14.5557069],[121.0239684,14.5557339],[121.0239974,14.555777],[121.0236725,14.5559951]]}},
{"type":"Feature","properties":{"@id":"way/484157286","amenity":"fountain","name":"Philippine Stock Exchange Fountain"},"geometry":{"type":"Polygon","coordinates":[[[121.0228762,14.5564026],[121.0227949,14.5562915],[121.0229273,14.5562096],[121.0230038,14.5563208],[121.0228762,14.5564026]]]}},
{"type":"Feature","properties":{"@id":"way/484158298","highway":"footway"},"geometry":{"type":"LineString","coordinates":[[121.0237228,14.5568959],[121.0237388,14.5567825]]}},
{"type":"Feature","properties":{"@id":"way/484158332","highway":"footway"},"geometry":{"type":"LineString","coordinates":[[121.0235442,14.5567567],[121.0235287,14.5568423]]}},
{"type":"Feature","properties":{"@id":"way/484158683","highway":"footway"},"geometry":{"type":"LineString","coordinates":[[121.024118,14.5568327],[121.0240733,14.5569927]]}},
{"type":"Feature","properties":{"@id":"way/491572248","access":"permissive","highway":"service","service":"driveway"},"geometry":{"type":"LineString","coordinates":[[121.0218721,14.5541607],[121.0219735,14.5537391]]}},
{"type":"Feature","properties":{"@id":"way/513016956","access":"private","leisure":"garden"},"geometry":{"type":"Polygon","coordinates":[[[121.0270963,14.5578041],[121.0270791,14.5578648],[121.0271468,14.5578908],[121.0269667,14.5584197],[121.0271922,14.5584971],[121.0272253,14.5584984],[121.0272511,14.558466],[121.027399,14.5579523],[121.0273849,14.5579182],[121.0273648,14.5578982],[121.0270963,14.5578041]]]}},
{"type":"Feature","properties":{"@id":"way/513016957","access":"destination","highway":"service","lanes":"1","oneway":"yes","service":"driveway"},"geometry":{"type":"LineString","coordinates":[[121.0270222,14.5578881],[121.0270716,14.557904],[121.0271078,14.5579156]]}},
{"type":"Feature","properties":{"@id":"way/513016958","access":"destination","highway":"service","service":"driveway"},"geometry":{"type":"LineString","coordinates":[[121.0267311,14.5582295],[121.0269396,14.5583276],[121.0269597,14.558329],[121.026973,14.558292],[121.0271078,14.5579156]]}},
{"type":"Feature","properties":{"@id":"way/513016959","access":"destination","highway":"service","oneway":"yes","service":"driveway"},"geometry":{"type":"LineString","coordinates":[[121.0266967,14.5583041],[121.0267311,14.5582295],[121.0269478,14.5578628]]}},
{"type":"Feature","properties":{"@id":"way/531930905","building:levels":"40","building:part":"yes","height":"172"},"geometry":{"type":"Polygon","coordinates":[[[121.0210213,14.5562708],[121.0211126,14.5563844],[121.0212601,14.5564022],[121.0213774,14.5563138],[121.0213958,14.5561711],[121.0213045,14.5560575],[121.021157,14.5560397],[121.0210397,14.5561281],[121.0210213,14.5562708]]]}},
{"type":"Feature","properties":{"@id":"way/533184947","building:levels":"30","building:part":"yes","height":"124"},"geometry":{"type":"Polygon","coordinates":[[[121.0207473,14.5558971],[121.0208386,14.5560092],[121.0209851,14.5560261],[121.021101,14.5559377],[121.0211184,14.5557959],[121.0210271,14.5556838],[121.0208806,14.5556669],[121.0207647,14.5557553],[121.0207473,14.5558971]]]}},
{"type":"Feature","properties":{"@id":"way/533191761","building:levels":"28","building:part":"yes"},"geometry":{"type":"Polygon","coordinates":[[[121.0224034,14.5588737],[121.0225011,14.5589036],[121.0224946,14.5589233],[121.0226103,14.5589587],[121.0226167,14.5589394],[121.022704,14.5589661],[121.0227727,14.5587557],[121.0226762,14.5587262],[121.0226826,14.5587067],[121.0225575,14.5586684],[121.0225507,14.5586891],[121.0224716,14.5586649],[121.0224398,14.5587621],[121.0224034,14.5588737]]]}},
{"type":"Feature","properties":{"@id":"way/533191762","building:levels":"34","building:part":"yes"},"geometry":{"type":"Polygon","coordinates":[[[121.0228046,14.5590246],[121.0229195,14.5590593],[121.022927,14.5590361],[121.0230359,14.5590689],[121.0231059,14.5588513],[121.0230387,14.558831],[121.0230459,14.5588087],[121.0228844,14.55876],[121.0228778,14.5587806],[121.0227853,14.5587527],[121.0227148,14.5589717],[121.0228122,14.5590011],[121.0228046,14.5590246]]]}},
{"type":"Feature","properties":{"@id":"way/533200150","landuse":"commercial"},"geometry":{"type":"Polygon","coordinates":[[[121.0228759,14.5574503],[121.0227477,14.5574918],[121.0224992,14.5583149],[121.0224898,14.5583808],[121.02253,14.5584178],[121.0246863,14.5590524],[121.0247395,14.5590385],[121.0249943,14.5581854],[121.0249923,14.5581264],[121.02494,14.5580831],[121.0228759,14.5574503]]]}},
{"type":"Feature","properties":{"@id":"way/533535264","leisure":"park"},"geometry":{"type":"Polygon","coordinates":[[[121.0240606,14.5537282],[121.0242858,14.5541972],[121.0243542,14.5542673],[121.0244508,14.554301],[121.0245554,14.5542958],[121.0246506,14.5542335],[121.0250501,14.5540002],[121.02499,14.5539088],[121.0248097,14.5540085],[121.024681,14.553967],[121.0246638,14.5540168],[121.0243377,14.5539254],[121.0243548,14.5538673],[121.0242261,14.553834],[121.0241468,14.5536848],[121.0240606,14.5537282]]]}},
{"type":"Feature","properties":{"@id":"way/533535266","leisure":"park"},"geometry":{"type":"Polygon","coordinates":[[[121.0254636,14.5547548],[121.0255304,14.5547982],[121.0257557,14.5547385],[121.0259033,14.554754],[121.0261527,14.5544996],[121.025804,14.5540362],[121.0257504,14.5540284],[121.0247941,14.5546593],[121.0247903,14.5546974],[121.0248135,14.5546974],[121.0249305,14.554728],[121.024909,14.5548491],[121.0250004,14.5548672],[121.0250397,14.5547214],[121.0251684,14.5546772],[121.0250825,14.5545348],[121.0257517,14.5541008],[121.0258984,14.5543031],[121.025389,14.5546391],[121.0254636,14.5547548]]]}},
{"type":"Feature","properties":{"@id":"way/533535267","leisure":"park"},"geometry":{"type":"Polygon","coordinates":[[[121.0250004,14.5548672],[121.024909,14.5548491],[121.0248879,14.5549676],[121.0247281,14.5549428],[121.0249127,14.5552624],[121.0250353,14.5551976],[121.0249554,14.5550341],[121.0250004,14.5548672]]]}},
{"type":"Feature","properties":{"@id":"way/538421712","building":"apartments","building:levels":"8","height":"29.9","note":"Tower D"},"geometry":{"type":"Polygon","coordinates":[[[121.0254794,14.556236],[121.0255676,14.5564008],[121.0257376,14.5563155],[121.0256495,14.5561507],[121.0254794,14.556236]]]}},
{"type":"Feature","properties":{"@id":"way/538421713","building":"apartments","building:levels":"8","height":"29.9","note":"Tower A"},"geometry":{"type":"Polygon","coordinates":[[[121.0255825,14.5564285],[121.0256707,14.5565933],[121.0258408,14.556508],[121.0257526,14.5563432],[121.0255825,14.5564285]]]}},
{"type":"Feature","properties":{"@id":"way/538421715","building":"apartments","building:levels":"8","height":"29.9","note":"Tower B"},"geometry":{"type":"Polygon","coordinates":[[[121.0257891,14.556322],[121.0258772,14.5564867],[121.0260473,14.5564015],[121.0259591,14.5562367],[121.0257891,14.556322]]]}},
{"type":"Feature","properties":{"@id":"way/538421717","building":"apartments","building:levels":"8","height":"29.9","note":"Tower C"},"geometry":{"type":"Polygon","coordinates":[[[121.02569,14.5561277],[121.0257782,14.5562924],[121.0259483,14.5562072],[121.0258601,14.5560424],[121.02569,14.5561277]]]}},
{"type":"Feature","properties":{"@id":"way/538421721","highway":"service"},"geometry":{"type":"LineString","coordinates":[[121.0210369,14.5579921],[121.021083,14.5580744],[121.0210959,14.5580878],[121.0211192,14.5580913],[121.0212823,14.5580351],[121.0213901,14.558016],[121.0214975,14.558012],[121.0216999,14.5580472],[121.0217211,14.5580399],[121.0217281,14.5580186],[121.0217593,14.5578828],[121.0217673,14.55785],[121.0217576,14.5578304],[121.0217321,14.5578187],[121.0215106,14.5578161],[121.021378,14.5578187],[121.0212506,14.5578361],[121.0210173,14.5579031],[121.0210082,14.557921],[121.0210119,14.5579459],[121.0210369,14.5579921]]}},
{"type":"Feature","properties":{"@id":"way/538421722","building:colour":"royalblue","building:levels":"38","building:material":"glass","building:part":"yes","height":"174"},"geometry":{"type":"Polygon","coordinates":[[[121.0206352,14.5574232],[121.020476,14.5575245],[121.0205386,14.5576167],[121.0205602,14.5576029],[121.0205983,14.5576589],[121.0205776,14.5576721],[121.0206475,14.557775],[121.0207967,14.55768],[121.020895,14.5576174],[121.0208834,14.5576003],[121.0208986,14.5575907],[121.0207538,14.5573777],[121.0207356,14.5573892],[121.0207214,14.5573683],[121.0206352,14.5574232]]]}},
{"type":"Feature","properties":{"@id":"way/538421725","building:colour":"royalblue","building:levels":"35","building:material":"glass","building:part":"yes","height":"180"},"geometry":{"type":"Polygon","coordinates":[[[121.0201061,14.5581276],[121.0202307,14.5580395],[121.0200331,14.5577777],[121.0199085,14.5578658],[121.0201061,14.5581276]]]}},
{"type":"Feature","properties":{"@id":"way/538447147","building:part":"roof","height":"18"},"geometry":{"type":"Polygon","coordinates":[[[121.0228667,14.553904],[121.0228913,14.5538728],[121.0229211,14.5538837],[121.0229464,14.5538609],[121.0228432,14.5536985],[121.0228183,14.5535571],[121.0223482,14.5531801],[121.0223121,14.5532231],[121.0217012,14.5528252],[121.0217847,14.5534735],[121.0217923,14.5535441],[121.0220253,14.5535188],[121.0224698,14.5536962],[121.0224595,14.5537212],[121.0228667,14.553904]]]}},
{"type":"Feature","properties":{"@id":"way/538501797","landuse":"commercial"},"geometry":{"type":"Polygon","coordinates":[[[121.0262825,14.5604245],[121.026669,14.5602459],[121.0269893,14.560098],[121.0264965,14.5591111],[121.0262744,14.5586663],[121.0262114,14.5585586],[121.0260948,14.5584358],[121.0259458,14.55836],[121.0252284,14.5581601],[121.025168,14.5581653],[121.0251225,14.5582113],[121.0248503,14.5590901],[121.0254122,14.5592679],[121.0255516,14.5593335],[121.0256737,14.5594153],[121.0257455,14.5594827],[121.0258855,14.5596717],[121.0260305,14.5599235],[121.0262825,14.5604245]]]}},
{"type":"Feature","properties":{"@id":"way/547696282","highway":"tertiary","lane_markings":"yes","lanes":"4","lit":"yes","name":"Dela Rosa Street","name:es":"Calle de la Rosa","name:etymology":"Fabián Cueto de la Rosa","name:etymology:wikidata":"Q1888557","name:fil":"Kalye de la Rosa","name:tl":"Kalye de la Rosa","oneway":"yes","ownership":"private","sidewalk":"both","surface":"asphalt"},"geometry":{"type":"LineString","coordinates":[[121.0219269,14.5548243],[121.0219011,14.5548412],[121.0218107,14.5549004],[121.0217951,14.5549106],[121.0215571,14.5550598],[121.0211239,14.5553342],[121.0208333,14.555522],[121.0208115,14.5555361]]}},
{"type":"Feature","properties":{"@id":"way/571060430","highway":"unclassified","lit":"yes","name":"Dela Rosa Access Road 1","oneway":"no","ownership":"private","sidewalk":"both","surface":"asphalt"},"geometry":{"type":"LineString","coordinates":[[121.0227111,14.5549424],[121.0225728,14.5547441],[121.0224437,14.5545546],[121.0224088,14.5545055]]}},
{"type":"Feature","properties":{"@id":"way/573621956","highway":"tertiary","lane_markings":"yes","lanes":"4","lit":"yes","name":"Dela Rosa Street","name:es":"Calle de la Rosa","name:etymology":"Fabián Cueto de la Rosa","name:etymology:wikidata":"Q1888557","name:fil":"Kalye de la Rosa","name:tl":"Kalye de la Rosa","oneway":"yes","ownership":"private","postal_code":"1229","sidewalk":"both","surface":"asphalt"},"geometry":{"type":"LineString","coordinates":[[121.0204022,14.5557907],[121.0202602,14.5558792],[121.0200292,14.5560279],[121.019853,14.5561422],[121.0197205,14.5562287],[121.01969,14.556249],[121.0193705,14.5564482],[121.0193047,14.5564915],[121.0189874,14.5566973],[121.0189053,14.5567506]]}},
{"type":"Feature","properties":{"@id":"way/573636377","highway":"tertiary","lanes":"4","lit":"yes","name":"Dela Rosa Street","name:es":"Calle de la Rosa","name:etymology":"Fabián Cueto de la Rosa","name:etymology:wikidata":"Q1888557","name:fil":"Kalye de la Rosa","name:tl":"Kalye de la Rosa","oneway":"yes","ownership":"private","postal_code":"1229","sidewalk:left":"yes","sidewalk:right":"separate","surface":"asphalt"},"geometry":{"type":"LineString","coordinates":[[121.0229325,14.5541081],[121.0228893,14.5541464],[121.0228445,14.5541861],[121.0227794,14.5542367],[121.0224595,14.5544727],[121.0224564,14.5544747],[121.0224088,14.5545055]]}},
{"type":"Feature","properties":{"@id":"way/622550670","highway":"service"},"geometry":{"type":"LineString","coordinates":[[121.0200261,14.55639],[121.0200705,14.5563662]]}},
{"type":"Feature","properties":{"@id":"way/622550671","highway":"service"},"geometry":{"type":"LineString","coordinates":[[121.0198961,14.5567679],[121.019933,14.556829],[121.0199659,14.5568744],[121.0199856,14.5568866],[121.0200037,14.5568896],[121.0200302,14.5568867],[121.0200677,14.5568647],[121.0201562,14.5568166],[121.0202529,14.5567621],[121.020281,14.5567384],[121.0202897,14.5567193],[121.0202884,14.5567004],[121.0202374,14.5566226],[121.0202039,14.5566037],[121.0201656,14.5565925]]}},
{"type":"Feature","properties":{"@id":"way/622550672","highway":"service","oneway":"yes","service":"driveway"},"geometry":{"type":"LineString","coordinates":[[121.0219158,14.5554627],[121.0219873,14.5555698],[121.0219702,14.5556235],[121.021729,14.5557731],[121.0216671,14.5557535],[121.0215987,14.5556509]]}},
{"type":"Feature","properties":{"@id":"way/622550673","highway":"service"},"geometry":{"type":"LineString","coordinates":[[121.0213802,14.5588018],[121.0213698,14.5587301],[121.0213378,14.558508],[121.0212909,14.5583937]]}},
{"type":"Feature","properties":{"@id":"way/622550674","highway":"service"},"geometry":{"type":"LineString","coordinates":[[121.0228118,14.5582136],[121.0228794,14.5579926],[121.0227168,14.5579422],[121.0226444,14.5581637],[121.0225904,14.5583263],[121.0229163,14.5584236]]}},
{"type":"Feature","properties":{"@id":"way/622550675","highway":"service"},"geometry":{"type":"LineString","coordinates":[[121.0225007,14.5581209],[121.0225515,14.5581341],[121.0225633,14.558137],[121.0226444,14.5581637],[121.0228118,14.5582136],[121.0229633,14.5582588]]}},
{"type":"Feature","properties":{"@id":"way/622553646","highway":"service","service":"driveway"},"geometry":{"type":"LineString","coordinates":[[121.0257265,14.5582416],[121.0257085,14.5583025],[121.0256927,14.5583561]]}},
{"type":"Feature","properties":{"@id":"way/622553647","highway":"service"},"geometry":{"type":"LineString","coordinates":[[121.0263402,14.5566219],[121.0262939,14.5566433],[121.0262623,14.5566557],[121.0262409,14.5566518]]}},
{"type":"Feature","properties":{"@id":"way/622921153","highway":"service"},"geometry":{"type":"LineString","coordinates":[[121.0273375,14.5536519],[121.0272776,14.5535922],[121.0272172,14.5535351],[121.027126,14.5534365]]}},
{"type":"Feature","properties":{"@id":"way/622925102","highway":"service"},"geometry":{"type":"LineString","coordinates":[[121.021361,14.5544982],[121.0213526,14.5545853]]}},
{"type":"Feature","properties":{"@id":"way/673511472","foot":"no","highway":"secondary","lane_markings":"yes","lanes":"4","lit":"yes","name":"Paseo de Roxas","oneway":"yes","ownership":"private","postal_code":"1226","surface":"asphalt"},"geometry":{"type":"LineString","coordinates":[[121.0263689,14.5584257],[121.0262295,14.5583855]]}},
{"type":"Feature","properties":{"@id":"way/673511473","highway":"secondary","lane_markings":"yes","lanes":"4","lit":"yes","name":"Paseo de Roxas","oneway":"yes","ownership":"private","postal_code":"1226","surface":"asphalt"},"geometry":{"type":"LineString","coordinates":[[121.0261614,14.5582587],[121.0263032,14.5582998]]}},
{"type":"Feature","properties":{"@id":"way/673511474","foot":"no","highway":"secondary","lanes":"4","lit":"yes","name":"Makati Avenue","name:es":"Avenida de Macati","name:fil":"Abenida Makati","name:tl":"Abenida Makati","oneway":"yes","ownership":"private","surface":"asphalt"},"geometry":{"type":"LineString","coordinates":[[121.0263032,14.5582998],[121.0263689,14.5584257]]}},
{"type":"Feature","properties":{"@id":"way/673511475","foot":"no","highway":"secondary","lanes":"3","lit":"yes","name":"Makati Avenue","name:es":"Avenida de Macati","name:fil":"Abenida Makati","name:tl":"Abenida Makati","oneway":"yes","ownership":"private","surface":"asphalt"},"geometry":{"type":"LineString","coordinates":[[121.0262295,14.5583855],[121.0261614,14.5582587]]}},
{"type":"Feature","properties":{"@id":"way/673511476","highway":"footway","start_date":"2005-12-07"},"geometry":{"type":"LineString","coordinates":[[121.023752,14.5553038],[121.0237612,14.5553174]]}},
{"type":"Feature","properties":{"@id":"way/673511477","highway":"footway","start_date":"2005-12-07"},"geometry":{"type":"LineString","coordinates":[[121.0241307,14.5550651],[121.0241441,14.5550807]]}},
{"type":"Feature","properties":{"@id":"way/673511478","footway":"sidewalk","highway":"footway"},"geometry":{"type":"LineString","coordinates":[[121.0217686,14.5566298],[121.0218094,14.5565809],[121.0218012,14.55657]]}},
{"type":"Feature","properties":{"@id":"way/673511479","footway":"sidewalk","highway":"footway"},"geometry":{"type":"LineString","coordinates":[[121.0232811,14.5556186],[121.022911,14.5558536],[121.0228409,14.5559012],[121.0225585,14.5560782],[121.0225237,14.5560999],[121.0224935,14.5561188],[121.0218012,14.55657],[121.0217284,14.5566183],[121.0216992,14.5566557],[121.0216972,14.5567037],[121.02172,14.5567439],[121.0217831,14.5567959]]}},
{"type":"Feature","properties":{"@id":"way/673511480","foot":"yes","highway":"steps","layer":"-1","start_date":"2005-12-07","tunnel":"yes"},"geometry":{"type":"LineString","coordinates":[[121.0241468,14.554549],[121.0241518,14.5545604]]}},
{"type":"Feature","properties":{"@id":"way/673511481","foot":"yes","highway":"steps","start_date":"2005-12-07"},"geometry":{"type":"LineString","coordinates":[[121.024413,14.5543776],[121.0244666,14.5543789]]}},
{"type":"Feature","properties":{"@id":"way/673512557","bicycle":"no","bridge":"yes","highway":"footway","layer":"1","motor_vehicle":"no","name":"Ayala Center Pedestrian Link Bridge"},"geometry":{"type":"LineString","coordinates":[[121.0223587,14.5545935],[121.0223796,14.5546176],[121.02239,14.554629]]}},
{"type":"Feature","properties":{"@id":"way/699916380","highway":"residential","lanes":"2","lit":"yes","name":"Valero Access Road 1","oneway":"yes","oneway:bicycle":"yes","oneway:conditional":"no @ (Sa-Su, PH)","postal_code":"1227","surface":"asphalt"},"geometry":{"type":"LineString","coordinates":[[121.0255355,14.5588764],[121.0255153,14.5588987],[121.0254747,14.5590387],[121.0254393,14.5591933],[121.0254244,14.5592422],[121.0253955,14.5593375]]}},
{"type":"Feature","properties":{"@id":"way/700090225","highway":"service","lanes":"2","lit":"yes","name":"De la Rosa Access Road 2","oneway":"yes","postal_code":"1229","sidewalk":"both","surface":"asphalt"},"geometry":{"type":"LineString","coordinates":[[121.0189584,14.5573795],[121.0198961,14.5567679],[121.0201656,14.5565925]]}},
{"type":"Feature","properties":{"@id":"way/700090226","highway":"service","lanes":"2","lit":"yes","name":"De la Rosa Access Road 2","oneway":"yes","postal_code":"1229","sidewalk":"both","surface":"asphalt"},"geometry":{"type":"LineString","coordinates":[[121.0201656,14.5565925],[121.0200261,14.55639],[121.0199024,14.556212],[121.019853,14.5561422]]}},
{"type":"Feature","properties":{"@id":"way/700090227","highway":"service","lane_markings":"no","lanes":"2","lit":"yes","name":"Valero Access Road 3","oneway":"yes","oneway:bicycle":"yes","ownership":"private","postal_code":"1227","surface":"asphalt"},"geometry":{"type":"LineString","coordinates":[[121.0200578,14.5589759],[121.0197552,14.5585479]]}},
{"type":"Feature","properties":{"@id":"way/700325981","building":"yes"},"geometry":{"type":"Polygon","coordinates":[[[121.0226427,14.5553592],[121.0225609,14.5552355],[121.0224558,14.5553007],[121.0225375,14.5554243],[121.0226427,14.5553592]]]}},
{"type":"Feature","properties":{"@id":"way/700325983","building":"roof","layer":"1"},"geometry":{"type":"Polygon","coordinates":[[[121.0255216,14.5591201],[121.0257006,14.5592104],[121.0258648,14.5593421],[121.0259936,14.5594797],[121.0260599,14.5595787],[121.0261862,14.5597982],[121.0261335,14.5598266],[121.0260082,14.5596088],[121.0259457,14.5595155],[121.0258231,14.5593845],[121.0256671,14.5592595],[121.0255021,14.5591673],[121.0255216,14.5591201]]]}},
{"type":"Feature","properties":{"@id":"way/700325984","building":"roof","layer":"1"},"geometry":{"type":"Polygon","coordinates":[[[121.0262689,14.5597655],[121.0263185,14.5597394],[121.0260953,14.5593822],[121.0259656,14.5592307],[121.0257737,14.5590816],[121.0255635,14.5589575],[121.0255395,14.5590149],[121.0257393,14.5591297],[121.025923,14.5592725],[121.0260464,14.5594166],[121.0262689,14.5597655]]]}},
{"type":"Feature","properties":{"@id":"way/700325985","highway":"service","oneway":"yes","surface":"concrete"},"geometry":{"type":"LineString","coordinates":[[121.0254747,14.5590387],[121.0255435,14.5590713],[121.0258278,14.5592479],[121.0259163,14.5593296],[121.026084,14.5595295],[121.0262154,14.5597567],[121.0262418,14.559803]]}},
{"type":"Feature","properties":{"@id":"way/700325986","highway":"service","oneway":"yes","surface":"concrete"},"geometry":{"type":"LineString","coordinates":[[121.0254393,14.5591933],[121.025506,14.5592193],[121.0256817,14.5593218],[121.0258131,14.5594244],[121.0259633,14.559588],[121.0260989,14.559829]]}},
{"type":"Feature","properties":{"@id":"way/700357463","highway":"tertiary","lanes":"3","lit":"yes","name":"Valero Street","name:es":"Calle Valero","name:fil":"Kalye Valero","name:tl":"Kalye Valero","oneway":"yes","oneway:bicycle":"yes","parking:lane:left":"marked @ (Mo-Fr 10:00-17:00;Sa 07:00-17:00)","postal_code":"1227","sidewalk":"both","surface":"asphalt"},"geometry":{"type":"LineString","coordinates":[[121.0247834,14.5591466],[121.0248639,14.5591701],[121.0252766,14.5593011],[121.0253568,14.5593253],[121.0253955,14.5593375]]}},
{"type":"Feature","properties":{"@id":"way/700357466","highway":"service","lanes":"2","lit":"yes","mapillary":"524120828614320","name":"Valero Access Road 3","oneway":"yes","oneway:bicycle":"yes","ownership":"private","postal_code":"1227","surface":"asphalt"},"geometry":{"type":"LineString","coordinates":[[121.0219289,14.557774],[121.0218873,14.5579114],[121.0217763,14.5582787]]}},
{"type":"Feature","properties":{"@id":"way/700357467","highway":"service","name":"Valero Access Road 2","oneway":"yes","postal_code":"1227"},"geometry":{"type":"LineString","coordinates":[[121.0231568,14.5580839],[121.0229914,14.5585778],[121.0229752,14.5586261]]}},
{"type":"Feature","properties":{"@id":"way/700547994","amenity":"parking","building":"parking","parking":"multi-storey"},"geometry":{"type":"Polygon","coordinates":[[[121.0225964,14.5550623],[121.0230041,14.5548065],[121.0230417,14.5547313],[121.02322,14.5546196],[121.0233474,14.5548299],[121.0227064,14.555231],[121.0225964,14.5550623]]]}},
{"type":"Feature","properties":{"@id":"way/700547995","highway":"service","oneway":"yes","service":"driveway"},"geometry":{"type":"LineString","coordinates":[[121.0240008,14.5553092],[121.0242722,14.5551419],[121.0243215,14.5551497]]}},
{"type":"Feature","properties":{"@id":"way/700547996","highway":"service","oneway":"yes","service":"driveway"},"geometry":{"type":"LineString","coordinates":[[121.0245679,14.5556039],[121.0245538,14.5556315],[121.0245303,14.555651],[121.0242989,14.5557854]]}},
{"type":"Feature","properties":{"@id":"way/700684164","highway":"service"},"geometry":{"type":"LineString","coordinates":[[121.0229633,14.5582588],[121.0229163,14.5584236]]}},
{"type":"Feature","properties":{"@id":"way/700684166","access:lanes":"|||no","bicycle:lanes":"|||designated","bus:lanes":"||designated|no","cycleway:right":"lane","foot":"yes","highway":"secondary","lanes":"4","lit":"yes","motor_vehicle:conditional":"no @ (Su 06:00-10:00)","name":"Ayala Avenue","name:es":"Avenida Ayala","name:fil":"Abenida Ayala","name:tl":"Abenida Ayala","oneway":"yes","ownership":"private","postal_code":"1226","sidewalk":"separate","surface":"asphalt"},"geometry":{"type":"LineString","coordinates":[[121.0257646,14.5538453],[121.0247677,14.5545191]]}},
{"type":"Feature","properties":{"@id":"way/700684167","access:lanes":"|||no","bicycle:lanes":"|||designated","bus:lanes":"no|no|designated|no","cycleway:right":"lane","foot":"yes","highway":"secondary","lanes":"4","lit":"yes","motor_vehicle:conditional":"no @ (Su 06:00-10:00)","name":"Ayala Avenue","name:es":"Avenida Ayala","name:fil":"Abenida Ayala","name:tl":"Abenida Ayala","oneway":"yes","ownership":"private","postal_code":"1226","surface":"asphalt"},"geometry":{"type":"LineString","coordinates":[[121.024367,14.5547889],[121.0236975,14.5552304],[121.0228575,14.5557843]]}},
{"type":"Feature","properties":{"@id":"way/700691574","highway":"service","lit":"yes","maxspeed:type":"PH:urban","postal_code":"1229","surface":"asphalt"},"geometry":{"type":"LineString","coordinates":[[121.0228948,14.5548189],[121.0227111,14.5549424]]}},
{"type":"Feature","properties":{"@id":"way/700695449","highway":"secondary","lanes":"3","lit":"yes","motor_vehicle:conditional":"no @ (Su 06:00-10:00)","name":"Makati Avenue","name:es":"Avenida de Macati","name:fil":"Abenida Makati","name:tl":"Abenida Makati","oneway":"yes","ownership":"private","sidewalk":"right","surface":"asphalt"},"geometry":{"type":"LineString","coordinates":[[121.0247919,14.5553559],[121.0249687,14.5557072],[121.0252311,14.5562283]]}},
{"type":"Feature","properties":{"@id":"way/700695450","highway":"secondary","lanes":"4","lit":"yes","name":"Makati Avenue","name:es":"Avenida de Macati","name:fil":"Abenida Makati","name:tl":"Abenida Makati","oneway":"yes","ownership":"private","surface":"asphalt","turn:lanes":"left|through|through|right"},"geometry":{"type":"LineString","coordinates":[[121.0240684,14.553944],[121.0243961,14.5545741]]}},
{"type":"Feature","properties":{"@id":"way/700695451","highway":"secondary","lanes":"5","lit":"yes","motor_vehicle:conditional":"no @ (Su 06:00-10:00)","name":"Makati Avenue","name:es":"Avenida de Macati","name:fil":"Abenida Makati","name:tl":"Abenida Makati","oneway":"yes","ownership":"private","sidewalk:right":"separate","surface":"asphalt","turn:lanes":"left|left;through|through|through;right|right"},"geometry":{"type":"LineString","coordinates":[[121.024817,14.5556825],[121.0246892,14.5554398],[121.0246679,14.5553965],[121.024367,14.5547889]]}},
{"type":"Feature","properties":{"@id":"way/700695452","bus:lanes":"no|no|yes|designated|no","highway":"secondary","lanes":"5","lit":"yes","motor_vehicle:conditional":"no @ (Su 06:00-10:00)","name":"Ayala Avenue","name:es":"Avenida Ayala","name:fil":"Abenida Ayala","name:tl":"Abenida Ayala","oneway":"yes","ownership":"private","postal_code":"1226","surface":"asphalt","turn:lanes":"left|left;through|through|through|right"},"geometry":{"type":"LineString","coordinates":[[121.0247677,14.5545191],[121.024618,14.5546187],[121.024467,14.5547192]]}},
{"type":"Feature","properties":{"@id":"way/700696797","bicycle:lanes":"||||designated","bus:lanes":"no|||designated|no","cycleway:right":"lane","foot":"yes","highway":"secondary","lanes":"5","lanes:bus":"1","lit":"yes","motor_vehicle:conditional":"no @ (Su 06:00-10:00)","name":"Ayala Avenue","name:es":"Avenida Ayala","name:fil":"Abenida Ayala","name:tl":"Abenida Ayala","oneway":"yes","ownership":"private","postal_code":"1226","surface":"asphalt","turn:lanes":"left|through|through|through;right|right"},"geometry":{"type":"LineString","coordinates":[[121.0236816,14.5550429],[121.0239097,14.5548951]]}},
{"type":"Feature","properties":{"@id":"way/700702823","bicycle:lanes":"|||designated","bus:lanes":"||designated|no","change:lanes":"no|no|no|no","cycleway:right":"lane","foot":"yes","highway":"secondary","lanes":"4","lit":"yes","motor_vehicle:conditional":"no @ (Su 06:00-10:00)","name":"Ayala Avenue","name:es":"Avenida Ayala","name:fil":"Abenida Ayala","name:tl":"Abenida Ayala","oneway":"yes","ownership":"private","postal_code":"1226","sidewalk":"separate","surface":"asphalt","turn:lanes":"through|through|through|right"},"geometry":{"type":"LineString","coordinates":[[121.0259144,14.5535483],[121.026114,14.5533945],[121.0262585,14.5532821]]}},
{"type":"Feature","properties":{"@id":"way/700702824","bicycle:lanes":"|||designated","bus:lanes":"||designated|no","cycleway:right":"lane","foot":"yes","highway":"secondary","lanes":"4","lit":"yes","motor_vehicle:conditional":"no @ (Su 06:00-10:00)","name":"Ayala Avenue","name:es":"Avenida Ayala","name:fil":"Abenida Ayala","name:tl":"Abenida Ayala","oneway":"yes","ownership":"private","postal_code":"1226","sidewalk":"separate","surface":"asphalt"},"geometry":{"type":"LineString","coordinates":[[121.0256588,14.553744],[121.0259144,14.5535483]]}},
{"type":"Feature","properties":{"@id":"way/700702825","bicycle:lanes":"|||designated","bus:lanes":"||designated|no","cycleway:right":"lane","foot":"yes","highway":"secondary","lanes":"4","lit":"yes","motor_vehicle:conditional":"no @ (Su 06:00-10:00)","name":"Ayala Avenue","name:es":"Avenida Ayala","name:fil":"Abenida Ayala","name:tl":"Abenida Ayala","oneway":"yes","ownership":"private","postal_code":"1226","sidewalk":"separate","surface":"asphalt","turn:lanes":"|||right"},"geometry":{"type":"LineString","coordinates":[[121.0252611,14.5540097],[121.0256588,14.553744]]}},
{"type":"Feature","properties":{"@id":"way/700702826","access:lanes":"|||no","bicycle:lanes":"|||designated","bus:lanes":"||designated|no","cycleway:right":"lane","foot":"yes","highway":"secondary","lanes":"4","lit":"yes","motor_vehicle:conditional":"no @ (Su 06:00-10:00)","name":"Ayala Avenue","name:es":"Avenida Ayala","name:fil":"Abenida Ayala","name:tl":"Abenida Ayala","oneway":"yes","ownership":"private","postal_code":"1226","surface":"asphalt"},"geometry":{"type":"LineString","coordinates":[[121.0243961,14.5545741],[121.0244381,14.5545467],[121.0252611,14.5540097]]}},
{"type":"Feature","properties":{"@id":"way/700711762","access:lanes":"|||no","bicycle:lanes":"|||designated","bus:lanes":"||designated|no","cycleway:right":"lane","foot":"yes","highway":"secondary","lanes":"4","lit":"yes","motor_vehicle:conditional":"no @ (Su 06:00-10:00)","name":"Ayala Avenue","name:es":"Avenida Ayala","name:fil":"Abenida Ayala","name:tl":"Abenida Ayala","oneway":"yes","ownership":"private","postal_code":"1226","sidewalk":"separate","surface":"asphalt"},"geometry":{"type":"LineString","coordinates":[[121.0263484,14.5533848],[121.0257646,14.5538453]]}},
{"type":"Feature","properties":{"@id":"way/700877938","foot":"no","highway":"secondary","lanes":"3","lit":"yes","motor_vehicle:conditional":"no @ (Su 06:00-10:00)","name":"Paseo de Roxas","oneway":"yes","ownership":"private","postal_code":"1226","surface":"asphalt"},"geometry":{"type":"LineString","coordinates":[[121.0225452,14.5573005],[121.0223562,14.5572437]]}},
{"type":"Feature","properties":{"@id":"way/700877939","bus:lanes":"no|no|designated|no","foot":"yes","highway":"secondary","lanes":"4","lit":"yes","motor_vehicle:conditional":"no @ (Su 06:00-10:00)","name":"Ayala Avenue","name:es":"Avenida Ayala","name:fil":"Abenida Ayala","name:tl":"Abenida Ayala","oneway":"yes","ownership":"private","postal_code":"1226","surface":"asphalt","turn:lanes":"through|through|through|right"},"geometry":{"type":"LineString","coordinates":[[121.0219057,14.5564054],[121.0217068,14.5565322]]}},
{"type":"Feature","properties":{"@id":"way/700877940","access:lanes":"|||no","bicycle:lanes":"|||designated","bus:lanes":"no|no|designated|no","cycleway:right":"lane","foot":"yes","highway":"secondary","lanes":"4","lit":"yes","motor_vehicle:conditional":"no @ (Su 06:00-10:00)","name":"Ayala Avenue","name:es":"Avenida Ayala","name:fil":"Abenida Ayala","name:tl":"Abenida Ayala","oneway":"yes","ownership":"private","postal_code":"1226","surface":"asphalt","turn:lanes":"through|through|through|"},"geometry":{"type":"LineString","coordinates":[[121.0217068,14.5565322],[121.0215006,14.5566637],[121.0212886,14.556799]]}},
{"type":"Feature","properties":{"@id":"way/700886446","highway":"secondary","lanes":"4","lit":"yes","name":"Paseo de Roxas","oneway":"yes","ownership":"private","postal_code":"1226","sidewalk":"right","surface":"asphalt","turn:lanes":"left|left;through|right;through|right"},"geometry":{"type":"LineString","coordinates":[[121.0208196,14.5562348],[121.0211467,14.5566963]]}},
{"type":"Feature","properties":{"@id":"way/701516270","highway":"secondary","lanes":"4","lit":"yes","name":"Paseo de Roxas","oneway":"yes","ownership":"private","postal_code":"1226","sidewalk":"right","surface":"asphalt","turn:lanes":"through|through|through|through"},"geometry":{"type":"LineString","coordinates":[[121.0202728,14.5554606],[121.0203983,14.5556339],[121.020478,14.555741]]}},
{"type":"Feature","properties":{"@id":"way/701516271","highway":"tertiary","lane_markings":"yes","lanes":"4","lit":"yes","name":"Dela Rosa Street","name:es":"Calle de la Rosa","name:etymology":"Fabián Cueto de la Rosa","name:etymology:wikidata":"Q1888557","name:fil":"Kalye de la Rosa","name:tl":"Kalye de la Rosa","oneway":"yes","ownership":"private","sidewalk":"both","surface":"asphalt","turn:lanes":"left|left;through|right;through|right"},"geometry":{"type":"LineString","coordinates":[[121.0208115,14.5555361],[121.0205854,14.5556741],[121.0205654,14.555687],[121.020478,14.555741]]}},
{"type":"Feature","properties":{"@id":"way/701612812","highway":"tertiary","lanes":"4","lit":"yes","name":"Legazpi Street","name:es":"Calle Legazpi","name:fil":"Kalye Legazpi","name:tl":"Kalye Legazpi","oneway":"yes","ownership":"private","postal_code":"1229","sidewalk":"both","surface":"asphalt","turn:lanes":"left|left|left;right|right"},"geometry":{"type":"LineString","coordinates":[[121.0223644,14.5538125],[121.0225944,14.5539179],[121.0227463,14.5539937],[121.0227562,14.5539986],[121.0227836,14.5540147],[121.022872,14.5540693],[121.0229325,14.5541081]]}},
{"type":"Feature","properties":{"@id":"way/701612813","highway":"tertiary","lane_markings":"yes","lanes":"4","lanes:backward":"1","lanes:forward":"3","lit":"yes","name":"Dela Rosa Street","name:es":"Calle de la Rosa","name:etymology":"Fabián Cueto de la Rosa","name:etymology:wikidata":"Q1888557","name:fil":"Kalye de la Rosa","name:tl":"Kalye de la Rosa","ownership":"private","postal_code":"1229","sidewalk:left":"yes","sidewalk:right":"separate","surface":"asphalt"},"geometry":{"type":"LineString","coordinates":[[121.0229936,14.554053],[121.0229325,14.5541081]]}},
{"type":"Feature","properties":{"@id":"way/701612814","bridge":"yes","highway":"footway","layer":"1","name":"Ayala Center Pedestrian Link Bridge"},"geometry":{"type":"LineString","coordinates":[[121.0229267,14.5537197],[121.0229526,14.5537604],[121.0230974,14.5539897]]}},
{"type":"Feature","properties":{"@id":"way/701621703","highway":"tertiary","lane_markings":"yes","lanes":"4","lit":"yes","name":"Dela Rosa Street","name:es":"Calle de la Rosa","name:etymology":"Fabián Cueto de la Rosa","name:etymology:wikidata":"Q1888557","name:fil":"Kalye de la Rosa","name:tl":"Kalye de la Rosa","oneway":"yes","ownership":"private","sidewalk":"both","surface":"asphalt"},"geometry":{"type":"LineString","coordinates":[[121.0224088,14.5545055],[121.0223633,14.5545349],[121.0221637,14.5546639],[121.021957,14.5548039],[121.0219269,14.5548243]]}},
{"type":"Feature","properties":{"@id":"way/701644607","access:lanes":"|||no","bicycle:lanes":"|||designated","bus:lanes":"||designated|no","cycleway:right":"lane","foot":"yes","highway":"secondary","lanes":"4","lit":"yes","motor_vehicle:conditional":"no @ (Su 06:00-10:00)","name":"Ayala Avenue","name:es":"Avenida Ayala","name:fil":"Abenida Ayala","name:tl":"Abenida Ayala","oneway":"yes","ownership":"private","postal_code":"1226","surface":"asphalt","turn:lanes":"through|through||"},"geometry":{"type":"LineString","coordinates":[[121.0206336,14.5572157],[121.0201217,14.5575497],[121.0197373,14.557801]]}},
{"type":"Feature","properties":{"@id":"way/701644608","highway":"service","maxheight":"2.4 m","oneway":"yes","psv":"no","service":"driveway"},"geometry":{"type":"LineString","coordinates":[[121.0240008,14.5553092],[121.0239054,14.5552791],[121.0238614,14.5552839],[121.0238329,14.5552959],[121.0237333,14.5553577],[121.0237166,14.555368]]}},
{"type":"Feature","properties":{"@id":"way/701644609","access":"destination","highway":"service","maxheight":"2.4 m","oneway":"yes","service":"driveway"},"geometry":{"type":"LineString","coordinates":[[121.0237166,14.555368],[121.0228559,14.5559231]]}},
{"type":"Feature","properties":{"@id":"way/701644610","highway":"service","oneway":"yes","psv":"no"},"geometry":{"type":"LineString","coordinates":[[121.0236975,14.5552304],[121.0236837,14.5553057],[121.0236898,14.5553284],[121.0237043,14.5553531],[121.0237166,14.555368]]}},
{"type":"Feature","properties":{"@id":"way/701644611","access:lanes":"|||no","bicycle:lanes":"|||designated","bus:lanes":"||designated|no","cycleway:right":"lane","foot":"yes","highway":"secondary","lanes":"4","lit":"yes","motor_vehicle:conditional":"no @ (Su 06:00-10:00)","name":"Ayala Avenue","name:es":"Avenida Ayala","name:fil":"Abenida Ayala","name:tl":"Abenida Ayala","oneway":"yes","ownership":"private","postal_code":"1226","surface":"asphalt","turn:lanes":"through|through;right|through;right|"},"geometry":{"type":"LineString","coordinates":[[121.0230766,14.5554503],[121.0236816,14.5550429]]}},
{"type":"Feature","properties":{"@id":"way/701644612","bicycle:lanes":"|||designated","bus:lanes":"||designated|no","cycleway:right":"lane","foot":"yes","highway":"secondary","lanes":"4","lit":"yes","motor_vehicle:conditional":"no @ (Su 06:00-10:00)","name":"Ayala Avenue","name:es":"Avenida Ayala","name:fil":"Abenida Ayala","name:tl":"Abenida Ayala","oneway":"yes","ownership":"private","postal_code":"1226","surface":"asphalt"},"geometry":{"type":"LineString","coordinates":[[121.0211467,14.5566963],[121.0214869,14.5564729]]}},
{"type":"Feature","properties":{"@id":"way/701644613","highway":"footway"},"geometry":{"type":"LineString","coordinates":[[121.0238542,14.5548192],[121.0237553,14.554684]]}},
{"type":"Feature","properties":{"@id":"way/701644614","highway":"path"},"geometry":{"type":"LineString","coordinates":[[121.0236767,14.5546541],[121.0236641,14.5547632]]}},
{"type":"Feature","properties":{"@id":"way/701657357","highway":"tertiary","lane_markings":"yes","lanes":"4","lit":"yes","name":"Legazpi Street","name:es":"Calle Legazpi","name:fil":"Kalye Legazpi","name:tl":"Kalye Legazpi","oneway":"yes","ownership":"private","postal_code":"1229","sidewalk":"both","surface":"asphalt","turn:lanes":"through|through|through;right|right"},"geometry":{"type":"LineString","coordinates":[[121.0210815,14.5536503],[121.0213663,14.5536354],[121.0214372,14.5536371]]}},
{"type":"Feature","properties":{"@id":"way/701657358","crossing:markings":"surface","footway":"crossing","highway":"footway"},"geometry":{"type":"LineString","coordinates":[[121.0214224,14.5535293],[121.0214958,14.5535305]]}},
{"type":"Feature","properties":{"@id":"way/701657359","highway":"footway"},"geometry":{"type":"LineString","coordinates":[[121.0224889,14.5545265],[121.0229217,14.5542452],[121.0229847,14.5542198],[121.0230289,14.5542205],[121.0231,14.5542705],[121.023133,14.5542741]]}},
{"type":"Feature","properties":{"@id":"way/703427439","highway":"residential","lane_markings":"yes","lanes":"2","lit":"yes","name":"San Agustin Street","name:es":"Calle San Agustín","name:fil":"Kalye San Agustin","name:tl":"Kalye San Agustin","oneway":"yes","oneway:bicycle":"yes","ownership":"private","parking:both":"no","parking:both:restriction":"no_parking","postal_code":"1227","sidewalk":"both","surface":"asphalt"},"geometry":{"type":"LineString","coordinates":[[121.0222523,14.5589322],[121.0221889,14.5589178],[121.0217729,14.5588144],[121.0216649,14.5587994]]}},
{"type":"Feature","properties":{"@id":"way/703427440","highway":"residential","lanes":"2","lit":"yes","name":"San Agustin Street","name:es":"Calle San Agustín","name:fil":"Kalye San Agustin","name:tl":"Kalye San Agustin","oneway":"yes","oneway:bicycle":"yes","ownership":"private","parking:condition:left":"disc","parking:condition:left:maxstay":"3 h","parking:condition:left:time_interval":"Mo-Sa 07:00-17:00","parking:lane:left":"marked","postal_code":"1227","surface":"asphalt"},"geometry":{"type":"LineString","coordinates":[[121.0216649,14.5587994],[121.0214585,14.5587948],[121.0213802,14.5588018],[121.0211826,14.5588414],[121.0210363,14.5588934],[121.0209034,14.5589672],[121.0204558,14.5592523]]}},
{"type":"Feature","properties":{"@id":"way/704887554","access:lanes":"|||no","bicycle:lanes":"|||designated","bus:lanes":"no|no|designated|no","cycleway:right":"lane","foot":"yes","highway":"secondary","lanes":"4","lit":"yes","motor_vehicle:conditional":"no @ (Su 06:00-10:00)","name":"Ayala Avenue","name:es":"Avenida Ayala","name:fil":"Abenida Ayala","name:tl":"Abenida Ayala","oneway":"yes","ownership":"private","postal_code":"1226","surface":"asphalt","turn:lanes":"through|through|through;right|"},"geometry":{"type":"LineString","coordinates":[[121.0223853,14.5560892],[121.0219057,14.5564054]]}},
{"type":"Feature","properties":{"@id":"way/704887555","bicycle:lanes":"||||designated","bus:lanes":"no|||designated|no","change:lanes":"no|no|no|no|no","cycleway:right":"lane","foot":"yes","highway":"secondary","lanes":"5","lanes:bus":"1","lit":"yes","motor_vehicle:conditional":"no @ (Su 06:00-10:00)","name":"Ayala Avenue","name:es":"Avenida Ayala","name:fil":"Abenida Ayala","name:tl":"Abenida Ayala","oneway":"yes","ownership":"private","postal_code":"1226","surface":"asphalt","turn:lanes":"left|through|through|through|right"},"geometry":{"type":"LineString","coordinates":[[121.0239097,14.5548951],[121.0241506,14.5547361],[121.0242892,14.5546447]]}},
{"type":"Feature","properties":{"@id":"way/704902689","bicycle:lanes":"|||designated","bus:lanes":"||designated|no","cycleway:right":"lane","foot":"yes","highway":"secondary","lanes":"4","lit":"yes","motor_vehicle:conditional":"no @ (Su 06:00-10:00)","name":"Ayala Avenue","name:es":"Avenida Ayala","name:fil":"Abenida Ayala","name:tl":"Abenida Ayala","oneway":"yes","ownership":"private","postal_code":"1226","surface":"asphalt","turn:lanes":"through|through;right|through;right|"},"geometry":{"type":"LineString","coordinates":[[121.0205398,14.5570957],[121.0209392,14.5568325]]}},
{"type":"Feature","properties":{"@id":"way/704902690","bicycle:lanes":"|||designated","bus:lanes":"||designated|no","cycleway:right":"lane","foot":"yes","highway":"secondary","lanes":"4","lit":"yes","motor_vehicle:conditional":"no @ (Su 06:00-10:00)","name":"Ayala Avenue","name:es":"Avenida Ayala","name:fil":"Abenida Ayala","name:tl":"Abenida Ayala","oneway":"yes","ownership":"private","postal_code":"1226","surface":"asphalt","turn:lanes":"through|through||"},"geometry":{"type":"LineString","coordinates":[[121.0192349,14.5579445],[121.0200341,14.5574288],[121.0205398,14.5570957]]}},
{"type":"Feature","properties":{"@id":"way/704909390","highway":"service","surface":"concrete"},"geometry":{"type":"LineString","coordinates":[[121.0223175,14.5571018],[121.0224475,14.557009],[121.022526,14.5569529]]}},
{"type":"Feature","properties":{"@id":"way/704909391","highway":"secondary","lanes":"3","lit":"yes","motor_vehicle:conditional":"no @ (Su 06:00-10:00)","name":"Paseo de Roxas","oneway":"yes","ownership":"private","postal_code":"1226","surface":"asphalt"},"geometry":{"type":"LineString","coordinates":[[121.0223175,14.5571018],[121.0227765,14.5572353]]}},
{"type":"Feature","properties":{"@id":"way/705106530","bicycle":"no","foot":"yes","highway":"secondary","lanes":"2","lit":"yes","motor_vehicle:conditional":"no @ (Su 06:00-10:00)","name":"Ayala Avenue","name:es":"Avenida Ayala","name:fil":"Abenida Ayala","name:tl":"Abenida Ayala","oneway":"yes","ownership":"private","postal_code":"1226","surface":"asphalt","turn:lanes":"through|through"},"geometry":{"type":"LineString","coordinates":[[121.0214869,14.5564729],[121.021663,14.5564136],[121.0227797,14.5556792],[121.0229096,14.5555938],[121.0230766,14.5554503]]}},
{"type":"Feature","properties":{"@id":"way/705148056","highway":"unclassified","lanes":"2","lit":"yes","name":"Fonda Street","name:es":"Calle Fonda","name:fil":"Kale Fonda","name:tl":"Kalye Fonda","ownership":"private","psv":"no","sidewalk":"both","surface":"asphalt"},"geometry":{"type":"LineString","coordinates":[[121.0263019,14.5544983],[121.0262654,14.5544522],[121.026119,14.5542733],[121.0258424,14.5539425],[121.0257646,14.5538453]]}},
{"type":"Feature","properties":{"@id":"way/705238577","footway":"crossing","highway":"footway","surface":"concrete"},"geometry":{"type":"LineString","coordinates":[[121.0248571,14.5557589],[121.0249687,14.5557072]]}},
{"type":"Feature","properties":{"@id":"way/705241290","highway":"residential","lane_markings":"yes","lanes":"4","name":"Sedeño Street","name:es":"Calle Sedeño","name:fil":"Kalye Sedeño","name:tl":"Kalye Sedeño","oneway":"yes","oneway:bicycle":"yes","ownership":"private","postal_code":"1227","sidewalk":"both","surface":"asphalt","turn:lanes":"left|through|through|through"},"geometry":{"type":"LineString","coordinates":[[121.0223223,14.5586953],[121.022376,14.5585148],[121.0223788,14.5585011],[121.0223954,14.5584534]]}},
{"type":"Feature","properties":{"@id":"way/705241291","highway":"residential","lane_markings":"yes","lanes":"3","lanes:backward":"1","lanes:forward":"2","lit":"yes","name":"Sedeño Street","name:es":"Calle Sedeño","name:fil":"Kalye Sedeño","name:tl":"Kalye Sedeño","oneway":"no","ownership":"private","postal_code":"1227","sidewalk":"both","surface":"asphalt","turn:lanes:forward":"through|through;right"},"geometry":{"type":"LineString","coordinates":[[121.0221872,14.5591595],[121.0222363,14.5589874],[121.0222523,14.5589322]]}},
{"type":"Feature","properties":{"@id":"way/705241292","highway":"residential","lane_markings":"yes","lanes":"4","name":"Sedeño Street","name:es":"Calle Sedeño","name:fil":"Kalye Sedeño","name:tl":"Kalye Sedeño","oneway":"yes","oneway:bicycle":"yes","ownership":"private","postal_code":"1227","sidewalk":"both","surface":"asphalt","turn:lanes":"left|||"},"geometry":{"type":"LineString","coordinates":[[121.0222523,14.5589322],[121.0222631,14.558895],[121.0223223,14.5586953]]}},
{"type":"Feature","properties":{"@id":"way/705241293","highway":"residential","lane_markings":"yes","lanes":"3","name":"Sedeño Street","name:es":"Calle Sedeño","name:fil":"Kalye Sedeño","name:tl":"Kalye Sedeño","oneway":"yes","oneway:bicycle":"yes","ownership":"private","postal_code":"1227","sidewalk":"both","surface":"asphalt","turn:lanes":"left|left;right|right"},"geometry":{"type":"LineString","coordinates":[[121.0225007,14.5581209],[121.0227395,14.5573553]]}},
{"type":"Feature","properties":{"@id":"way/705241294","highway":"tertiary","lane_markings":"yes","lanes":"4","lit":"yes","name":"Valero Street","name:es":"Calle Valero","name:fil":"Kalye Valero","name:tl":"Kalye Valero","oneway":"yes","oneway:bicycle":"yes","parking:lane:left":"marked","postal_code":"1227","sidewalk":"both","surface":"asphalt","turn:lanes":"through|through|through;right|right"},"geometry":{"type":"LineString","coordinates":[[121.0221066,14.5583744],[121.022315,14.5584306],[121.0223954,14.5584534]]}},
{"type":"Feature","properties":{"@id":"way/705241295","highway":"tertiary","lane_markings":"yes","lanes":"4","lit":"yes","name":"Valero Street","name:es":"Calle Valero","name:fil":"Kalye Valero","name:tl":"Kalye Valero","oneway":"yes","oneway:bicycle":"yes","parking:lane:left":"marked @ (Mo-Fr 10:00-17:00;Sa 07:00-17:00)","postal_code":"1227","sidewalk":"both","surface":"asphalt"},"geometry":{"type":"LineString","coordinates":[[121.0217763,14.5582787],[121.0221066,14.5583744]]}},
{"type":"Feature","properties":{"@id":"way/705241296","highway":"tertiary","lane_markings":"yes","lanes":"4","lit":"yes","name":"Valero Street","name:es":"Calle Valero","name:fil":"Kalye Valero","name:tl":"Kalye Valero","oneway":"yes","oneway:bicycle":"yes","parking:lane:left":"marked @ (Mo-Fr 10:00-17:00;Sa 07:00-17:00)","postal_code":"1227","sidewalk":"both","surface":"asphalt"},"geometry":{"type":"LineString","coordinates":[[121.0223954,14.5584534],[121.0224545,14.5584713],[121.0225578,14.5585028],[121.0229077,14.5586061],[121.0229275,14.558612],[121.0229752,14.5586261],[121.0230506,14.5586479],[121.0241898,14.5589782],[121.0246898,14.5591194],[121.0247834,14.5591466]]}},
{"type":"Feature","properties":{"@id":"way/705249100","highway":"secondary","lanes":"3","lit":"yes","name":"Makati Avenue","name:es":"Avenida de Macati","name:fil":"Abenida Makati","name:tl":"Abenida Makati","oneway":"yes","ownership":"private","surface":"asphalt"},"geometry":{"type":"LineString","coordinates":[[121.0242892,14.5546447],[121.0238941,14.5538557]]}},
{"type":"Feature","properties":{"@id":"way/705361732","highway":"secondary","lane_markings":"yes","lanes":"4","lit":"yes","motor_vehicle:conditional":"no @ (Su 06:00-10:00)","name":"Paseo de Roxas","oneway":"yes","ownership":"private","postal_code":"1226","surface":"asphalt","turn:lanes":"left|left|through|through"},"geometry":{"type":"LineString","coordinates":[[121.0256685,14.558112],[121.0259533,14.5581987]]}},
{"type":"Feature","properties":{"@id":"way/705361735","highway":"residential","lanes":"3","lit":"yes","name":"Villar Street","name:es":"Calle Villar","name:fil":"Kalye Villar","name:tl":"Kalye Villar","oneway":"yes","oneway:bicycle":"yes","ownership":"private","parking:both":"no","parking:both:restriction":"no_parking","postal_code":"1227","sidewalk":"both","surface":"asphalt"},"geometry":{"type":"LineString","coordinates":[[121.0247834,14.5591466],[121.0247633,14.5592081],[121.0247177,14.5593633]]}},
{"type":"Feature","properties":{"@id":"way/705361736","footway":"crossing","highway":"footway"},"geometry":{"type":"LineString","coordinates":[[121.0259199,14.5582976],[121.0259533,14.5581987]]}},
{"type":"Feature","properties":{"@id":"way/705361737","highway":"secondary","lane_markings":"yes","lanes":"3","lit":"yes","name":"Paseo de Roxas","oneway":"yes","ownership":"private","postal_code":"1226","sidewalk:right":"separate","surface":"asphalt","turn:lanes":"left|through|through"},"geometry":{"type":"LineString","coordinates":[[121.0246688,14.5578183],[121.0249436,14.5578969],[121.0251573,14.557958]]}},
{"type":"Feature","properties":{"@id":"way/705361738","highway":"secondary","lanes":"3","lit":"yes","motor_vehicle:conditional":"no @ (Su 06:00-10:00)","name":"Paseo de Roxas","oneway":"yes","ownership":"private","postal_code":"1226","surface":"asphalt"},"geometry":{"type":"LineString","coordinates":[[121.0230451,14.557316],[121.0246688,14.5578183]]}},
{"type":"Feature","properties":{"@id":"way/705361739","foot":"no","highway":"tertiary","lanes":"3","motor_vehicle:conditional":"no @ (Su 06:00-10:00)","name":"Villar Street","name:es":"Calle Villar","name:fil":"Kalye Villar","name:tl":"Kalye Villar","oneway":"yes","ownership":"private","postal_code":"1227","psv":"no","surface":"asphalt"},"geometry":{"type":"LineString","coordinates":[[121.0251573,14.557958],[121.0251197,14.5580676]]}},
{"type":"Feature","properties":{"@id":"way/705361740","highway":"secondary","lane_markings":"yes","lanes":"3","lit":"yes","motor_vehicle:conditional":"no @ (Su 06:00-10:00)","name":"Paseo de Roxas","oneway":"yes","ownership":"private","postal_code":"1226","surface":"asphalt"},"geometry":{"type":"LineString","coordinates":[[121.0251197,14.5580676],[121.0230086,14.5574371]]}},
{"type":"Feature","properties":{"@id":"way/705361742","highway":"tertiary","lanes":"3","lit":"yes","name":"Villar Street","name:es":"Calle Villar","name:fil":"Kalye Villar","name:tl":"Kalye Villar","oneway":"yes","oneway:bicycle":"yes","ownership":"private","parking:both":"no","parking:both:restriction":"no_parking","postal_code":"1227","surface":"asphalt","turn:lanes":"through|through|through;right"},"geometry":{"type":"LineString","coordinates":[[121.0248919,14.5587936],[121.0248014,14.559089],[121.0247834,14.5591466]]}},
{"type":"Feature","properties":{"@id":"way/705361743","highway":"tertiary","lanes":"3","lit":"yes","name":"Villar Street","name:es":"Calle Villar","name:fil":"Kalye Villar","name:tl":"Kalye Villar","oneway":"yes","oneway:bicycle":"yes","ownership":"private","parking:both":"no","parking:both:restriction":"no_parking","postal_code":"1227","psv":"no","surface":"asphalt"},"geometry":{"type":"LineString","coordinates":[[121.0251197,14.5580676],[121.0250858,14.5581703],[121.0249386,14.5586439],[121.0248919,14.5587936]]}},
{"type":"Feature","properties":{"@id":"way/705363303","highway":"secondary","lanes":"3","lit":"yes","motor_vehicle:conditional":"no @ (Su 06:00-10:00)","name":"Makati Avenue","name:es":"Avenida de Macati","name:fil":"Abenida Makati","name:tl":"Abenida Makati","oneway":"yes","ownership":"private","surface":"asphalt"},"geometry":{"type":"LineString","coordinates":[[121.0261614,14.5582587],[121.0260599,14.5580886]]}},
{"type":"Feature","properties":{"@id":"way/705363304","highway":"secondary","lane_markings":"yes","lanes":"4","lit":"yes","motor_vehicle:conditional":"no @ (Su 06:00-10:00)","name":"Paseo de Roxas","oneway":"yes","ownership":"private","postal_code":"1226","surface":"asphalt","turn:lanes":"left|left|through|through"},"geometry":{"type":"LineString","coordinates":[[121.0259533,14.5581987],[121.0261614,14.5582587]]}},
{"type":"Feature","properties":{"@id":"way/705363305","highway":"secondary","lane_markings":"yes","lanes":"3","lit":"yes","motor_vehicle:conditional":"no @ (Su 06:00-10:00)","name":"Paseo de Roxas","oneway":"yes","ownership":"private","postal_code":"1226","surface":"asphalt"},"geometry":{"type":"LineString","coordinates":[[121.0262295,14.5583855],[121.0259199,14.5582976]]}},
{"type":"Feature","properties":{"@id":"way/705363306","highway":"secondary","lane_markings":"yes","lanes":"4","lit":"yes","motor_vehicle:conditional":"no @ (Su 06:00-10:00)","name":"Paseo de Roxas","oneway":"yes","ownership":"private","postal_code":"1226","sidewalk:right":"separate","surface":"asphalt","turn:lanes":"left|left|through|through;right"},"geometry":{"type":"LineString","coordinates":[[121.0254855,14.5580599],[121.0256685,14.558112]]}},
{"type":"Feature","properties":{"@id":"way/705363307","highway":"secondary","lane_markings":"yes","lanes":"3","lit":"yes","motor_vehicle:conditional":"no @ (Su 06:00-10:00)","name":"Paseo de Roxas","oneway":"yes","ownership":"private","postal_code":"1226","surface":"asphalt","turn:lanes":"through|through|through;right"},"geometry":{"type":"LineString","coordinates":[[121.0254593,14.5581648],[121.0251197,14.5580676]]}},
{"type":"Feature","properties":{"@id":"way/705369239","highway":"secondary","lane_markings":"yes","lanes":"3","lit":"yes","name":"Paseo de Roxas","oneway":"yes","ownership":"private","postal_code":"1226","sidewalk":"right","surface":"asphalt","turn:lanes":"through|through|through;right"},"geometry":{"type":"LineString","coordinates":[[121.0266624,14.5584104],[121.0272968,14.5586063]]}},
{"type":"Feature","properties":{"@id":"way/705369243","highway":"secondary","lane_markings":"yes","lanes":"3","lit":"yes","name":"Paseo de Roxas","oneway":"yes","ownership":"private","postal_code":"1226","sidewalk":"right","surface":"asphalt"},"geometry":{"type":"LineString","coordinates":[[121.0263032,14.5582998],[121.0265197,14.5583665],[121.0266624,14.5584104]]}},
{"type":"Feature","properties":{"@id":"way/705369245","highway":"secondary","lane_markings":"yes","lanes":"4","lit":"yes","name":"Paseo de Roxas","oneway":"yes","ownership":"private","postal_code":"1226","sidewalk":"right","surface":"asphalt","turn:lanes":"left|through|through|through;right"},"geometry":{"type":"LineString","coordinates":[[121.0272715,14.5586863],[121.0271116,14.5586368],[121.0267761,14.5585329]]}},
{"type":"Feature","properties":{"@id":"way/705369246","highway":"secondary","lanes":"3","lit":"yes","motor_vehicle:conditional":"no @ (Su 06:00-10:00)","name":"Makati Avenue","name:es":"Avenida de Macati","name:fil":"Abenida Makati","name:tl":"Abenida Makati","oneway":"yes","ownership":"private","surface":"asphalt"},"geometry":{"type":"LineString","coordinates":[[121.0260599,14.5580886],[121.025901,14.5578123]]}},
{"type":"Feature","properties":{"@id":"way/705369247","highway":"secondary","lanes":"4","lit":"yes","motor_vehicle:conditional":"no @ (Su 06:00-10:00)","name":"Makati Avenue","name:es":"Avenida de Macati","name:fil":"Abenida Makati","name:tl":"Abenida Makati","oneway":"yes","ownership":"private","surface":"asphalt","turn:lanes":"left|through|through|right"},"geometry":{"type":"LineString","coordinates":[[121.026191,14.5580845],[121.0263032,14.5582998]]}},
{"type":"Feature","properties":{"@id":"way/705369248","footway":"crossing","highway":"footway"},"geometry":{"type":"LineString","coordinates":[[121.0260599,14.5580886],[121.026128,14.5580865],[121.026191,14.5580845],[121.0262538,14.5580777]]}},
{"type":"Feature","properties":{"@id":"way/705369249","highway":"secondary","lanes":"4","lit":"yes","motor_vehicle:conditional":"no @ (Su 06:00-10:00)","name":"Makati Avenue","name:es":"Avenida de Macati","name:fil":"Abenida Makati","name:tl":"Abenida Makati","oneway":"yes","ownership":"private","surface":"asphalt","turn:lanes":"left|through|through|right"},"geometry":{"type":"LineString","coordinates":[[121.0260472,14.5578038],[121.026191,14.5580845]]}},
{"type":"Feature","properties":{"@id":"way/705369250","highway":"secondary","lanes":"4","lit":"yes","motor_vehicle:conditional":"no @ (Su 06:00-10:00)","name":"Makati Avenue","name:es":"Avenida de Macati","name:fil":"Abenida Makati","name:tl":"Abenida Makati","oneway":"yes","ownership":"private","surface":"asphalt"},"geometry":{"type":"LineString","coordinates":[[121.0258512,14.5574264],[121.0260472,14.5578038]]}},
{"type":"Feature","properties":{"@id":"way/705369251","highway":"secondary","lanes":"3","lit":"yes","name":"Makati Avenue","name:es":"Avenida de Macati","name:fil":"Abenida Makati","name:tl":"Abenida Makati","oneway":"yes","ownership":"private","sidewalk":"right","surface":"asphalt"},"geometry":{"type":"LineString","coordinates":[[121.0263689,14.5584257],[121.0264204,14.5585268],[121.0265646,14.558806]]}},
{"type":"Feature","properties":{"@id":"way/705369252","highway":"secondary","lane_markings":"yes","lanes":"4","lit":"yes","name":"Paseo de Roxas","oneway":"yes","ownership":"private","postal_code":"1226","surface":"asphalt","turn:lanes":"left|through|through|through"},"geometry":{"type":"LineString","coordinates":[[121.0267761,14.5585329],[121.0264956,14.5584623],[121.0263689,14.5584257]]}},
{"type":"Feature","properties":{"@id":"way/705369253","highway":"secondary","lanes":"4","lit":"yes","name":"Makati Avenue","name:es":"Avenida de Macati","name:fil":"Abenida Makati","name:tl":"Abenida Makati","oneway":"yes","ownership":"private","sidewalk":"right","surface":"asphalt","turn:lanes":"left|through|through|right"},"geometry":{"type":"LineString","coordinates":[[121.02679,14.5595287],[121.0263203,14.558564],[121.0262295,14.5583855]]}},
{"type":"Feature","properties":{"@id":"way/706054786","highway":"secondary","lanes":"3","lit":"yes","name":"Makati Avenue","name:es":"Avenida de Macati","name:fil":"Abenida Makati","name:tl":"Abenida Makati","oneway":"yes","ownership":"private","surface":"asphalt","turn:lanes":"through|through;right|right"},"geometry":{"type":"LineString","coordinates":[[121.0238941,14.5538557],[121.0237245,14.5535132]]}},
{"type":"Feature","properties":{"@id":"way/706054787","highway":"tertiary","lane_markings":"yes","lanes":"4","lanes:backward":"1","lanes:forward":"3","lit":"yes","name":"Dela Rosa Street","name:es":"Calle de la Rosa","name:etymology":"Fabián Cueto de la Rosa","name:etymology:wikidata":"Q1888557","name:fil":"Kalye de la Rosa","name:tl":"Kalye de la Rosa","ownership":"private","postal_code":"1229","sidewalk":"both","surface":"asphalt","turn:lanes:backward":"through","turn:lanes:forward":"left;through|through|through"},"geometry":{"type":"LineString","coordinates":[[121.023127,14.5538988],[121.0230481,14.5539868]]}},
{"type":"Feature","properties":{"@id":"way/706054788","highway":"tertiary","lanes":"4","lanes:backward":"1","lanes:forward":"3","lit":"yes","name":"Dela Rosa Street","name:es":"Calle de la Rosa","name:etymology":"Fabián Cueto de la Rosa","name:etymology:wikidata":"Q1888557","name:fil":"Kalye de la Rosa","name:tl":"Kalye de la Rosa","ownership":"private","postal_code":"1229","surface":"asphalt","turn:lanes:backward":"right"},"geometry":{"type":"LineString","coordinates":[[121.0237245,14.5535132],[121.0236396,14.5535604],[121.0235882,14.553589],[121.023468,14.5536559]]}},
{"type":"Feature","properties":{"@id":"way/706054789","highway":"tertiary","lane_markings":"yes","lanes":"4","lanes:backward":"1","lanes:forward":"3","lit":"yes","name":"Dela Rosa Street","name:es":"Calle de la Rosa","name:etymology":"Fabián Cueto de la Rosa","name:etymology:wikidata":"Q1888557","name:fil":"Kalye de la Rosa","name:tl":"Kalye de la Rosa","ownership":"private","postal_code":"1229","sidewalk":"both","surface":"asphalt","turn:lanes:backward":"through","turn:lanes:forward":"through|through|through;right"},"geometry":{"type":"LineString","coordinates":[[121.0230481,14.5539868],[121.0229936,14.554053]]}},
{"type":"Feature","properties":{"@id":"way/706054790","highway":"secondary","lanes":"3","lit":"yes","name":"Makati Avenue","name:es":"Avenida de Macati","name:fil":"Abenida Makati","name:tl":"Abenida Makati","oneway":"yes","ownership":"private","surface":"asphalt"},"geometry":{"type":"LineString","coordinates":[[121.0237245,14.5535132],[121.0236459,14.5533555],[121.0236174,14.553297]]}},
{"type":"Feature","properties":{"@id":"way/713111782","landuse":"construction","name":"The Estate Makati","operator":"ST 6747 Resources Corp","website":"http://www.estatemakati.com/","wikipedia":"en:The Estate Makati"},"geometry":{"type":"Polygon","coordinates":[[[121.0267742,14.5531817],[121.0270829,14.5529306],[121.0275136,14.553391],[121.0271931,14.5536863],[121.0267742,14.5531817]]]}},
{"type":"Feature","properties":{"@id":"way/713111784","access":"destination","highway":"residential","lit":"yes","name":"Fonda Street","sidewalk":"both","surface":"asphalt"},"geometry":{"type":"LineString","coordinates":[[121.0263165,14.5545192],[121.026313,14.554514]]}},
{"type":"Feature","properties":{"@id":"way/713186705","addr:city":"Makati","addr:housename":"Makati Tuscany","landuse":"residential","name":"Makati Tuscany","wikipedia":"en:Makati Tuscany"},"geometry":{"type":"Polygon","coordinates":[[[121.0263437,14.5535315],[121.0259204,14.5538895],[121.0263347,14.55441],[121.0267881,14.5540406],[121.0263437,14.5535315]]]}},
{"type":"Feature","properties":{"@id":"way/722100181","check_date":"2025-12-08","check_date:surface":"2025-12-08","crossing":"marked","footway":"crossing","highway":"footway","mapillary":"135862018564363","source:geometry":"Mapillary 2018-02-06","surface":"asphalt"},"geometry":{"type":"LineString","coordinates":[[121.0203254,14.5556802],[121.0203983,14.5556339]]}},
{"type":"Feature","properties":{"@id":"way/735371142","foot":"no","highway":"service","lanes":"1","name":"Greenbelt 5 Parking","ramp":"down","surface":"paving_stones"},"geometry":{"type":"LineString","coordinates":[[121.0228876,14.5538802],[121.022907,14.5538941]]}},
{"type":"Feature","properties":{"@id":"way/747964117","footway":"crossing","highway":"footway"},"geometry":{"type":"LineString","coordinates":[[121.0246701,14.5591792],[121.0247633,14.5592081],[121.0248433,14.5592328],[121.0248639,14.5591701],[121.0248824,14.5591141],[121.0248014,14.559089],[121.0247093,14.5590605],[121.0246898,14.5591194],[121.0246701,14.5591792]]}},
{"type":"Feature","properties":{"@id":"way/747964120","footway":"crossing","highway":"footway"},"geometry":{"type":"LineString","coordinates":[[121.0265697,14.5586019],[121.0266201,14.5586365],[121.026645,14.5586549]]}},
{"type":"Feature","properties":{"@id":"way/747964121","footway":"sidewalk","highway":"footway"},"geometry":{"type":"LineString","coordinates":[[121.0264829,14.558513],[121.0265127,14.558538]]}},
{"type":"Feature","properties":{"@id":"way/747964122","footway":"sidewalk","highway":"footway","surface":"paving_stones"},"geometry":{"type":"LineString","coordinates":[[121.0265332,14.558309],[121.0262538,14.5580777]]}},
{"type":"Feature","properties":{"@id":"way/747964123","footway":"sidewalk","highway":"footway"},"geometry":{"type":"LineString","coordinates":[[121.0265006,14.5585769],[121.0265015,14.5585559],[121.0265127,14.558538],[121.0265333,14.5585269],[121.0265569,14.5585279],[121.0265765,14.5585405],[121.0265865,14.5585611],[121.026584,14.5585838],[121.0265697,14.5586019],[121.0265497,14.55861],[121.0265281,14.5586077],[121.0265103,14.5585957],[121.0265006,14.5585769]]}},
{"type":"Feature","properties":{"@id":"way/747964124","footway":"sidewalk","highway":"footway"},"geometry":{"type":"LineString","coordinates":[[121.0259404,14.5580821],[121.0259805,14.5581029]]}},
{"type":"Feature","properties":{"@id":"way/747964125","footway":"sidewalk","highway":"footway"},"geometry":{"type":"LineString","coordinates":[[121.0258852,14.55808],[121.0258758,14.5580688],[121.0258709,14.5580552],[121.025871,14.5580408],[121.025876,14.5580273],[121.0258849,14.5580167],[121.0258967,14.5580093],[121.0259103,14.558006],[121.0259244,14.558007],[121.0259373,14.5580123],[121.0259479,14.5580213],[121.025955,14.5580331],[121.0259578,14.5580464],[121.0259561,14.5580599],[121.0259501,14.5580722],[121.0259404,14.5580821],[121.0259272,14.5580886],[121.0259124,14.5580905],[121.0258978,14.5580876],[121.0258852,14.55808]]}},
{"type":"Feature","properties":{"@id":"way/747964126","footway":"crossing","highway":"footway"},"geometry":{"type":"LineString","coordinates":[[121.0258186,14.5579745],[121.0258513,14.5580022],[121.025876,14.5580273]]}},
{"type":"Feature","properties":{"@id":"way/747964127","footway":"crossing","highway":"footway"},"geometry":{"type":"LineString","coordinates":[[121.0259533,14.5581987],[121.0259805,14.5581029],[121.0260599,14.5580886]]}},
{"type":"Feature","properties":{"@id":"way/747964128","footway":"crossing","highway":"footway"},"geometry":{"type":"LineString","coordinates":[[121.0262544,14.5585885],[121.0263203,14.558564],[121.0264204,14.5585268],[121.0264829,14.558513],[121.0264956,14.5584623],[121.0265197,14.5583665],[121.0265332,14.558309]]}},
{"type":"Feature","properties":{"@id":"way/747975717","footway":"crossing","highway":"footway"},"geometry":{"type":"LineString","coordinates":[[121.0221746,14.5589721],[121.0222363,14.5589874],[121.022297,14.5590024],[121.0223108,14.5589502],[121.0223215,14.5589094],[121.0222631,14.558895],[121.0221991,14.5588792],[121.0221889,14.5589178],[121.0221746,14.5589721]]}},
{"type":"Feature","properties":{"@id":"way/747975718","footway":"crossing","highway":"footway"},"geometry":{"type":"LineString","coordinates":[[121.0223003,14.5584788],[121.0223788,14.5585011],[121.0224405,14.5585183],[121.0224545,14.5584713],[121.0224895,14.5583574],[121.0224312,14.5583406],[121.0223506,14.558317],[121.022315,14.5584306],[121.0223003,14.5584788]]}},
{"type":"Feature","properties":{"@id":"way/749318776","highway":"secondary","lanes":"3","lit":"yes","motor_vehicle:conditional":"no @ (Su 06:00-10:00)","name":"Makati Avenue","name:es":"Avenida de Macati","name:fil":"Abenida Makati","name:tl":"Abenida Makati","oneway":"yes","ownership":"private","sidewalk:right":"separate","surface":"asphalt"},"geometry":{"type":"LineString","coordinates":[[121.025901,14.5578123],[121.0251881,14.5564101]]}},
{"type":"Feature","properties":{"@id":"way/749318777","footway":"crossing","highway":"footway"},"geometry":{"type":"LineString","coordinates":[[121.0251881,14.5564101],[121.0252976,14.5563568],[121.0253926,14.5563104]]}},
{"type":"Feature","properties":{"@id":"way/749318778","footway":"crossing","highway":"footway"},"geometry":{"type":"LineString","coordinates":[[121.0252833,14.5560936],[121.0253261,14.5561798],[121.0253926,14.5563104]]}},
{"type":"Feature","properties":{"@id":"way/749338995","footway":"crossing","highway":"footway","surface":"asphalt"},"geometry":{"type":"LineString","coordinates":[[121.0211128,14.5554527],[121.0211843,14.5554056],[121.0212244,14.5553778]]}},
{"type":"Feature","properties":{"@id":"way/749338996","footway":"crossing","highway":"footway"},"geometry":{"type":"LineString","coordinates":[[121.0214561,14.5550322],[121.0214805,14.5550169],[121.0215083,14.5549997]]}},
{"type":"Feature","properties":{"@id":"way/749338997","footway":"crossing","highway":"footway"},"geometry":{"type":"LineString","coordinates":[[121.0217459,14.5548441],[121.0217951,14.5549106],[121.021817,14.5549395]]}},
{"type":"Feature","properties":{"@id":"way/749338998","footway":"crossing","highway":"footway"},"geometry":{"type":"LineString","coordinates":[[121.0219011,14.5548412],[121.0218509,14.5547706],[121.0218789,14.5547519],[121.0219067,14.5547334],[121.021957,14.5548039]]}},
{"type":"Feature","properties":{"@id":"way/749338999","footway":"crossing","highway":"footway","surface":"asphalt"},"geometry":{"type":"LineString","coordinates":[[121.0224889,14.5545265],[121.0224726,14.5545008],[121.0224564,14.5544747],[121.0224258,14.5544266],[121.0223769,14.5544579],[121.0223305,14.5544876]]}},
{"type":"Feature","properties":{"@id":"way/749370413","footway":"sidewalk","highway":"footway","surface":"paving_stones"},"geometry":{"type":"LineString","coordinates":[[121.0202189,14.5558207],[121.0202453,14.5557979],[121.0202951,14.5557062],[121.0203254,14.5556802]]}},
{"type":"Feature","properties":{"@id":"way/749370414","footway":"crossing","highway":"footway","surface":"asphalt"},"geometry":{"type":"LineString","coordinates":[[121.0202955,14.5559326],[121.0202602,14.5558792],[121.0202189,14.5558207]]}},
{"type":"Feature","properties":{"@id":"way/749370415","footway":"sidewalk","highway":"footway","noname":"yes","surface":"paving_stones"},"geometry":{"type":"LineString","coordinates":[[121.0205654,14.555687],[121.0204956,14.555589]]}},
{"type":"Feature","properties":{"@id":"way/749370416","check_date":"2025-12-08","check_date:surface":"2025-12-08","footway":"sidewalk","highway":"footway","mapillary":"135862018564363","source:geometry":"Mapillary 2018-02-06","surface":"paving_stones"},"geometry":{"type":"LineString","coordinates":[[121.0203983,14.5556339],[121.0204956,14.555589]]}},
{"type":"Feature","properties":{"@id":"way/749370417","footway":"crossing","highway":"footway","noname":"yes","surface":"asphalt"},"geometry":{"type":"LineString","coordinates":[[121.0205975,14.5557344],[121.0205654,14.555687]]}},
{"type":"Feature","properties":{"@id":"way/750019367","footway":"sidewalk","highway":"footway","noname":"yes"},"geometry":{"type":"LineString","coordinates":[[121.0200073,14.555964],[121.0202189,14.5558207]]}},
{"type":"Feature","properties":{"@id":"way/750019369","footway":"crossing","highway":"footway","noname":"yes"},"geometry":{"type":"LineString","coordinates":[[121.0199799,14.555982],[121.0199932,14.5559728],[121.0200073,14.555964]]}},
{"type":"Feature","properties":{"@id":"way/750321719","highway":"footway"},"geometry":{"type":"LineString","coordinates":[[121.0212306,14.5565669],[121.0223302,14.5558158],[121.0227048,14.5555691],[121.0230437,14.5553459],[121.0238542,14.5548192],[121.0241497,14.5546272],[121.0241615,14.5545827]]}},
{"type":"Feature","properties":{"@id":"way/750321720","footway":"crossing","highway":"footway","surface":"asphalt"},"geometry":{"type":"LineString","coordinates":[[121.0228893,14.5541464],[121.0227276,14.5540481],[121.0227562,14.5539986],[121.02282,14.5539197]]}},
{"type":"Feature","properties":{"@id":"way/777918857","addr:city":"Makati City","addr:street":"Ayala Avenue","leisure":"park","name":"Ayala Triangle Gardens","opening_hours":"24/7","wikidata":"Q20311724"},"geometry":{"type":"Polygon","coordinates":[[[121.024315,14.554881],[121.025097,14.5564136],[121.0235555,14.5573651],[121.021405,14.5567771],[121.024315,14.554881]]]}},
{"type":"Feature","properties":{"@id":"way/777918858","leisure":"park"},"geometry":{"type":"Polygon","coordinates":[[[121.0260015,14.5581169],[121.0258173,14.558068],[121.0259041,14.5579239],[121.0260015,14.5581169]]]}},
{"type":"Feature","properties":{"@id":"way/777918859","addr:city":"Makati City","leisure":"park","name":"Sultan Kudarat Monument Park","opening_hours":"24/7"},"geometry":{"type":"Polygon","coordinates":[[[121.0258015,14.5580762],[121.0260156,14.558125],[121.0259094,14.5579049],[121.0258015,14.5580762]]]}},
{"type":"Feature","properties":{"@id":"way/777918860","addr:city":"Makati City","leisure":"park","name":"General Pio Del Pilar Monument Park","opening_hours":"24/7"},"geometry":{"type":"Polygon","coordinates":[[[121.0265314,14.5586706],[121.0266535,14.558537],[121.0264367,14.5584753],[121.0265314,14.5586706]]]}},
{"type":"Feature","properties":{"@id":"way/866152577","area":"yes"},"geometry":{"type":"Polygon","coordinates":[[[121.0231731,14.5540531],[121.0232435,14.5541527],[121.0232651,14.5541405],[121.0233247,14.5542191],[121.0233463,14.5542051],[121.0233835,14.5542578],[121.0234065,14.554244],[121.0234347,14.5542819],[121.0234455,14.5542741],[121.0234587,14.5542898],[121.0234437,14.554302],[121.0235457,14.5544382],[121.0238921,14.5542103],[121.0238037,14.5540785],[121.0237878,14.5540882],[121.0237731,14.5540694],[121.0237893,14.5540575],[121.0237415,14.5539894],[121.0237694,14.5539719],[121.0237128,14.553896],[121.0237379,14.5538785],[121.0236881,14.5538154],[121.0237079,14.5538025],[121.0236612,14.5537344],[121.0231731,14.5540531]]]}},
{"type":"Feature","properties":{"@id":"way/907774740","bicycle":"no","crossing":"uncontrolled","crossing_ref":"zebra","foot":"private","footway":"crossing","highway":"footway","note":"access limited to wheelchair users, elderly and pregnant persons","opening_hours":"Mo-Su 07:00-20:00","wheelchair":"yes"},"geometry":{"type":"LineString","coordinates":[[121.0199948,14.5573746],[121.0200341,14.5574288],[121.0201217,14.5575497],[121.0201661,14.5576111]]}},
{"type":"Feature","properties":{"@id":"way/914505605","architect":"Skidmore, Owings & Merrill","building":"office","building:colour":"dodgerblue","building:levels":"40","building:material":"glass","height":"194.6","name":"Ayala Triangle Gardens Tower 2","start_date":"2021"},"geometry":{"type":"Polygon","coordinates":[[[121.0253722,14.5574193],[121.025288,14.5573444],[121.0252531,14.5573231],[121.0252311,14.5573194],[121.0252068,14.5573349],[121.0251931,14.557365],[121.0251992,14.5574575],[121.0252918,14.557666],[121.0253676,14.5577747],[121.0254693,14.5578936],[121.0255649,14.5579729],[121.0256195,14.5578775],[121.0257045,14.5579436],[121.0257424,14.5579656],[121.0257712,14.5579612],[121.0257796,14.557934],[121.0257788,14.5578599],[121.0257121,14.5576866],[121.0256241,14.5575441],[121.0255133,14.5573958],[121.0254253,14.5573209],[121.0253722,14.5574193]]]}},
{"type":"Feature","properties":{"@id":"way/914506294","building":"construction","building:levels":"57","construction":"residential","height":"217","name":"South Tower"},"geometry":{"type":"Polygon","coordinates":[[[121.0268475,14.5587269],[121.0268068,14.5588578],[121.0269074,14.5588871],[121.02687,14.5590072],[121.0274107,14.5591648],[121.0274513,14.5590343],[121.0273485,14.5590043],[121.027386,14.5588836],[121.0268475,14.5587269]]]}},
{"type":"Feature","properties":{"@id":"way/915414178","highway":"footway"},"geometry":{"type":"LineString","coordinates":[[121.0233387,14.5535195],[121.0233736,14.553476]]}},
{"type":"Feature","properties":{"@id":"way/915414179","covered":"yes","highway":"footway"},"geometry":{"type":"LineString","coordinates":[[121.0231931,14.5534607],[121.0233387,14.5535195]]}},
{"type":"Feature","properties":{"@id":"way/925586942","highway":"service","service":"driveway"},"geometry":{"type":"LineString","coordinates":[[121.025682,14.5582288],[121.0256639,14.5582903],[121.02563,14.558405]]}},
{"type":"Feature","properties":{"@id":"way/925600227","architect":"Skidmore, Owings & Merrill","building":"hotel","building:colour":"dodgerblue","building:levels":"23","building:material":"glass","height":"86","name":"Mandarin Oriental Hotel","operator":"Ayala Land Hotels and Resorts Corp.","start_date":"2021"},"geometry":{"type":"Polygon","coordinates":[[[121.024967,14.5576069],[121.0250129,14.5574994],[121.0250793,14.5575007],[121.025023,14.5573807],[121.0249606,14.5572784],[121.0248534,14.5571203],[121.0247271,14.5569721],[121.0246914,14.5571265],[121.0246226,14.5571324],[121.0246972,14.5572658],[121.0247911,14.5574011],[121.0248841,14.5575189],[121.024967,14.5576069]]]}},
{"type":"Feature","properties":{"@id":"way/928223227","highway":"service"},"geometry":{"type":"LineString","coordinates":[[121.0208858,14.5580859],[121.0209247,14.5580617],[121.0210369,14.5579921]]}},
{"type":"Feature","properties":{"@id":"way/1061369047","building:levels":"38","building:part":"yes","height":"140"},"geometry":{"type":"Polygon","coordinates":[[[121.0235381,14.5588705],[121.0233856,14.5588233],[121.0233788,14.5588437],[121.0233572,14.558837],[121.0233332,14.5589097],[121.023393,14.5589282],[121.0233647,14.5590138],[121.0233094,14.5589967],[121.0232858,14.5590681],[121.0233014,14.5590729],[121.0232961,14.5590891],[121.0234704,14.559143],[121.0234744,14.5591308],[121.0234934,14.5591366],[121.0235208,14.5590536],[121.0234594,14.5590346],[121.0234856,14.5589554],[121.0235482,14.5589747],[121.0235726,14.5589007],[121.0235323,14.5588882],[121.0235381,14.5588705]]]}},
{"type":"Feature","properties":{"@id":"way/1061369048","building:levels":"30","building:part":"yes","height":"104.9"},"geometry":{"type":"Polygon","coordinates":[[[121.0227971,14.559154],[121.0225785,14.5591007],[121.0225511,14.5592062],[121.0226079,14.55922],[121.0225846,14.5593095],[121.0225243,14.5592948],[121.0224961,14.5594031],[121.0227158,14.5594567],[121.0227455,14.5593427],[121.022713,14.5593347],[121.0227335,14.559256],[121.0227683,14.5592645],[121.0227971,14.559154]]]}},
{"type":"Feature","properties":{"@id":"way/1061369050","building:colour":"midnightblue","building:levels":"15","building:material":"glass","building:part":"yes","height":"56.1"},"geometry":{"type":"Polygon","coordinates":[[[121.0248864,14.5581114],[121.0247496,14.5585287],[121.0245766,14.5584742],[121.0247201,14.558064],[121.0248864,14.5581114]]]}},
{"type":"Feature","properties":{"@id":"way/1061369051","building:colour":"dodgerblue","building:levels":"30","building:material":"glass","building:part":"yes","height":"112.2"},"geometry":{"type":"Polygon","coordinates":[[[121.0236169,14.5580764],[121.0238195,14.558137],[121.0238055,14.5581805],[121.0239233,14.5582158],[121.0240408,14.5578476],[121.0237205,14.5577518],[121.0236169,14.5580764]]]}},
{"type":"Feature","properties":{"@id":"way/1061369052","building:levels":"6","building:part":"yes"},"geometry":{"type":"Polygon","coordinates":[[[121.0232172,14.5576558],[121.0228519,14.5575477],[121.0227817,14.5577701],[121.0228353,14.557786],[121.0228055,14.5578803],[121.0230518,14.5579532],[121.0230841,14.5578508],[121.0231422,14.557868],[121.0231986,14.5576893],[121.0232059,14.5576915],[121.0232172,14.5576558]]]}},
{"type":"Feature","properties":{"@id":"way/1061369067","building:colour":"silver","building:levels":"20","building:material":"concrete","building:part":"yes","height":"78.9"},"geometry":{"type":"Polygon","coordinates":[[[121.0254641,14.5587694],[121.0255765,14.5584056],[121.0253438,14.5583382],[121.0253092,14.5584501],[121.0251624,14.5584076],[121.0251211,14.5585412],[121.0252065,14.5585659],[121.0252011,14.5585832],[121.0251695,14.558574],[121.0251383,14.5586751],[121.0254641,14.5587694]]]}},
{"type":"Feature","properties":{"@id":"way/1061369087","building:levels":"35","building:part":"yes","height":"130.9"},"geometry":{"type":"Polygon","coordinates":[[[121.022027,14.5584065],[121.0218005,14.5583636],[121.021726,14.5587315],[121.0219526,14.5587744],[121.022027,14.5584065]]]}},
{"type":"Feature","properties":{"@id":"way/1061369089","building":"construction","building:levels":"46","construction":"residential","height":"149","name":"The Gentry Residences"},"geometry":{"type":"Polygon","coordinates":[[[121.0204221,14.5581656],[121.020656,14.5580215],[121.0206837,14.5580637],[121.0207193,14.5580417],[121.0208507,14.5582415],[121.020805,14.5582696],[121.0208319,14.5583105],[121.020608,14.5584484],[121.0204221,14.5581656]]]}},
{"type":"Feature","properties":{"@id":"way/1061369090","building":"construction","building:levels":"23","building:material":"glass","construction":"office","height":"86.3","name":"The Gentry Corporate Plaza"},"geometry":{"type":"Polygon","coordinates":[[[121.0202782,14.5582811],[121.0199666,14.5584796],[121.0201618,14.5587667],[121.0204734,14.5585681],[121.0202782,14.5582811]]]}},
{"type":"Feature","properties":{"@id":"way/1061945429","building:part":"yes","height":"153","roof:height":"10","roof:shape":"pyramidal"},"geometry":{"type":"Polygon","coordinates":[[[121.0221276,14.5541252],[121.022187,14.5539362],[121.0219839,14.5538763],[121.0219244,14.5540653],[121.0221276,14.5541252]]]}},
{"type":"Feature","properties":{"@id":"way/1061945430","building:levels":"37","building:part":"yes","height":"138.75"},"geometry":{"type":"Polygon","coordinates":[[[121.022203,14.553893],[121.0221206,14.5541567],[121.0219125,14.5540958],[121.0219949,14.5538321],[121.022203,14.553893]]]}},
{"type":"Feature","properties":{"@id":"way/1061945431","building:levels":"28","building:part":"yes","height":"104.7"},"geometry":{"type":"Polygon","coordinates":[[[121.0213457,14.5550674],[121.0212859,14.5549799],[121.0212739,14.5549856],[121.0212523,14.5549879],[121.0209218,14.5550561],[121.0209835,14.5551553],[121.0209593,14.5551708],[121.0210278,14.5552711],[121.0213457,14.5550674]]]}},
{"type":"Feature","properties":{"@id":"way/1061945432","building:levels":"41","building:material":"glass","building:min_level":"33","building:part":"yes","height":"143.5","min_height":"115.5"},"geometry":{"type":"Polygon","coordinates":[[[121.0265667,14.5536236],[121.0265199,14.5535701],[121.0264916,14.5535934],[121.0265384,14.5536469],[121.0265667,14.5536236]]]}},
{"type":"Feature","properties":{"@id":"way/1061945433","building:levels":"64","building:material":"glass","building:min_level":"57","building:part":"yes","height":"224","min_height":"199.5"},"geometry":{"type":"Polygon","coordinates":[[[121.0264916,14.5535934],[121.0265199,14.5535701],[121.0265667,14.5536236],[121.0265384,14.5536469],[121.0264916,14.5535934]]]}},
{"type":"Feature","properties":{"@id":"way/1061945434","building:colour":"lightyellow","building:levels":"67","building:material":"concrete","building:min_level":"61","building:part":"yes","height":"234.5","min_height":"213.5"},"geometry":{"type":"Polygon","coordinates":[[[121.0265908,14.553512],[121.0265383,14.5535551],[121.0265263,14.5535413],[121.0265788,14.5534983],[121.0265908,14.553512]]]}},
{"type":"Feature","properties":{"@id":"way/1061945435","building:colour":"lightyellow","building:levels":"64","building:material":"concrete","building:min_level":"15","building:part":"yes","height":"224","min_height":"63"},"geometry":{"type":"Polygon","coordinates":[[[121.0269014,14.5534737],[121.0269298,14.5534505],[121.0268806,14.5533943],[121.0268522,14.5534175],[121.0267911,14.5533477],[121.0267331,14.5533953],[121.0266092,14.5534969],[121.02656,14.5534408],[121.0264708,14.553514],[121.0265199,14.5535701],[121.0265667,14.5536236],[121.026581,14.5536399],[121.0265527,14.5536632],[121.0266019,14.5537194],[121.0266302,14.5536961],[121.0267194,14.553623],[121.0268433,14.5535214],[121.0268925,14.5535776],[121.0269506,14.5535299],[121.0269014,14.5534737]]]}},
{"type":"Feature","properties":{"@id":"way/1061945436","building:colour":"lightyellow","building:levels":"68","building:material":"concrete","building:part":"yes","height":"250"},"geometry":{"type":"Polygon","coordinates":[[[121.0266302,14.5536961],[121.0267194,14.553623],[121.0268433,14.5535214],[121.0269014,14.5534737],[121.0268522,14.5534175],[121.0267911,14.5533477],[121.0267331,14.5533953],[121.0266092,14.5534969],[121.0265908,14.553512],[121.0265383,14.5535551],[121.0265199,14.5535701],[121.0265667,14.5536236],[121.026581,14.5536399],[121.0266302,14.5536961]]]}},
{"type":"Feature","properties":{"@id":"way/1061945437","building:levels":"18","building:part":"yes","height":"63"},"geometry":{"type":"Polygon","coordinates":[[[121.0268925,14.5535776],[121.0268433,14.5535214],[121.0269014,14.5534737],[121.0269506,14.5535299],[121.0270073,14.5534835],[121.0267986,14.5532451],[121.026742,14.5532915],[121.0267911,14.5533477],[121.0267331,14.5533953],[121.0266839,14.5533392],[121.02656,14.5534408],[121.0266092,14.5534969],[121.0265908,14.553512],[121.0265383,14.5535551],[121.0265199,14.5535701],[121.0264708,14.553514],[121.0264188,14.5535566],[121.0266274,14.553795],[121.0266794,14.5537523],[121.0266302,14.5536961],[121.0267194,14.553623],[121.0267686,14.5536792],[121.0268925,14.5535776]]]}},
{"type":"Feature","properties":{"@id":"way/1061945438","building:levels":"3","building:part":"yes","height":"21"},"geometry":{"type":"Polygon","coordinates":[[[121.0270073,14.5534835],[121.0267986,14.5532451],[121.026742,14.5532915],[121.0266839,14.5533392],[121.02656,14.5534408],[121.0264708,14.553514],[121.0264188,14.5535566],[121.0266274,14.553795],[121.0266794,14.5537523],[121.0267686,14.5536792],[121.0268925,14.5535776],[121.0269506,14.5535299],[121.0270073,14.5534835]]]}},
{"type":"Feature","properties":{"@id":"way/1071461655","building:levels":"45","building:part":"yes","height":"224"},"geometry":{"type":"Polygon","coordinates":[[[121.0205192,14.5569467],[121.0208651,14.5567134],[121.0208826,14.5566027],[121.0206421,14.556255],[121.02024,14.5565205],[121.0205192,14.5569467]]]}},
{"type":"Feature","properties":{"@id":"way/1071461656","building":"construction","building:levels":"5","construction":"office","height":"27.5","name":"BPI Headquarters"},"geometry":{"type":"Polygon","coordinates":[[[121.020521,14.5569506],[121.0208758,14.5567194],[121.0208953,14.5566058],[121.020461,14.5560001],[121.0203545,14.5559767],[121.0200116,14.5561941],[121.020521,14.5569506]]]}},
{"type":"Feature","properties":{"@id":"way/1071895620","building:colour":"dodgerblue","building:levels":"33","building:material":"glass","building:part":"yes","height":"155"},"geometry":{"type":"Polygon","coordinates":[[[121.0267381,14.5577747],[121.026862,14.5578527],[121.0266224,14.5582735],[121.0264305,14.5581649],[121.026443,14.558149],[121.0267381,14.5577747]]]}},
{"type":"Feature","properties":{"@id":"way/1076357251","footway":"crossing","highway":"footway"},"geometry":{"type":"LineString","coordinates":[[121.022911,14.5558536],[121.0228575,14.5557843],[121.0227797,14.5556792],[121.0227402,14.5556245],[121.0227048,14.5555691]]}},
{"type":"Feature","properties":{"@id":"way/1076360323","foot":"no","highway":"residential","lanes":"4","lit":"yes","motor_vehicle:conditional":"no @ (Su 06:00-10:00)","name":"Santo Tomas Street","ownership":"private","parking:lane:right":"marked","surface":"asphalt"},"geometry":{"type":"LineString","coordinates":[[121.0252311,14.5562283],[121.0251235,14.5562838]]}},
{"type":"Feature","properties":{"@id":"way/1076360324","highway":"secondary","lanes":"3","lit":"yes","motor_vehicle:conditional":"no @ (Su 06:00-10:00)","name":"Makati Avenue","name:es":"Avenida de Macati","name:fil":"Abenida Makati","name:tl":"Abenida Makati","oneway":"yes","ownership":"private","sidewalk":"right","surface":"asphalt"},"geometry":{"type":"LineString","coordinates":[[121.0252311,14.5562283],[121.0252976,14.5563568]]}},
{"type":"Feature","properties":{"@id":"way/1076365915","bridge":"yes","foot":"yes","handrail":"yes","highway":"steps","incline":"up","layer":"1"},"geometry":{"type":"LineString","coordinates":[[121.0230362,14.5541985],[121.0229864,14.5541596]]}},
{"type":"Feature","properties":{"@id":"way/1076365916","highway":"steps"},"geometry":{"type":"LineString","coordinates":[[121.0229307,14.5538021],[121.022986,14.5538939]]}},
{"type":"Feature","properties":{"@id":"way/1076365917","bridge":"yes","highway":"steps","layer":"1"},"geometry":{"type":"LineString","coordinates":[[121.0206043,14.5557518],[121.0206311,14.5557898]]}},
{"type":"Feature","properties":{"@id":"way/1076365918","bridge":"yes","handrail":"yes","highway":"steps","incline":"up","layer":"1"},"geometry":{"type":"LineString","coordinates":[[121.0223048,14.55463],[121.0223587,14.5545935]]}},
{"type":"Feature","properties":{"@id":"way/1076374161","bridge":"yes","handrail":"yes","highway":"steps","incline":"down","layer":"1"},"geometry":{"type":"LineString","coordinates":[[121.0203981,14.5558916],[121.0204352,14.5559418]]}},
{"type":"Feature","properties":{"@id":"way/1077984499","highway":"service","oneway":"yes","service":"driveway"},"geometry":{"type":"LineString","coordinates":[[121.0266624,14.5584104],[121.0266967,14.5583041]]}},
{"type":"Feature","properties":{"@id":"way/1082931885","highway":"service","oneway":"yes","service":"driveway"},"geometry":{"type":"LineString","coordinates":[[121.0245642,14.5555282],[121.0245705,14.5555672],[121.0245679,14.5556039]]}},
{"type":"Feature","properties":{"@id":"way/1118168637","highway":"service"},"geometry":{"type":"LineString","coordinates":[[121.0244961,14.5585234],[121.0249386,14.5586439]]}},
{"type":"Feature","properties":{"@id":"way/1118596452","landuse":"retail"},"geometry":{"type":"Polygon","coordinates":[[[121.0234785,14.5566644],[121.0244544,14.5562442],[121.0243107,14.5560357],[121.0234254,14.5565752],[121.0234785,14.5566644]]]}},
{"type":"Feature","properties":{"@id":"way/1152553328","layer":"1","leisure":"pitch","sport":"tennis"},"geometry":{"type":"Polygon","coordinates":[[[121.0250089,14.5536092],[121.0251735,14.5535191],[121.0251259,14.5534377],[121.0249614,14.5535278],[121.0250089,14.5536092]]]}},
{"type":"Feature","properties":{"@id":"way/1154417363","access":"private","highway":"residential","lit":"yes","name":"Fonda Street","name:es":"Calle Fonda","name:fil":"Kale Fonda","name:tl":"Kalye Fonda","sidewalk":"both","surface":"asphalt"},"geometry":{"type":"LineString","coordinates":[[121.0263572,14.554567],[121.0263165,14.5545192]]}},
{"type":"Feature","properties":{"@id":"way/1176164150","highway":"residential","lit":"yes","name":"Fonda Street","sidewalk":"both","surface":"asphalt"},"geometry":{"type":"LineString","coordinates":[[121.026313,14.554514],[121.0263019,14.5544983]]}},
{"type":"Feature","properties":{"@id":"way/1233982835","highway":"service","oneway":"yes","service":"driveway"},"geometry":{"type":"LineString","coordinates":[[121.0245466,14.5554652],[121.0245891,14.5554394],[121.0246679,14.5553965]]}},
{"type":"Feature","properties":{"@id":"way/1233983939","access":"destination","highway":"service","maxheight":"2.4 m","oneway":"yes","service":"driveway"},"geometry":{"type":"LineString","coordinates":[[121.0228559,14.5559231],[121.0225737,14.5561004],[121.0225237,14.5560999]]}},
{"type":"Feature","properties":{"@id":"way/1233983940","access":"destination","highway":"service","maxheight":"2.4 m","oneway":"yes","service":"driveway"},"geometry":{"type":"LineString","coordinates":[[121.0225237,14.5560999],[121.0224252,14.5560634]]}},
{"type":"Feature","properties":{"@id":"way/1237901171","aeroway":"helipad","layer":"1"},"geometry":{"type":"LineString","coordinates":[[121.0254288,14.557648],[121.0254407,14.5576226],[121.02546,14.5576019],[121.025485,14.5575881],[121.0255132,14.5575824],[121.0255418,14.5575854],[121.0255681,14.5575968],[121.0255894,14.5576155],[121.0256038,14.5576397],[121.0256097,14.557667],[121.0256065,14.5576948],[121.0255947,14.5577202],[121.0255754,14.5577408],[121.0255504,14.5577547],[121.0255222,14.5577604],[121.0254936,14.5577574],[121.0254673,14.557746],[121.0254459,14.5577272],[121.0254316,14.557703],[121.0254257,14.5576757],[121.0254288,14.557648]]}},
{"type":"Feature","properties":{"@id":"way/1237901227","aeroway":"helipad","layer":"1"},"geometry":{"type":"LineString","coordinates":[[121.025229,14.555442],[121.0250902,14.5555088],[121.0251619,14.5556484],[121.0253008,14.5555815],[121.025229,14.555442]]}},
{"type":"Feature","properties":{"@id":"way/1271369492","access":"private","highway":"footway"},"geometry":{"type":"LineString","coordinates":[[121.026973,14.558292],[121.0270838,14.5583574],[121.0273088,14.5579742]]}},
{"type":"Feature","properties":{"@id":"way/1271369493","highway":"service","lanes":"1","oneway":"yes","service":"driveway"},"geometry":{"type":"LineString","coordinates":[[121.0269888,14.5577923],[121.0270307,14.5577178]]}},
{"type":"Feature","properties":{"@id":"way/1271369494","access":"destination","highway":"service","lanes":"1","oneway":"yes","service":"driveway"},"geometry":{"type":"LineString","coordinates":[[121.0270465,14.5578266],[121.0270222,14.5578881]]}},
{"type":"Feature","properties":{"@id":"way/1271369495","highway":"service","lanes":"1","oneway":"yes","service":"driveway"},"geometry":{"type":"LineString","coordinates":[[121.0270839,14.5577367],[121.0270465,14.5578266]]}},
{"type":"Feature","properties":{"@id":"way/1271369496","access":"destination","highway":"service","lanes":"1","oneway":"yes","service":"driveway"},"geometry":{"type":"LineString","coordinates":[[121.0269478,14.5578628],[121.0269888,14.5577923]]}},
{"type":"Feature","properties":{"@id":"way/1271370292","footway":"sidewalk","highway":"footway"},"geometry":{"type":"LineString","coordinates":[[121.0265332,14.558309],[121.026609,14.5583204]]}},
{"type":"Feature","properties":{"@id":"way/1271370293","access":"permissive","highway":"footway"},"geometry":{"type":"LineString","coordinates":[[121.026609,14.5583204],[121.0269735,14.5576901]]}},
{"type":"Feature","properties":{"@id":"way/1271370294","access":"destination","highway":"service","service":"driveway"},"geometry":{"type":"LineString","coordinates":[[121.0271078,14.5579156],[121.0273088,14.5579742]]}},
{"type":"Feature","properties":{"@id":"way/1271370295","access":"private","highway":"service","service":"driveway"},"geometry":{"type":"LineString","coordinates":[[121.0269478,14.5578628],[121.0270222,14.5578881]]}},
{"type":"Feature","properties":{"@id":"way/1271370296","access":"destination","highway":"service","service":"driveway"},"geometry":{"type":"LineString","coordinates":[[121.0270716,14.557904],[121.026943,14.5582737]]}},
{"type":"Feature","properties":{"@id":"way/1271378383","access":"private","highway":"service","service":"driveway"},"geometry":{"type":"LineString","coordinates":[[121.02563,14.558405],[121.025614,14.5584592]]}},
{"type":"Feature","properties":{"@id":"way/1271378384","access":"private","highway":"service","service":"driveway"},"geometry":{"type":"LineString","coordinates":[[121.0256927,14.5583561],[121.0256765,14.5584109]]}},
{"type":"Feature","properties":{"@id":"way/1271653815","access":"private","highway":"service","service":"driveway"},"geometry":{"type":"LineString","coordinates":[[121.0261893,14.5542183],[121.026454,14.5540112]]}},
{"type":"Feature","properties":{"@id":"way/1271653816","highway":"service","service":"driveway"},"geometry":{"type":"LineString","coordinates":[[121.026119,14.5542733],[121.0261893,14.5542183]]}},
{"type":"Feature","properties":{"@id":"way/1271657005","access":"permissive","highway":"service","service":"driveway"},"geometry":{"type":"LineString","coordinates":[[121.0219735,14.5537391],[121.0219856,14.5536889]]}},
{"type":"Feature","properties":{"@id":"way/1271659030","highway":"service","incline":"up","service":"driveway"},"geometry":{"type":"LineString","coordinates":[[121.0208333,14.555522],[121.0207331,14.5553649]]}},
{"type":"Feature","properties":{"@id":"way/1271659031","highway":"service","incline":"up","service":"driveway"},"geometry":{"type":"LineString","coordinates":[[121.0205725,14.5550771],[121.0205484,14.5550283]]}},
{"type":"Feature","properties":{"@id":"way/1271659032","access":"private","highway":"service","incline":"up","service":"driveway"},"geometry":{"type":"LineString","coordinates":[[121.0205748,14.5550817],[121.0205725,14.5550771]]}},
{"type":"Feature","properties":{"@id":"way/1271659033","highway":"service","incline":"up","service":"driveway"},"geometry":{"type":"LineString","coordinates":[[121.0206007,14.5551505],[121.0205255,14.5550315]]}},
{"type":"Feature","properties":{"@id":"way/1296741771","highway":"secondary","lanes":"3","lit":"yes","motor_vehicle:conditional":"no @ (Su 06:00-10:00)","name":"Makati Avenue","name:es":"Avenida de Macati","name:fil":"Abenida Makati","name:tl":"Abenida Makati","oneway":"yes","ownership":"private","sidewalk:right":"separate","surface":"asphalt"},"geometry":{"type":"LineString","coordinates":[[121.0251881,14.5564101],[121.0251235,14.5562838]]}},
{"type":"Feature","properties":{"@id":"way/1296741772","highway":"secondary","lanes":"3","lit":"yes","motor_vehicle:conditional":"no @ (Su 06:00-10:00)","name":"Makati Avenue","name:es":"Avenida de Macati","name:fil":"Abenida Makati","name:tl":"Abenida Makati","oneway":"yes","ownership":"private","sidewalk":"right","surface":"asphalt"},"geometry":{"type":"LineString","coordinates":[[121.0252976,14.5563568],[121.0253777,14.5565115],[121.0258512,14.5574264]]}},
{"type":"Feature","properties":{"@id":"way/1296741773","footway":"crossing","highway":"footway"},"geometry":{"type":"LineString","coordinates":[[121.0251143,14.5564461],[121.0251881,14.5564101]]}},
{"type":"Feature","properties":{"@id":"way/1302358560","foot":"yes","highway":"steps","layer":"-1","tunnel":"yes"},"geometry":{"type":"LineString","coordinates":[[121.0228294,14.5574818],[121.0228388,14.5574787]]}},
{"type":"Feature","properties":{"@id":"way/1302358561","handrail":"yes","highway":"steps","incline":"up","start_date":"2005-12-07"},"geometry":{"type":"LineString","coordinates":[[121.0237181,14.5548224],[121.0236641,14.5547632]]}},
{"type":"Feature","properties":{"@id":"way/1302358562","foot":"yes","highway":"steps","start_date":"2005-12-07"},"geometry":{"type":"LineString","coordinates":[[121.0241518,14.5545604],[121.0241615,14.5545827]]}},
{"type":"Feature","properties":{"@id":"way/1339181157","highway":"footway","layer":"-1"},"geometry":{"type":"LineString","coordinates":[[121.0257315,14.55633],[121.0257823,14.5563039]]}},
{"type":"Feature","properties":{"@id":"way/1339371710","highway":"steps","incline":"down"},"geometry":{"type":"LineString","coordinates":[[121.0257982,14.5562963],[121.0257823,14.5563039]]}},
{"type":"Feature","properties":{"@id":"way/1339371711","highway":"footway"},"geometry":{"type":"LineString","coordinates":[[121.0253777,14.5565115],[121.0255135,14.5564418]]}},
{"type":"Feature","properties":{"@id":"way/1339371712","highway":"footway"},"geometry":{"type":"LineString","coordinates":[[121.0258036,14.5563063],[121.0257982,14.5562963]]}},
{"type":"Feature","properties":{"@id":"way/1339371713","highway":"steps","incline":"down"},"geometry":{"type":"LineString","coordinates":[[121.0257871,14.5563139],[121.0258036,14.5563063]]}},
{"type":"Feature","properties":{"@id":"way/1339371714","highway":"steps","incline":"up"},"geometry":{"type":"LineString","coordinates":[[121.0255135,14.5564418],[121.0255788,14.5564136]]}},
{"type":"Feature","properties":{"@id":"way/1339371715","highway":"footway"},"geometry":{"type":"LineString","coordinates":[[121.0255788,14.5564136],[121.0257871,14.5563139]]}},
{"type":"Feature","properties":{"@id":"way/1410870529","highway":"service"},"geometry":{"type":"LineString","coordinates":[[121.0217593,14.5578828],[121.0218526,14.5579037],[121.0218873,14.5579114]]}},
{"type":"Feature","properties":{"@id":"way/1413315085","highway":"footway"},"geometry":{"type":"LineString","coordinates":[[121.0244381,14.5545467],[121.0242172,14.5541394],[121.0239751,14.5536909],[121.0238349,14.553441],[121.0238065,14.5533853]]}},
{"type":"Feature","properties":{"@id":"way/1413315086","highway":"footway"},"geometry":{"type":"LineString","coordinates":[[121.0241468,14.554549],[121.0239623,14.5541816],[121.0238675,14.5539901],[121.023666,14.5536055],[121.0236396,14.5535604],[121.0235986,14.5534984],[121.0235069,14.5533544],[121.0234038,14.5531616],[121.0233247,14.5529844],[121.0232241,14.5528001],[121.0230956,14.5525396]]}},
{"type":"Feature","properties":{"@id":"way/1426393592","highway":"service"},"geometry":{"type":"LineString","coordinates":[[121.0252766,14.5593011],[121.0253021,14.5592167],[121.0253195,14.5591531]]}},
{"type":"Feature","properties":{"@id":"way/1431914255","highway":"service","service":"driveway"},"geometry":{"type":"LineString","coordinates":[[121.0229077,14.5586061],[121.02289,14.5586409],[121.022867,14.5586557],[121.0228277,14.5586572],[121.0227508,14.5586352],[121.0226771,14.5586143],[121.0226057,14.5585936],[121.0225678,14.5585804],[121.022545,14.5585417],[121.0225578,14.5585028]]}},
{"type":"Feature","properties":{"@id":"way/1434517847","highway":"service","oneway":"yes","service":"driveway"},"geometry":{"type":"LineString","coordinates":[[121.0210815,14.5536503],[121.0210855,14.5536943],[121.0210388,14.5537269],[121.0207,14.5537679],[121.0206439,14.5537517],[121.0206375,14.5537001]]}},
{"type":"Feature","properties":{"@id":"way/1457957267","highway":"footway","surface":"asphalt"},"geometry":{"type":"LineString","coordinates":[[121.0223305,14.5544876],[121.0223633,14.5545349],[121.0223972,14.554584],[121.0224437,14.5545546],[121.0224889,14.5545265]]}},
{"type":"Feature","properties":{"@id":"way/1502861169","covered":"yes","highway":"footway","level":"0","surface":"tiles"},"geometry":{"type":"LineString","coordinates":[[121.0226266,14.5564552],[121.0226298,14.5564533],[121.0227585,14.5563691]]}},
{"type":"Feature","properties":{"@id":"way/1502861170","covered":"yes","highway":"footway","level":"0","surface":"tiles"},"geometry":{"type":"LineString","coordinates":[[121.0228021,14.5564324],[121.0226718,14.5565139],[121.0226687,14.5565158]]}},
{"type":"Feature","properties":{"@id":"way/1502861171","area":"yes","information":"visitor_centre","noname":"yes","tourism":"information"},"geometry":{"type":"Polygon","coordinates":[[[121.0225787,14.5565414],[121.0225562,14.5565093],[121.0225135,14.5565374],[121.022536,14.5565694],[121.0225787,14.5565414]]]}},
{"type":"Feature","properties":{"@id":"way/1502861172","access":"permissive","highway":"corridor","indoor":"yes","level":"0","surface":"tiles"},"geometry":{"type":"LineString","coordinates":[[121.0224098,14.5565941],[121.0224623,14.5565601],[121.0225811,14.5564851],[121.0226224,14.556545],[121.0226715,14.5566162]]}},
{"type":"Feature","properties":{"@id":"way/1502861173","access":"permissive","highway":"corridor","indoor":"yes","level":"0","surface":"tiles"},"geometry":{"type":"LineString","coordinates":[[121.0226266,14.5564552],[121.0225811,14.5564851]]}},
{"type":"Feature","properties":{"@id":"way/1502861174","access":"permissive","highway":"corridor","indoor":"yes","level":"0","surface":"tiles"},"geometry":{"type":"LineString","coordinates":[[121.0226687,14.5565158],[121.0226224,14.556545]]}},
{"type":"Feature","properties":{"@id":"way/1502861175","elevator":"yes","indoor":"room","level":"0-10","level:ref":"G-11","room":"elevator"},"geometry":{"type":"Polygon","coordinates":[[[121.0223207,14.5566446],[121.0223031,14.5566187],[121.0223258,14.5566042],[121.0223442,14.5566303],[121.0223318,14.5566379],[121.0223207,14.5566446]]]}},
{"type":"Feature","properties":{"@id":"way/1502861176","elevator":"yes","indoor":"room","level":"0-10","level:ref":"G-11","room":"elevator"},"geometry":{"type":"Polygon","coordinates":[[[121.0223627,14.5565812],[121.0223813,14.5566077],[121.0223714,14.556614],[121.0223628,14.5566195],[121.0223444,14.5565923],[121.0223627,14.5565812]]]}},
{"type":"Feature","properties":{"@id":"way/1502861177","elevator":"yes","indoor":"room","level":"0-10","level:ref":"G-11","room":"elevator"},"geometry":{"type":"Polygon","coordinates":[[[121.0223628,14.5566195],[121.0223532,14.556625],[121.0223442,14.5566303],[121.0223258,14.5566042],[121.0223444,14.5565923],[121.0223628,14.5566195]]]}},
{"type":"Feature","properties":{"@id":"way/1502861178","access":"permissive","highway":"corridor","indoor":"yes","level":"0","surface":"tiles"},"geometry":{"type":"LineString","coordinates":[[121.0223318,14.5566379],[121.0223353,14.5566426]]}},
{"type":"Feature","properties":{"@id":"way/1502861179","access":"permissive","highway":"corridor","indoor":"yes","level":"0","surface":"tiles"},"geometry":{"type":"LineString","coordinates":[[121.0223564,14.5566291],[121.0223532,14.556625]]}},
{"type":"Feature","properties":{"@id":"way/1502861180","access":"permissive","highway":"corridor","indoor":"yes","level":"0","surface":"tiles"},"geometry":{"type":"LineString","coordinates":[[121.0223714,14.556614],[121.0223741,14.5566172]]}},
{"type":"Feature","properties":{"@id":"way/1502861181","addr:floor":"6/F","addr:unit":"610;611","alt_name":"China Mobile International","branch":"Philippines Office","brand":"中國移動 China Mobile","brand:en":"China Mobile","brand:wikidata":"Q741618","brand:wikipedia":"zh:中国移动","brand:zh":"中國移動","brand:zh-Hans":"中国移动","brand:zh-Hant":"中國移動","indoor":"area","level":"5","level:ref":"6","name":"中國移動 China Mobile","name:zh":"中國移動","name:zh-Hans":"中国移动","name:zh-Hant":"中國移動","office":"telecommunication","short_name":"CMI"},"geometry":{"type":"Polygon","coordinates":[[[121.0222736,14.5565745],[121.0222593,14.5565542],[121.022252,14.5565433],[121.022291,14.5565185],[121.0223213,14.5564992],[121.0223286,14.5565102],[121.0223353,14.5565201],[121.0223381,14.5565244],[121.0223426,14.5565311],[121.0223137,14.5565495],[121.0222908,14.5565641],[121.0222736,14.5565745]]]}},
{"type":"Feature","properties":{"@id":"way/1502861182","highway":"corridor","indoor":"yes","level":"5"},"geometry":{"type":"LineString","coordinates":[[121.0223247,14.5566492],[121.0224602,14.5566921]]}},
{"type":"Feature","properties":{"@id":"way/1502861183","access":"permissive","highway":"corridor","indoor":"yes","level":"0;1;2;3;4;5;6;7;8;9;10","surface":"tiles"},"geometry":{"type":"LineString","coordinates":[[121.0223247,14.5566492],[121.0223353,14.5566426],[121.0223564,14.5566291],[121.0223741,14.5566172],[121.022403,14.5565985],[121.0224098,14.5565941]]}},
{"type":"Feature","properties":{"@id":"way/1502861184","highway":"corridor","indoor":"yes","level":"5"},"geometry":{"type":"LineString","coordinates":[[121.0224098,14.5565941],[121.0223514,14.5565156],[121.0223197,14.5564735]]}},
{"type":"Feature","properties":{"@id":"way/1502861185","highway":"corridor","indoor":"yes","level":"5"},"geometry":{"type":"LineString","coordinates":[[121.0223381,14.5565244],[121.0223514,14.5565156]]}},
{"type":"Feature","properties":{"@id":"way/1502861186","indoor":"room","level":"5","room":"waiting"},"geometry":{"type":"Polygon","coordinates":[[[121.0223426,14.5565311],[121.0223381,14.5565244],[121.0223353,14.5565201],[121.02231,14.5565367],[121.0223065,14.556539],[121.0223137,14.5565495],[121.0223426,14.5565311]]]}},
{"type":"Feature","properties":{"@id":"way/1502861187","indoor":"room","name":"Meeting Room","room":"conference"},"geometry":{"type":"Polygon","coordinates":[[[121.0223065,14.556539],[121.0223014,14.5565423],[121.0222834,14.5565537],[121.0222908,14.5565641],[121.0223137,14.5565495],[121.0223065,14.556539]]]}},
{"type":"Feature","properties":{"@id":"way/1502861188","indoor":"room","level":"5","name":"Manager Room","room":"office"},"geometry":{"type":"Polygon","coordinates":[[[121.0222908,14.5565641],[121.0222736,14.5565745],[121.0222593,14.5565542],[121.0222765,14.5565436],[121.0222794,14.5565478],[121.0222834,14.5565537],[121.0222908,14.5565641]]]}},
{"type":"Feature","properties":{"@id":"way/1502861189","indoor":"room","level":"5","name":"Server Room","room":"office"},"geometry":{"type":"Polygon","coordinates":[[[121.0222765,14.5565436],[121.0222593,14.5565542],[121.022252,14.5565433],[121.022291,14.5565185],[121.0222983,14.5565297],[121.0222765,14.5565436]]]}},
{"type":"Feature","properties":{"@id":"way/1502861190","indoor":"room","level":"5","name":"Storage Room","room":"office"},"geometry":{"type":"Polygon","coordinates":[[[121.0222983,14.5565297],[121.022291,14.5565185],[121.0223213,14.5564992],[121.0223286,14.5565102],[121.0222983,14.5565297]]]}},
{"type":"Feature","properties":{"@id":"way/1512317829","landuse":"construction"},"geometry":{"type":"Polygon","coordinates":[[[121.026669,14.5602459],[121.0263591,14.5595726],[121.0261434,14.559279],[121.0264965,14.5591111],[121.0269893,14.560098],[121.026669,14.5602459]]]}},
{"type":"Feature","properties":{"@id":"way/1512317830","building":"yes","building:levels":"1","layer":"1"},"geometry":{"type":"Polygon","coordinates":[[[121.0249107,14.5580482],[121.0249002,14.5580809],[121.024991,14.5581083],[121.0250015,14.5580756],[121.0249107,14.5580482]]]}},
{"type":"Feature","properties":{"@id":"way/1512317831","handrail":"yes","highway":"steps","layer":"-1","tunnel":"yes"},"geometry":{"type":"LineString","coordinates":[[121.0249099,14.5580656],[121.0250245,14.5580992]]}},
{"type":"Feature","properties":{"@id":"way/1512317832","building":"yes","building:levels":"1","layer":"1"},"geometry":{"type":"Polygon","coordinates":[[[121.025218,14.5581444],[121.0252075,14.558177],[121.0252984,14.5582044],[121.0253089,14.5581717],[121.025218,14.5581444]]]}},
{"type":"Feature","properties":{"@id":"way/1512317833","handrail":"yes","highway":"steps","layer":"-1","tunnel":"yes"},"geometry":{"type":"LineString","coordinates":[[121.0251917,14.5581528],[121.0252996,14.5581856]]}},
{"type":"Feature","properties":{"@id":"way/1512317834","highway":"footway","layer":"-1","tunnel":"yes"},"geometry":{"type":"LineString","coordinates":[[121.0250245,14.5580992],[121.0251091,14.5581263],[121.0251917,14.5581528]]}},
{"type":"Feature","properties":{"@id":"way/1512317835","highway":"footway"},"geometry":{"type":"LineString","coordinates":[[121.0253813,14.5582097],[121.0253033,14.5582379],[121.0250858,14.5581703],[121.0250026,14.5581454],[121.0249839,14.5581204],[121.0249659,14.5581152],[121.0248896,14.5580915],[121.0248645,14.5580529]]}},
{"type":"Feature","properties":{"@id":"way/1512317836","highway":"footway","layer":"-1","tunnel":"yes"},"geometry":{"type":"LineString","coordinates":[[121.0251091,14.5581263],[121.0251783,14.5579362],[121.0252619,14.5578994],[121.0254182,14.5579501],[121.0254084,14.5579744]]}},
{"type":"Feature","properties":{"@id":"way/1512317837","building":"yes","building:levels":"1","layer":"1"},"geometry":{"type":"Polygon","coordinates":[[[121.0252903,14.5579203],[121.0252793,14.5579528],[121.0254129,14.5579951],[121.0254239,14.5579625],[121.0252903,14.5579203]]]}},
{"type":"Feature","properties":{"@id":"way/1512317838","highway":"steps","layer":"-1","tunnel":"yes"},"geometry":{"type":"LineString","coordinates":[[121.0254084,14.5579744],[121.025291,14.5579396]]}},
{"type":"Feature","properties":{"@id":"way/1512317839","highway":"footway"},"geometry":{"type":"LineString","coordinates":[[121.025291,14.5579396],[121.0252652,14.5579317],[121.0252301,14.5578672]]}},
{"type":"Feature","properties":{"@id":"way/1512317840","footway":"sidewalk","highway":"footway"},"geometry":{"type":"LineString","coordinates":[[121.0252996,14.5581856],[121.0253813,14.5582097],[121.0256639,14.5582903],[121.0257085,14.5583025],[121.0259018,14.5583577]]}},
{"type":"Feature","properties":{"@id":"way/1512317841","footway":"crossing","highway":"footway"},"geometry":{"type":"LineString","coordinates":[[121.0259018,14.5583577],[121.0259199,14.5582976]]}},
{"type":"Feature","properties":{"@id":"way/1512317842","footway":"sidewalk","highway":"footway"},"geometry":{"type":"LineString","coordinates":[[121.0229399,14.5574858],[121.0235704,14.5576771],[121.0244367,14.557922],[121.0248645,14.5580529],[121.0249099,14.5580656]]}},
{"type":"Feature","properties":{"@id":"way/1530829282","addr:floor":"29th Floor","addr:housename":"Philamlife Tower","alt_name":"Isla Lipana & Co.","branch":"Manila","brand":"PwC","brand:wikidata":"Q488048","indoor":"room","level":"28","level:ref":"29","name":"PwC","office":"consulting","official_name":"PricewaterhouseCoopers","room":"office"},"geometry":{"type":"Polygon","coordinates":[[[121.0220118,14.5576932],[121.0214042,14.5575141],[121.0215191,14.5571488],[121.0221267,14.5573279],[121.0220118,14.5576932]]]}},
{"type":"Feature","properties":{"@id":"way/1542789799","highway":"service","service":"driveway"},"geometry":{"type":"LineString","coordinates":[[121.0273696,14.5587085],[121.0272971,14.5587545],[121.0271123,14.5587039],[121.0271116,14.5586368]]}},
{"type":"Feature","properties":{"@id":"way/1545339633","highway":"service","oneway":"yes","service":"driveway"},"geometry":{"type":"LineString","coordinates":[[121.0249436,14.5578969],[121.0249852,14.557844],[121.0250307,14.557822],[121.0251407,14.5578583],[121.0251573,14.557958]]}},
{"type":"Feature","properties":{"@id":"way/1547891145","footway":"sidewalk","highway":"footway"},"geometry":{"type":"LineString","coordinates":[[121.0210754,14.5570231],[121.0211114,14.5570672],[121.0211711,14.5570413],[121.0212397,14.557025],[121.0213391,14.5570286],[121.022518,14.5573865]]}},
{"type":"Feature","properties":{"@id":"way/1547978465","footway":"sidewalk","highway":"footway"},"geometry":{"type":"LineString","coordinates":[[121.0224895,14.5583574],[121.0225633,14.558137],[121.0227428,14.5575604],[121.0227721,14.5575281],[121.0228179,14.5575045],[121.0229095,14.5574887]]}},
{"type":"Feature","properties":{"@id":"way/1547978586","footway":"sidewalk","highway":"footway"},"geometry":{"type":"LineString","coordinates":[[121.022518,14.5573865],[121.0225828,14.5574991],[121.0225899,14.5575479],[121.0225834,14.5576029],[121.0223692,14.5582972],[121.0223506,14.558317]]}},
{"type":"Feature","properties":{"@id":"way/1548308766","footway":"sidewalk","highway":"footway"},"geometry":{"type":"LineString","coordinates":[[121.0223215,14.5589094],[121.0224405,14.5585183]]}},
{"type":"Feature","properties":{"@id":"way/1548308767","footway":"sidewalk","highway":"footway"},"geometry":{"type":"LineString","coordinates":[[121.0246701,14.5591792],[121.02289,14.5586409],[121.022545,14.5585417],[121.0224405,14.5585183]]}},
{"type":"Feature","properties":{"@id":"way/1548309130","foot":"yes","highway":"steps"},"geometry":{"type":"LineString","coordinates":[[121.022518,14.5573865],[121.0226392,14.5574228]]}},
{"type":"Feature","properties":{"@id":"relation/12227978","landuse":"commercial","type":"multipolygon"},"geometry":{"type":"MultiPolygon","coordinates":[[[[121.0261607,14.5532744],[121.0256575,14.5536707],[121.0254779,14.5534566],[121.0254825,14.5534429],[121.0254863,14.5534187],[121.0254851,14.5533956],[121.0254767,14.5533666],[121.0254645,14.5533452],[121.0254506,14.553329],[121.0254316,14.5533138],[121.0254106,14.5533029],[121.0253845,14.5532956],[121.0253526,14.5532942],[121.0251792,14.5530645],[121.0256747,14.5526977],[121.0261607,14.5532744]]]]}},
{"type":"Feature","properties":{"@id":"relation/12227979","addr:city":"Makati","addr:street":"Ayala Avenue","addr:street:corner":"Makati Avenue","name":"Makati Shangri-La","tourism":"hotel","type":"multipolygon","website":"https://www.shangri-la.com/en/manila/makatishangrila/"},"geometry":{"type":"MultiPolygon","coordinates":[[[[121.0238587,14.5534001],[121.0238159,14.5533142],[121.0246456,14.5529015],[121.0246812,14.5529368],[121.0247126,14.5529599],[121.0248304,14.5530076],[121.0249581,14.5530518],[121.0250355,14.5530693],[121.0252574,14.553346],[121.0252449,14.5533737],[121.0252404,14.5533991],[121.0252442,14.5534362],[121.0252566,14.5534649],[121.0252729,14.5534861],[121.0252928,14.5535027],[121.0253227,14.553517],[121.0253575,14.553523],[121.0254027,14.5535158],[121.0255788,14.55373],[121.0244207,14.5544891],[121.0238587,14.5534001]]]]}},
{"type":"Feature","properties":{"@id":"relation/12227982","landuse":"retail","name":"Greenbelt","type":"multipolygon","wikidata":"Q5603686"},"geometry":{"type":"MultiPolygon","coordinates":[[[[121.0236223,14.5535217],[121.0235678,14.5535515],[121.0232694,14.5537197],[121.0231378,14.5538145],[121.0230494,14.5539066],[121.0229828,14.5539625],[121.0229464,14.5539764],[121.0229132,14.5539803],[121.0228868,14.5539772],[121.0228423,14.5539688],[121.0226048,14.5538586],[121.0224746,14.5537983],[121.0223445,14.5537448],[121.0220628,14.5536583],[121.0219222,14.5536216],[121.0217712,14.5535969],[121.0216406,14.5535786],[121.021513,14.5535717],[121.0211574,14.5535781],[121.020858,14.5536062],[121.0205778,14.5536435],[121.0202806,14.5536831],[121.020007,14.5537306],[121.0197454,14.5537771],[121.019546,14.5538161],[121.0193866,14.5524759],[121.0193154,14.5517968],[121.0225479,14.5514474],[121.0236223,14.5535217]]]]}},
{"type":"Feature","properties":{"@id":"relation/12227983","name":"Ayala Center Makati","place":"neighbourhood","type":"multipolygon"},"geometry":{"type":"MultiPolygon","coordinates":[[[[121.0236223,14.5535217],[121.0235678,14.5535515],[121.0232694,14.5537197],[121.0231378,14.5538145],[121.0230494,14.5539066],[121.0229828,14.5539625],[121.0229464,14.5539764],[121.0229132,14.5539803],[121.0228868,14.5539772],[121.0228423,14.5539688],[121.0226048,14.5538586],[121.0224746,14.5537983],[121.0223445,14.5537448],[121.0220628,14.5536583],[121.0219222,14.5536216],[121.0217712,14.5535969],[121.0216406,14.5535786],[121.021513,14.5535717],[121.0211574,14.5535781],[121.020858,14.5536062],[121.0205778,14.5536435],[121.0202806,14.5536831],[121.020007,14.5537306],[121.0197454,14.5537771],[121.019546,14.5538161],[121.0193866,14.5524759],[121.0193154,14.5517968],[121.0192985,14.5516315],[121.0192521,14.5511753],[121.0192574,14.5511104],[121.0193033,14.5510543],[121.0193815,14.5510405],[121.0207668,14.5509103],[121.0209277,14.5509008],[121.0220011,14.5507943],[121.0222057,14.5507559],[121.0223669,14.5507066],[121.0225315,14.550631],[121.022678,14.5505615],[121.0227859,14.5504989],[121.0232465,14.5502459],[121.0234274,14.550139],[121.0240765,14.5496815],[121.0242952,14.5495178],[121.0248562,14.5490067],[121.0249265,14.5489333],[121.0252737,14.548571],[121.0254043,14.5484348],[121.0260286,14.5477412],[121.0291044,14.5503615],[121.028403,14.5511241],[121.0278609,14.5516941],[121.0272894,14.5522806],[121.0268131,14.5527119],[121.026333,14.5531373],[121.0261607,14.5532744],[121.0256575,14.5536707],[121.0255788,14.55373],[121.0244207,14.5544891],[121.0238587,14.5534001],[121.0236223,14.5535217]]]]}}
]}
